{"index00_R": [1.0, -1.4901161193847656e-08, 1.4901161193847656e-08, 1.1175870895385742e-08], "foot_R": [0.9962068200111389, -0.0259423665702343, -0.0029539582319557667, -0.08300895243883133], "calf_R": [0.9906958937644958, -0.076245978474617, 0.10502465069293976, -0.04096471518278122], "hand_L": [0.991430938243866, -0.125617116689682, 0.024668896570801735, -0.026011213660240173], "calf_twist_R": [1.0, 9.313224635931761e-10, -2.5029294192790985e-09, 0.0], "lowerarm_twist_L": [0.9976548552513123, -0.06819462031126022, -0.00044753949623554945, -0.005853351671248674], "index01_R": [0.9864019751548767, 0.11666545271873474, -0.0657309889793396, 0.09528759121894836], "thumb02_L": [0.9921709895133972, 0.09020578116178513, -0.07480695098638535, -0.043168846517801285], "breast_L": [0.9873970746994019, 0.06969049572944641, 0.020517472177743912, 0.14060372114181519], "thumb02_R": [0.9921709895133972, 0.09020588546991348, 0.07480742782354355, 0.0431688092648983], "foot_L": [0.9964311122894287, 0.04969433695077896, 0.04516065493226051, 0.051147546619176865], "middle02_R": [0.9986017346382141, -0.05278274044394493, 0.001733993529342115, 0.0023641600273549557], "ring01_R": [0.9987636804580688, 0.04566799849271774, -0.010078221559524536, 0.016851846128702164], "thigh_R": [0.9920045137405396, 0.10296272486448288, 0.0050797974690794945, 0.0728013664484024], "pelvis": [1.0, -4.47035120032524e-08, -1.1573320080060512e-10, -5.82076470356796e-11], "pinky03_R": [0.9993467330932617, 0.0341794528067112, 0.00024094899708870798, -0.011741367168724537], "middle00_L": [1.0, -7.450580596923828e-09, 5.122274160385132e-09, -7.450580596923828e-09], "upperarm_twist_R": [0.9901629686355591, -0.03231372684240341, -0.12486826628446579, 0.05423302203416824], "upperarm_R": [0.9086419939994812, -0.13567161560058594, 0.03469167649745941, 0.39339566230773926], "thumb03_R": [0.9962331652641296, 0.082164466381073, -0.015257280319929123, 0.023147011175751686], "index00_L": [1.0, 0.0, 5.587935891782081e-09, 7.450580596923828e-09], "thigh_twist_R": [0.9995635747909546, -0.024993019178509712, -0.0005051468033343554, 0.015740567818284035], "middle01_R": [0.9967510104179382, 0.08010511845350266, -0.008074531331658363, -0.002358433324843645], "thumb01_R": [0.9864131212234497, -0.15435606241226196, -0.02164827100932598, -0.05191274359822273], "spine03": [0.9997578859329224, -7.466940843414704e-09, -0.021421192213892937, -0.0050392369739711285], "thigh_twist_L": [0.9995635747909546, -0.024994226172566414, 0.0005050617619417608, -0.015740519389510155], "index01_L": [0.9863803386688232, 0.11666291952133179, 0.06576088070869446, -0.09549399465322495], "pinky02_R": [0.9987574815750122, -0.04848681017756462, 0.00457184761762619, 0.010568585246801376], "middle01_L": [0.9967510104179382, 0.08010520786046982, 0.008074456825852394, 0.0023584559094160795], "index03_R": [0.9996955394744873, 0.00609975028783083, -0.011387012898921967, 0.021023210138082504], "middle00_R": [1.0, -2.9802322387695312e-08, 3.725290298461914e-09, -7.450580596923828e-09], "thumb01_L": [0.9864130020141602, -0.15435607731342316, 0.021647777408361435, 0.05191276967525482], "index03_L": [0.9996961951255798, 0.006095473188906908, 0.01129220612347126, -0.021045584231615067], "toes_L": [0.9995827078819275, 0.01671539433300495, -0.0005423008697107434, -0.023552417755126953], "ring03_R": [0.9990466833114624, 0.034495189785957336, -0.006691719871014357, 0.025904996320605278], "clavicle_L": [0.9807085990905762, -0.19547542929649353, 3.228784706266197e-08, -3.038856277726154e-08], "upperarm_L": [0.9022679328918457, -0.14179947972297668, 0.07211503386497498, -0.4007558226585388], "index02_R": [0.9965426325798035, -0.08247464150190353, -0.007449431344866753, 0.006725421641021967], "neck": [0.9884167909622192, -0.14767903089523315, -0.019254673272371292, 0.029196323826909065], "ring00_R": [1.0, -2.9802322387695312e-08, -4.842878098543224e-08, -7.450581485102248e-09], "calf_twist_L": [1.0, 7.450580596923828e-09, 1.5832483768463135e-08, 1.862645371275562e-09], "pinky00_L": [1.0, -1.862645593320167e-09, -7.916240107874728e-09, 8.881784197001252e-16], "ring00_L": [1.0, -4.190952029858863e-09, -7.392372936010361e-09, 7.450581485102248e-09], "middle02_L": [0.9986014366149902, -0.05209998041391373, -0.0018884212477132678, -0.008786210790276527], "toes_R": [0.9995827078819275, -0.01571926847100258, 0.0005542752332985401, -0.024227607995271683], "ring02_L": [0.9995277523994446, -0.020583081990480423, -0.0041890330612659454, 0.02242967113852501], "pinky03_L": [0.9993465542793274, 0.03314461559057236, -0.0005708995158784091, 0.014413304626941681], "spine02": [0.9943363666534424, -0.060793787240982056, -0.086659274995327, -0.009459626860916615], "pinky01_R": [0.9978703260421753, 0.061045579612255096, 0.012010152451694012, -0.01960141398012638], "clavicle_R": [0.9807085990905762, -0.19547542929649353, -1.519427783591709e-08, 3.798569903068483e-09], "pinky01_L": [0.9976056218147278, 0.06308634579181671, -0.01274167187511921, 0.02531471475958824], "middle03_L": [0.9997962117195129, -0.00910832080990076, 0.007786466274410486, -0.01624857448041439], "ring03_L": [0.9990473389625549, 0.034901730716228485, 0.006595052778720856, -0.0253542922437191], "root": [1.0, 3.725290298461914e-09, 0.0, -1.4210854715202004e-14], "pinky00_R": [1.0, -7.450580596923828e-09, -7.450580596923828e-09, -1.4901161193847656e-08], "lowerarm_R": [0.9326648116111755, -0.21537581086158752, 0.13680419325828552, 0.255018949508667], "pinky02_L": [0.9987580180168152, -0.04815995693206787, -0.003991053905338049, -0.012132768519222736], "index02_L": [0.9965419769287109, -0.08275038748979568, 0.007515265140682459, 2.0883579054498114e-05], "lowerarm_twist_R": [0.9976547956466675, -0.06819456815719604, 0.0004473537555895746, 0.005853400565683842], "head": [0.979905366897583, 0.19718332588672638, -0.029960883781313896, 0.002579671097919345], "ring02_R": [0.9995263814926147, -0.020024022087454796, 0.004406774416565895, -0.02294943854212761], "thigh_L": [0.9890723824501038, -0.05976590886712074, -0.1183985024690628, -0.06438679248094559], "middle03_R": [0.9997971653938293, -0.008536375127732754, -0.007599654141813517, 0.016584273427724838], "spine01": [0.9883657693862915, 0.15209583938121796, -2.804310861392878e-05, 0.00018223236838821322], "calf_L": [0.9947160482406616, -0.004641734063625336, -0.09790605306625366, 0.03054279088973999], "thumb03_L": [0.9962331056594849, 0.08216472715139389, 0.015257085673511028, -0.023146871477365494], "breast_R": [0.9879167675971985, 0.06772430986166, 0.01225878857076168, -0.13886603713035583], "upperarm_twist_L": [0.9901649951934814, -0.032313667237758636, 0.12485211342573166, -0.054231710731983185], "ring01_L": [0.9987658858299255, 0.04656638950109482, 0.00985761173069477, -0.014181581325829029], "hand_R": [0.940578043460846, -0.33768004179000854, -0.029723798856139183, 0.020040886476635933], "lowerarm_L": [0.9614153504371643, -0.16471199691295624, -0.1708812564611435, -0.139105424284935]}