{"lowerarm_R": [1.0, 0.0, 0.0, 0.0], "clavicle_L": [0.9807085990905762, -0.19547539949417114, 2.2791423859302995e-08, -1.1395711041473078e-08], "head": [0.9799054265022278, 0.19718334078788757, -0.029960911720991135, 0.0025796769186854362], "upperarm_R": [0.801175594329834, -0.17276012897491455, -0.06798161566257477, 0.5689025521278381], "ring02_R": [1.0, 0.0, 0.0, -0.0], "hand_R": [0.9463589787483215, -0.3222590684890747, -0.017954174429178238, -0.01521282084286213], "upperarm_twist_R": [0.9915934801101685, 1.1270617505942937e-07, -0.12939245998859406, 8.828649811221112e-08], "toes_L": [1.0, 0.0, 0.0, 0.0], "thumb02_R": [1.0, 0.0, 0.0, -0.0], "thigh_L": [0.9866352677345276, -0.09335630387067795, -0.12088605016469955, -0.05676395073533058], "pinky00_R": [1.0, 0.0, 0.0, -0.0], "ring01_L": [1.0, 0.0, 0.0, 0.0], "clavicle_R": [0.9807085990905762, -0.19547539949417114, -2.2791423859302995e-08, 1.1395710153294658e-08], "toes_R": [1.0, 0.0, 0.0, 0.0], "ring00_R": [1.0, 0.0, 0.0, -0.0], "upperarm_L": [0.8027954697608948, -0.17260216176509857, 0.06844756007194519, -0.5666065216064453], "middle03_R": [1.0, 0.0, 0.0, -0.0], "foot_R": [0.9955951571464539, 0.0056831119582057, -0.023144841194152832, -0.09067754447460175], "ring01_R": [1.0, 0.0, 0.0, -0.0], "pinky02_R": [1.0, 0.0, 0.0, -0.0], "thigh_twist_R": [1.0, 0.0, 0.0, 0.0], "ring03_L": [1.0, 0.0, 0.0, 0.0], "index01_L": [0.9941466450691223, 0.0010926418472081423, 0.04908323287963867, -0.09624011069536209], "ring02_L": [1.0, 0.0, 0.0, 0.0], "pelvis": [1.0, 0.0, 0.0, 0.0], "index03_R": [1.0, 0.0, 0.0, -0.0], "index00_R": [1.0, 0.0, 0.0, -0.0], "spine02": [0.9943364262580872, -0.06079379841685295, -0.086659274995327, -0.00945962592959404], "middle01_L": [1.0, 0.0, 0.0, 0.0], "index02_L": [1.0, 0.0, 0.0, 0.0], "lowerarm_twist_L": [1.0, 0.0, 0.0, 0.0], "ring03_R": [1.0, 0.0, 0.0, -0.0], "middle02_L": [1.0, 0.0, 0.0, 0.0], "spine03": [0.9997578859329224, -3.726192687736329e-09, -0.02142118290066719, -0.005039239767938852], "middle01_R": [1.0, 0.0, 0.0, -0.0], "middle00_L": [1.0, 0.0, 0.0, 0.0], "index03_L": [1.0, 0.0, 0.0, 0.0], "thumb02_L": [1.0, 0.0, 0.0, 0.0], "index02_R": [1.0, 0.0, 0.0, -0.0], "pinky03_R": [1.0, 0.0, 0.0, -0.0], "pinky00_L": [1.0, 0.0, 0.0, 0.0], "pinky01_L": [0.9987764954566956, -0.003299190429970622, -0.017660178244113922, 0.046072885394096375], "hand_L": [0.9937292337417603, -0.10930901020765305, 0.020826591178774834, 0.010956129059195518], "pinky03_L": [1.0, 0.0, 0.0, 0.0], "index01_R": [0.9941466450691223, 0.0010926430113613605, -0.04908324033021927, 0.09624011814594269], "thumb01_L": [1.0, 0.0, 0.0, 0.0], "index00_L": [1.0, 0.0, 0.0, 0.0], "calf_R": [0.9920011162757874, -0.07181669026613235, 0.10328010469675064, -0.010462483391165733], "calf_twist_L": [1.0, 0.0, 0.0, 0.0], "spine01": [1.0, 0.0, 0.0, 0.0], "thumb01_R": [1.0, 0.0, 0.0, -0.0], "middle00_R": [1.0, 0.0, 0.0, -0.0], "pinky01_R": [0.9987765550613403, -0.0032991908956319094, 0.017660178244113922, -0.046072881668806076], "lowerarm_L": [1.0, 0.0, 0.0, -0.0], "middle02_R": [1.0, 0.0, 0.0, -0.0], "foot_L": [0.9928200840950012, 0.08024299144744873, 0.06681182235479355, 0.05836398899555206], "middle03_L": [1.0, 0.0, 0.0, 0.0], "calf_twist_R": [1.0, 0.0, 0.0, 0.0], "pinky02_L": [1.0, 0.0, 0.0, 0.0], "neck": [0.9937530159950256, 0.10725810378789902, -0.029934294521808624, 0.007396786939352751], "lowerarm_twist_R": [1.0, 0.0, 0.0, 0.0], "thumb03_R": [1.0, 0.0, 0.0, -0.0], "thigh_twist_L": [1.0, 0.0, 0.0, 0.0], "calf_L": [0.9951639175415039, -1.114382985889506e-08, -0.09822937846183777, 1.656173154174212e-08], "root": [1.0, 0.0, 0.0, 0.0], "thumb03_L": [1.0, 0.0, 0.0, 0.0], "thigh_R": [0.9952134490013123, 0.06877270340919495, 0.007336238864809275, 0.06904386729001999], "ring00_L": [1.0, 0.0, 0.0, 0.0], "upperarm_twist_L": [0.9915934801101685, 1.1270617505942937e-07, 0.12939245998859406, -8.828649811221112e-08]}