{"lowerarm_R": [0.47003549337387085, 0.8436974883079529, 0.14770223200321198, 0.21313217282295227], "clavicle_L": [0.9819111227989197, -0.18934257328510284, -1.5175674050738053e-08, -7.587836137190607e-09], "head": [0.9679552316665649, -0.0694342851638794, -0.23680904507637024, 0.04651147499680519], "upperarm_R": [0.9006050229072571, 0.09135086834430695, 0.19143755733966827, 0.3793650269508362], "ring02_R": [0.9401602745056152, -0.34073254466056824, 1.5849595413897077e-08, 1.1887201445404116e-08], "hand_R": [0.884303092956543, -0.2497469037771225, 0.3796553313732147, 0.10722309350967407], "upperarm_twist_R": [1.0, 0.0, 0.0, 0.0], "toes_L": [0.9519620537757874, 0.30621597170829773, -5.087258969638242e-08, -2.7392928814151674e-08], "thumb02_R": [1.0, 0.0, 0.0, 0.0], "thigh_L": [0.969317615032196, -0.16790898144245148, 0.15805841982364655, 0.08513280749320984], "pinky00_R": [0.941141664981842, 0.3380127251148224, -4.997870561851414e-08, 4.4915235974940515e-09], "ring01_L": [0.8648151159286499, -0.5020905137062073, 5.922969226190844e-09, -7.538326407541263e-09], "clavicle_R": [0.9982703328132629, -0.05879082530736923, 1.1195234961292044e-08, 7.463492046611009e-09], "toes_R": [1.0, 0.0, 0.0, 0.0], "ring00_R": [0.941141664981842, 0.3380126953125, -4.5571514561970616e-08, -4.345541526618035e-08], "upperarm_L": [0.8986733555793762, 0.02706746943295002, 0.05602436512708664, -0.4341830611228943], "middle03_R": [0.9989793300628662, -0.045172106474637985, 7.458195838694337e-09, 3.729097031168749e-09], "foot_R": [0.9984961152076721, -0.0012310267193242908, -0.027786308899521828, 0.04724620655179024], "ring01_R": [1.0, 0.0, 0.0, 0.0], "pinky02_R": [0.9559010863304138, -0.29368916153907776, -1.8583064300141568e-15, -2.7280051995148824e-08], "thigh_twist_R": [1.0, 0.0, 0.0, 0.0], "ring03_L": [0.5804009437561035, -0.8143309950828552, 8.08326987566943e-08, 1.0951529816338734e-07], "index01_L": [0.8506254553794861, -0.5257723331451416, -1.8172354288026327e-08, 4.523925056787448e-08], "ring02_L": [0.6518390774726868, -0.7583573460578918, 5.393574653567157e-08, -1.139437344477301e-07], "pelvis": [1.0, 0.0, 0.0, 0.0], "index03_R": [0.9916703104972839, -0.12880221009254456, 1.3148034661014663e-08, 1.080016964749575e-08], "index00_R": [0.941141664981842, 0.3380126953125, 4.436588696421495e-08, -2.201371884780201e-08], "spine02": [0.9887691736221313, 0.021956944838166237, -0.13665948808193207, 0.05637040734291077], "middle01_L": [0.8979301452636719, -0.44013816118240356, 6.425742604676543e-09, -7.100441123952805e-09], "index02_L": [0.5539883971214294, -0.8325244188308716, -8.640032689299915e-08, -1.0565546659790925e-08], "lowerarm_twist_L": [1.0, 0.0, 0.0, 0.0], "ring03_R": [0.996775209903717, -0.08024586737155914, -3.737342879617245e-09, 2.2424060830417147e-08], "middle02_L": [0.5392848253250122, -0.8421233892440796, 2.9500895948331163e-08, 5.091689292413548e-09], "spine03": [0.9780377149581909, -0.1585811972618103, -0.13380293548107147, -0.01977398805320263], "middle01_R": [1.0, 0.0, 0.0, 0.0], "middle00_L": [0.9985668063163757, -0.053520288318395615, -2.8912440441786202e-08, 7.461274265097018e-09], "index03_L": [0.7456316351890564, -0.6663585901260376, 3.517746094416907e-09, -6.656838991148106e-08], "thumb02_L": [0.8906896710395813, -0.43401476740837097, 0.05926243215799332, 0.12161903828382492], "index02_R": [0.9736350178718567, -0.22811149060726166, 1.1478499928330166e-08, -6.695791476829527e-09], "pinky03_R": [0.9678811430931091, -0.251408189535141, 1.9244568605358836e-08, 1.1546740452672566e-08], "pinky00_L": [0.9965780973434448, -0.08231189846992493, 0.005767251364886761, -0.004855566192418337], "pinky01_L": [0.8149275779724121, -0.579562783241272, -1.642813995950121e-09, -2.5713653428738326e-08], "hand_L": [1.0, 0.0, 0.0, 0.0], "pinky03_L": [0.5642568469047546, -0.8255993723869324, 1.5659398400202917e-07, 2.8884267422313314e-08], "index01_R": [1.0, 0.0, 0.0, 0.0], "thumb01_L": [1.0, 0.0, 0.0, 0.0], "index00_L": [1.0, 0.0, 0.0, 0.0], "calf_R": [0.9996756911277771, 0.02546694688498974, -4.323319036103612e-09, 1.863249332600958e-09], "calf_twist_L": [1.0, 0.0, 0.0, 0.0], "spine01": [0.9984325170516968, 2.2239323839216526e-16, 1.6577466066536317e-09, -0.05597073584794998], "thumb01_R": [1.0, 0.0, 0.0, 0.0], "middle00_R": [0.941141664981842, 0.3380126953125, 1.3147987143469209e-09, -4.6623561900105415e-08], "pinky01_R": [1.0, 0.0, 0.0, 0.0], "lowerarm_L": [0.9977142810821533, 0.06757413595914841, -2.100276397243306e-09, 7.467650497972045e-09], "middle02_R": [0.9417673349380493, -0.33626553416252136, 7.911276966865444e-09, 1.953096173679114e-08], "foot_L": [0.9782530069351196, -0.20153677463531494, -0.048773329704999924, 0.005017481744289398], "middle03_L": [0.7410027980804443, -0.6715019941329956, -1.078809859222929e-07, 9.081212937189775e-08], "calf_twist_R": [1.0, 0.0, 0.0, 0.0], "pinky02_L": [0.7381237149238586, -0.6746654510498047, -3.1346438333912374e-08, -6.710897082484735e-08], "neck": [0.9783111810684204, 0.2071412205696106, 2.423965206332923e-08, -4.565463562755667e-09], "lowerarm_twist_R": [1.0, 0.0, 0.0, 0.0], "thumb03_R": [1.0, 0.0, 0.0, 0.0], "thigh_twist_L": [1.0, 0.0, 0.0, 0.0], "calf_L": [0.990055501461029, -0.05369673669338226, -0.1298360675573349, -0.007041839882731438], "root": [1.0, 0.0, 0.0, 0.0], "thumb03_L": [1.0, 0.0, 0.0, 0.0], "thigh_R": [0.9925447106361389, -0.02940019592642784, 0.11695951223373413, -0.01764722913503647], "ring00_L": [0.9972953796386719, -0.07349830120801926, -9.80540804107477e-09, 3.735392883896793e-09], "upperarm_twist_L": [1.0, 0.0, 0.0, 0.0]}