{
  "index00_R": [1.0, 3.725292962997173e-09, 7.450580596923828e-09, -2.2351747119842003e-08],
  "foot_R": [0.9910954833030701, -0.07512855529785156, -0.09293898940086365, -0.05871816352009773],
  "calf_R": [0.9983153939247131, 0.0035646362230181694, -0.01188929844647646, -0.05667829141020775],
  "hand_L": [0.9992258548736572, -0.016981150954961777, -0.0005823253304697573, -0.03548160567879677],
  "calf_twist_R": [1.0, -1.8626447051417472e-09, 5.355103471771372e-09, 1.8626447051417472e-09],
  "lowerarm_twist_L": [0.9976556301116943, -0.06825385242700577, -0.0003703855618368834, -0.0049563501961529255],
  "index01_R": [0.9931930303573608, 0.1161104142665863, -0.005790965631604195, 0.007245031651109457],
  "thumb02_L": [0.9960883855819702, -0.03769444301724434, -0.06392177939414978, 0.04796919599175453],
  "breast_L": [0.9879747629165649, 0.06464524567127228, 0.004115726798772812, 0.14039282500743866],
  "thumb02_R": [0.9960883855819702, -0.03769443929195404, 0.06392225623130798, -0.04796908423304558],
  "foot_L": [0.9901614189147949, -0.08270492404699326, 0.09533267468214035, 0.06043129786849022],
  "middle02_R": [0.9788820743560791, -0.20441482961177826, 0.0012362966081127524, 0.0017052855109795928],
  "ring01_R": [0.9987766742706299, 0.04493016004562378, -0.009615618735551834, 0.01827899180352688],
  "thigh_R": [0.9816182851791382, 0.02701413445174694, 0.16273817420005798, 0.09597954899072647],
  "pelvis": [0.9975507259368896, -0.0699467808008194, -2.008455339819193e-07, -4.3438467400847e-05],
  "pinky03_R": [0.9993590712547302, 0.034232478588819504, 0.0009493514662608504, -0.010427722707390785],
  "middle00_L": [1.0, 4.470348358154297e-08, -1.862645593320167e-09, -2.220446049250313e-15],
  "upperarm_twist_R": [0.98443603515625, -0.030515244230628014, -0.16415970027446747, 0.05482795834541321],
  "upperarm_R": [0.7628646492958069, 0.30249446630477905, 0.30570119619369507, 0.4827851951122284],
  "thumb03_R": [0.9961977005004883, 0.08221802860498428, -0.01585167460143566, 0.024064788594841957],
  "index00_L": [1.0, -2.2351740014414645e-08, -1.8626449271863521e-09, -7.450581485102248e-09],
  "thigh_twist_R": [0.9995645880699158, -0.025003762915730476, -0.0006141824997030199, 0.015661098062992096],
  "middle01_R": [0.9967978596687317, 0.07958795130252838, -0.007711011450737715, -0.0005946276360191405],
  "thumb01_R": [0.9329891800880432, -0.3550976812839508, -0.007144731003791094, -0.058187730610370636],
  "spine03": [0.9966275095939636, 0.08205529302358627, -0.000810654426459223, 2.001318716793321e-05],
  "thigh_twist_L": [0.9995645880699158, -0.025004301220178604, 0.0006141274934634566, -0.015661168843507767],
  "index01_L": [0.9931927919387817, 0.1160975843667984, 0.005823011044412851, -0.007451453246176243],
  "pinky02_R": [0.9987742304801941, -0.0482749417424202, 0.004544491413980722, 0.009947880171239376],
  "middle01_L": [0.9967978000640869, 0.07958829402923584, 0.0077108764089643955, 0.0005945865996181965],
  "index03_R": [0.9996801018714905, 0.005771212745457888, -0.010508157312870026, 0.022271277382969856],
  "middle00_R": [1.0, 7.450581485102248e-09, -1.8626443720748398e-09, -7.450582373280668e-09],
  "thumb01_L": [0.9329892992973328, -0.3550975024700165, 0.007144076284021139, 0.05818812921643257],
  "index03_L": [0.999680757522583, 0.005765899084508419, 0.010385251604020596, -0.02230019122362137],
  "toes_L": [0.99958735704422, 0.016658589243888855, 1.0425132131786086e-05, -0.023401712998747826],
  "ring03_R": [0.9990238547325134, 0.0344659723341465, -0.0062393792904913425, 0.02691844291985035],
  "clavicle_L": [1.0, -3.725290298461914e-09, 1.4901161193847656e-08, -3.7252894102834944e-09],
  "upperarm_L": [0.7631646394729614, 0.30250850319862366, -0.3059346079826355, -0.4821537733078003],
  "index02_R": [0.9630550742149353, -0.2691427767276764, -0.008294012397527695, 0.004288525320589542],
  "neck": [0.9683429002761841, -0.2496233433485031, 0.0003946751821786165, 0.0003277217620052397],
  "ring00_R": [1.0, 1.862645815364772e-09, -1.3038518709151958e-08, -3.725290298461914e-09],
  "calf_twist_L": [1.0, 1.8626450382086546e-09, -1.0477378964424133e-08, 0.0],
  "pinky00_L": [1.0, 1.3853425961940502e-08, 9.284121915698051e-09, 0.0],
  "ring00_L": [1.0, 1.4901157641133977e-08, 1.35041711146755e-08, 1.1175870895385742e-08],
  "middle02_L": [0.9789698123931885, -0.20384430885314941, -0.00044350020471028984, -0.00808826182037592],
  "toes_R": [0.99958735704422, -0.01566844806075096, -1.0083763299917337e-05, -0.0240754634141922],
  "ring02_L": [0.9893500804901123, -0.14366556704044342, -0.006624001543968916, 0.02242387644946575],
  "pinky03_L": [0.999358594417572, 0.03330107778310776, -0.001293026376515627, 0.013108944520354271],
  "spine02": [0.9602954983711243, 0.27897128462791443, -0.002746725454926491, 0.000236641222727485],
  "pinky01_R": [0.9975788593292236, 0.06373238563537598, -0.008296282030642033, 0.026566307991743088],
  "clavicle_R": [1.0, 7.450584149637507e-09, -2.980232594040899e-08, 3.7252920748187535e-09],
  "pinky01_L": [0.9975839257240295, 0.06581879407167435, 0.007662327028810978, -0.020868366584181786],
  "middle03_L": [0.9997860193252563, -0.009227288886904716, 0.006971151102334261, -0.017151756212115288],
  "ring03_L": [0.9990244507789612, 0.034888628870248795, 0.006149636581540108, -0.026366302743554115],
  "root": [1.0, 3.725290298461914e-09, 0.0, -1.4210854715202004e-14],
  "pinky00_R": [1.0, 1.164153662358558e-09, -4.394679287145209e-09, -7.450585037815927e-09],
  "lowerarm_R": [0.9961443543434143, 0.08555714786052704, 0.014610795304179192, 0.012770268134772778],
  "pinky02_L": [0.9987748265266418, -0.04796852543950081, -0.0039543285965919495, -0.011506498791277409],
  "index02_L": [0.9630171656608582, -0.2693358361721039, 0.0071089379489421844, 0.0023870738223195076],
  "lowerarm_twist_R": [0.9976556301116943, -0.06825386732816696, 0.0003705862909555435, 0.004956360440701246],
  "head": [0.9925042986869812, -0.12220411002635956, 0.0011802128283306956, -0.00025599199580028653],
  "ring02_R": [0.9894198179244995, -0.1430944949388504, 0.006905501242727041, -0.022908514365553856],
  "thigh_L": [0.9821538329124451, 0.023636769503355026, -0.16278748214244843, -0.09118849784135818],
  "middle03_R": [0.9997870326042175, -0.00862388126552105, -0.006742661353200674, 0.017497370019555092],
  "spine01": [0.9911481738090515, 0.13266265392303467, 0.0014922302216291428, 0.004869686905294657],
  "calf_L": [0.9987843632698059, -0.00437754625454545, 0.007314152549952269, 0.04855259880423546],
  "thumb03_L": [0.9961977005004883, 0.08221815526485443, 0.01585162803530693, -0.024064786732196808],
  "breast_R": [0.9880578517913818, 0.0645575150847435, -0.0032412868458777666, -0.139869824051857],
  "upperarm_twist_L": [0.9844383001327515, -0.030515344813466072, 0.1641465574502945, -0.05482686683535576],
  "ring01_L": [0.9987788200378418, 0.045912593603134155, 0.009383101016283035, -0.015648534521460533],
  "hand_R": [0.9992258548736572, -0.016981029883027077, 0.0005825398257002234, 0.035481564700603485],
  "lowerarm_L": [0.9961438179016113, 0.08552423119544983, -0.014634809456765652, -0.012999139726161957]
}