{"index00_R": [1.0, 3.725292518907963e-09, 1.7462298274040222e-09, -3.725291630729544e-09], "foot_R": [0.9951260089874268, 0.08736136555671692, -0.04047984629869461, -0.021298155188560486], "calf_R": [0.9987470507621765, -0.0003713929036166519, 0.003355262102559209, -0.04992974177002907], "hand_L": [0.9992258548736572, -0.01698005013167858, -0.000582577136810869, -0.03548264503479004], "calf_twist_R": [1.0, 3.7252894102834944e-09, 2.3283053263156717e-09, -9.313225191043273e-10], "lowerarm_twist_L": [0.9976556301116943, -0.06825381517410278, -0.00037081766640767455, -0.004957790486514568], "index01_R": [0.9931928515434265, 0.11611191928386688, -0.00579071044921875, 0.007242189720273018], "thumb02_L": [0.9937719702720642, -0.07202635705471039, -0.06517839431762695, -0.05460188165307045], "breast_L": [0.9880121350288391, 0.06460083276033401, 0.003454226767644286, 0.1401672512292862], "thumb02_R": [0.9937719106674194, -0.07202643901109695, 0.06517842411994934, 0.05460195243358612], "foot_L": [0.9951261281967163, 0.08736035227775574, 0.04047975316643715, 0.021298062056303024], "middle02_R": [0.9986042976379395, -0.05277357995510101, 0.0014825377147644758, 0.0014978633262217045], "ring01_R": [0.9987766742706299, 0.04493130370974541, -0.009615638293325901, 0.018276618793606758], "thigh_R": [0.9800499081611633, 0.02252187207341194, 0.16307416558265686, 0.11136338859796524], "pelvis": [0.9962176084518433, 0.08689352124929428, 2.491594273124065e-07, 5.396299093263224e-05], "pinky03_R": [0.9993590712547302, 0.034231871366500854, 0.0009482022724114358, -0.010429710149765015], "middle00_L": [1.0, -9.313224857976365e-09, 5.471521458133566e-09, -1.862645593320167e-09], "upperarm_twist_R": [0.998021125793457, -0.03931654244661331, 0.004061348270624876, 0.048903584480285645], "upperarm_R": [0.851993203163147, -0.10291597992181778, 0.08711248636245728, 0.5058928728103638], "thumb03_R": [0.9961977601051331, 0.08221788704395294, -0.01585017517209053, 0.024064060300588608], "index00_L": [1.0, 0.0, -1.7229469406743192e-08, -3.725290298461914e-09], "thigh_twist_R": [0.999564528465271, -0.025003712624311447, -0.0006141289486549795, 0.01566111110150814], "middle01_R": [0.9967977404594421, 0.07959030568599701, -0.007710921112447977, -0.0005975578096695244], "thumb01_R": [0.9433981776237488, -0.2615603804588318, -0.023810025304555893, -0.2025320678949356], "spine03": [0.9929895401000977, -0.11820133775472641, 0.000510466517880559, 7.985920819919556e-05], "thigh_twist_L": [0.9995645880699158, -0.025004178285598755, 0.0006141035119071603, -0.015661265701055527], "index01_L": [0.9931926727294922, 0.11609883606433868, 0.005822766572237015, -0.007448571268469095], "pinky02_R": [0.9987742304801941, -0.04827467352151871, 0.00454532029107213, 0.009949327446520329], "middle01_L": [0.9967977404594421, 0.0795903131365776, 0.007710875477641821, 0.0005975727690383792], "index03_R": [0.9996801018714905, 0.005772390402853489, -0.010509626008570194, 0.022269384935498238], "middle00_R": [1.0, 1.862645815364772e-09, 1.0593796062607908e-08, -3.725291186640334e-09], "thumb01_L": [0.943398118019104, -0.2615604102611542, 0.023809799924492836, 0.20253239572048187], "index03_L": [0.9996808171272278, 0.0057668969966471195, 0.010386556386947632, -0.0222982969135046], "toes_L": [0.99958735704422, 0.01665823720395565, 1.0404518434370402e-05, -0.023401809856295586], "ring03_R": [0.999023973941803, 0.03446253761649132, -0.006240160670131445, 0.026917221024632454], "clavicle_L": [0.9937035441398621, -0.09491705149412155, 0.055887967348098755, 0.020508063957095146], "upperarm_L": [0.8570607304573059, -0.11551782488822937, -0.08163098245859146, -0.49541813135147095], "index02_R": [0.9965150952339172, -0.08288875222206116, -0.007337482646107674, 0.005775052588433027], "neck": [0.9964095950126648, -0.08465500921010971, -0.0012046301271766424, 0.00022893452842254192], "ring00_R": [1.0, -4.889444404909682e-09, -7.683410352399278e-09, -3.725290076417309e-09], "calf_twist_L": [1.0, -7.450580596923828e-09, 3.958120498026574e-09, 9.31322685637781e-10], "pinky00_L": [1.0, 1.862645371275562e-09, 5.797483026981354e-08, 5.587936335871291e-09], "ring00_L": [1.0, 3.725290076417309e-09, 7.094056009293581e-09, 1.8626444830971423e-09], "middle02_L": [0.9986039996147156, -0.05219624191522598, -0.0016721873544156551, -0.007927200756967068], "toes_R": [0.99958735704422, -0.01566827856004238, -9.621621757105459e-06, -0.024075400084257126], "ring02_L": [0.9995192885398865, -0.020362060517072678, -0.0038044177927076817, 0.023069394752383232], "pinky03_L": [0.999358594417572, 0.033300288021564484, -0.0012920914450660348, 0.013110779225826263], "spine02": [0.9983855485916138, -0.056800100952386856, 8.380878629976607e-11, 9.561492042564623e-09], "pinky01_R": [0.9975788593292236, 0.0637340173125267, -0.008295934647321701, 0.026564178988337517], "clavicle_R": [0.9937035441398621, -0.09491708874702454, -0.05588795617222786, -0.02050803042948246], "pinky01_L": [0.9975839257240295, 0.06582003831863403, 0.007661907933652401, -0.020866144448518753], "middle03_L": [0.9997860193252563, -0.009226538240909576, 0.0069725289940834045, -0.01715053617954254], "ring03_L": [0.9990245699882507, 0.034885093569755554, 0.006150304805487394, -0.026365146040916443], "root": [1.0, 3.725290298461914e-09, 0.0, -1.4210854715202004e-14], "pinky00_R": [1.0, -1.8626469255877964e-09, 1.74623018267539e-08, -3.725292518907963e-09], "lowerarm_R": [0.9952231049537659, 0.09391877800226212, 0.024309508502483368, -0.010933885350823402], "pinky02_L": [0.9987747669219971, -0.04796823859214783, -0.0039547826163470745, -0.011507950723171234], "index02_L": [0.9965142011642456, -0.08308567106723785, 0.007431193254888058, 0.0010043191723525524], "lowerarm_twist_R": [0.9976556301116943, -0.06825383007526398, 0.00037078154855407774, 0.004957857541739941], "head": [0.9936217665672302, 0.11276359111070633, 0.000569655152503401, -0.00013274807133711874], "ring02_R": [0.9995179176330566, -0.019786816090345383, 0.004024037625640631, -0.02358507737517357], "thigh_L": [0.9800502061843872, 0.022521182894706726, -0.1630723774433136, -0.11136335134506226], "middle03_R": [0.9997870326042175, -0.008623299188911915, -0.006744041107594967, 0.01749626360833645], "spine01": [0.9976110458374023, 0.0688941478729248, 0.00177965615876019, 0.0047609549947083], "calf_L": [0.9986453056335449, 0.00034318151301704347, -0.0037184301763772964, 0.05190001800656319], "thumb03_L": [0.9961977601051331, 0.08221794664859772, 0.0158501286059618, -0.024064073339104652], "breast_R": [0.988019585609436, 0.0646205022931099, -0.0039011528715491295, -0.14009450376033783], "upperarm_twist_L": [0.998021125793457, -0.03931644931435585, -0.004074683878570795, -0.04890251159667969], "ring01_L": [0.9987788796424866, 0.04591391235589981, 0.009383141063153744, -0.01564599573612213], "hand_R": [0.9992258548736572, -0.016979992389678955, 0.0005825775442644954, 0.035482682287693024], "lowerarm_L": [0.9959954619407654, 0.08371555805206299, -0.029511455446481705, -0.010687199421226978]}
