{"lowerarm_R": [0.9988908171653748, 0.04561350867152214, 0.008800305426120758, 0.007687207777053118], "clavicle_L": [0.9937035441398621, -0.09491705149412155, 0.05588800087571144, 0.020508045330643654], "head": [0.9936217069625854, 0.11276359111070633, 0.000569655210711062, -0.00013274815864861012], "upperarm_R": [0.8412039279937744, -0.20728805661201477, -0.003648698329925537, 0.49939385056495667], "ring02_R": [1.0, 0.0, 0.0, -0.0], "hand_R": [0.9999998807907104, 0.0001747858914313838, -3.944366835639812e-05, -0.0005061400006525218], "upperarm_twist_R": [1.0, 0.0, 0.0, 0.0], "toes_L": [1.0, 0.0, 0.0, 0.0], "thumb02_R": [0.9867687225341797, -0.16213425993919373, -3.101834522567515e-08, -1.3322232206292028e-10], "thigh_L": [0.9805153608322144, -0.017184104770421982, -0.1675790399312973, -0.10105334222316742], "pinky00_R": [1.0, 0.0, 0.0, -0.0], "ring01_L": [1.0, 0.0, 0.0, 0.0], "clavicle_R": [0.9937036037445068, -0.09491705894470215, -0.05588800460100174, -0.020508047193288803], "toes_R": [1.0, 0.0, 0.0, 0.0], "ring00_R": [1.0, 0.0, 0.0, -0.0], "upperarm_L": [0.841204047203064, -0.20728807151317596, 0.003648679470643401, -0.4993938207626343], "middle03_R": [1.0, 0.0, 0.0, -0.0], "foot_R": [0.9907415509223938, 0.11714329570531845, -0.06308211386203766, -0.027003956958651543], "ring01_R": [1.0, 0.0, 0.0, -0.0], "pinky02_R": [1.0, 0.0, 0.0, -0.0], "thigh_twist_R": [1.0, 0.0, 0.0, 0.0], "ring03_L": [1.0, 0.0, 0.0, 0.0], "index01_L": [1.0, 0.0, 0.0, 0.0], "ring02_L": [1.0, 0.0, 0.0, 0.0], "pelvis": [1.0, 0.0, 0.0, 0.0], "index03_R": [1.0, 0.0, 0.0, -0.0], "index00_R": [1.0, 0.0, 0.0, -0.0], "spine02": [0.9983855485916138, -0.05680009722709656, -8.85722566254174e-14, 8.665124617834863e-09], "middle01_L": [1.0, 0.0, 0.0, 0.0], "index02_L": [1.0, 0.0, 0.0, 0.0], "lowerarm_twist_L": [1.0, 0.0, 0.0, 0.0], "ring03_R": [1.0, 0.0, 0.0, -0.0], "middle02_L": [1.0, 0.0, 0.0, 0.0], "spine03": [0.9929895401000977, -0.11820130795240402, 0.0005104668671265244, 7.985744741745293e-05], "middle01_R": [1.0, 0.0, 0.0, -0.0], "middle00_L": [1.0, 0.0, 0.0, 0.0], "index03_L": [1.0, 0.0, 0.0, 0.0], "thumb02_L": [0.9867687225341797, -0.16213425993919373, 3.101834522567515e-08, 1.3322276615213013e-10], "index02_R": [1.0, 0.0, 0.0, -0.0], "pinky03_R": [1.0, 0.0, 0.0, -0.0], "pinky00_L": [1.0, 0.0, 0.0, 0.0], "pinky01_L": [1.0, 0.0, 0.0, 0.0], "hand_L": [0.9999998807907104, 0.00017478586232755333, 3.944366835639812e-05, 0.0005061399424448609], "pinky03_L": [1.0, 0.0, 0.0, 0.0], "index01_R": [1.0, 0.0, 0.0, -0.0], "thumb01_L": [0.9820950627326965, -0.1183473989367485, -0.010710514150559902, 0.14618143439292908], "index00_L": [1.0, 0.0, 0.0, 0.0], "calf_R": [1.0, 0.0, 0.0, 0.0], "calf_twist_L": [1.0, 0.0, 0.0, 0.0], "spine01": [0.997402012348175, -0.07186685502529144, 0.0024426965974271297, 0.004295008722692728], "thumb01_R": [0.9820947051048279, -0.11834736913442612, 0.010710513219237328, -0.14618141949176788], "middle00_R": [1.0, 0.0, 0.0, -0.0], "pinky01_R": [1.0, 0.0, 0.0, -0.0], "lowerarm_L": [0.9988908171653748, 0.04561351612210274, -0.008800306357443333, -0.0076872073113918304], "middle02_R": [1.0, 0.0, 0.0, -0.0], "foot_L": [0.9907417893409729, 0.11714328825473785, 0.06308212131261826, 0.02700396068394184], "middle03_L": [1.0, 0.0, 0.0, 0.0], "calf_twist_R": [1.0, 0.0, 0.0, 0.0], "pinky02_L": [1.0, 0.0, 0.0, 0.0], "neck": [0.9859970211982727, 0.1667589247226715, -0.0012039720313623548, 0.0001468612754251808], "lowerarm_twist_R": [1.0, 0.0, 0.0, 0.0], "thumb03_R": [1.0, 0.0, 0.0, -0.0], "thigh_twist_L": [1.0, 0.0, 0.0, 0.0], "calf_L": [1.0, 0.0, 0.0, 0.0], "root": [0.9962175488471985, 0.0868941992521286, 2.9866947538195396e-14, -1.3764145023742458e-07], "thumb03_L": [1.0, 0.0, 0.0, 0.0], "thigh_R": [0.9805153012275696, -0.01718411035835743, 0.1675790399312973, 0.10105336457490921], "ring00_L": [1.0, 0.0, 0.0, 0.0], "upperarm_twist_L": [1.0, 0.0, 0.0, 0.0]}