{"lowerarm_R": [0.9510148167610168, 0.30914533138275146, 3.764895240010446e-08, -1.8033270876571805e-08], "clavicle_L": [1.0, 0.0, 0.0, 0.0], "head": [0.9671780467033386, -0.2366243600845337, -0.08995068818330765, -0.022006819024682045], "upperarm_R": [0.8705379962921143, 0.29922109842300415, 0.12699203193187714, 0.36946365237236023], "ring02_R": [0.9384087324142456, -0.3455273509025574, -9.406853962445894e-08, -1.0151673279779061e-08], "hand_R": [0.9807659983634949, 0.19518718123435974, -1.1395046684015142e-08, 3.7983479472814e-08], "upperarm_twist_R": [0.998937726020813, 0.004710965324193239, -0.04575744643807411, -0.0027369949966669083], "toes_L": [0.9942131638526917, 0.10742521286010742, 1.8734869211556315e-09, -1.8734867879288686e-08], "thumb02_R": [0.9957671165466309, 0.09191297739744186, -7.482252151191915e-09, 3.367013334809599e-08], "thigh_L": [0.9832391738891602, 0.14260350167751312, 0.02212037332355976, 0.11142629384994507], "pinky00_R": [0.9860345125198364, -0.1665412038564682, -1.650998626701039e-08, 2.215499561586398e-09], "ring01_L": [0.8972036242485046, -0.44161713123321533, 1.2196830212474197e-08, 1.2975252816627147e-10], "clavicle_R": [0.9990684986114502, -0.043153345584869385, 6.525335383145148e-09, 0.0], "toes_R": [1.0, 0.0, 0.0, 0.0], "ring00_R": [0.999621570110321, 0.027510911226272583, -1.3829497547135361e-08, -1.6544653647088126e-08], "upperarm_L": [0.9364175796508789, 0.045498982071876526, -0.026268113404512405, -0.3469323515892029], "middle03_R": [0.7785607576370239, -0.6275691986083984, 7.775364352369252e-09, 1.4952623583752711e-09], "foot_R": [1.0, 0.0, 0.0, 0.0], "ring01_R": [0.999906063079834, -0.013716936111450195, -8.323623568173844e-09, -2.930142528612123e-08], "pinky02_R": [0.9344326257705688, -0.35614022612571716, -1.7816496722389275e-08, -1.4244951884734292e-08], "thigh_twist_R": [1.0, 0.0, 0.0, 0.0], "ring03_L": [0.7496492266654968, -0.6618353128433228, 1.5529304064898497e-08, 1.956692585736164e-08], "index01_L": [0.8572828769683838, -0.5148459076881409, -1.643481795099433e-08, -6.637990601632282e-09], "ring02_L": [0.6542026400566101, -0.7563192844390869, 2.2421692946750227e-08, -1.512574776540987e-08], "pelvis": [1.0, 0.0, 0.0, 0.0], "index03_R": [0.9090451598167419, -0.4166976511478424, -5.420657700483389e-08, -4.968261890780923e-08], "index00_R": [0.9989866614341736, -0.017793266102671623, -0.005378633737564087, -0.0409880056977272], "spine02": [0.9860739707946777, 0.16291120648384094, 0.003034365363419056, 0.03329886496067047], "middle01_L": [0.900769054889679, -0.43429842591285706, 3.101757428680685e-08, -6.461995938344955e-10], "index02_L": [0.5226173400878906, -0.8525674939155579, 6.580194877869872e-08, -5.021147231332179e-08], "lowerarm_twist_L": [1.0, 0.0, 0.0, 0.0], "ring03_R": [0.7496492862701416, -0.6618353128433228, -1.5529305841255336e-08, -1.95669240810048e-08], "middle02_L": [0.6484990119934082, -0.7612155675888062, 3.0607314016606324e-08, 2.818386235503567e-08], "spine03": [0.9867658019065857, 0.13206440210342407, -0.08328854292631149, 0.04376436769962311], "middle01_R": [0.9927255511283875, 0.12039971351623535, 8.724351019395726e-09, -5.388687895901967e-08], "middle00_L": [0.9983773827552795, -0.05397438257932663, 0.0028229770250618458, 0.017933430150151253], "index03_L": [0.9090452790260315, -0.4166976809501648, 5.420658055754757e-08, 4.968262246052291e-08], "thumb02_L": [1.0, 0.0, 0.0, 0.0], "index02_R": [0.8529195189476013, -0.522042453289032, -8.096814241298489e-08, 6.35990318187396e-08], "pinky03_R": [0.7788847088813782, -0.6271671652793884, 3.0247800708593786e-08, -2.8809212793134975e-08], "pinky00_L": [0.986034631729126, -0.1665412038564682, 1.650998804336723e-08, -2.215500005675608e-09], "pinky01_L": [0.888913094997406, -0.4580760896205902, 2.8550083186473785e-08, -3.339574394800593e-09], "hand_L": [0.99549800157547, 0.09478246420621872, -9.355343166816965e-09, 3.742137266726786e-09], "pinky03_L": [0.7788847088813782, -0.6271671652793884, -3.0247800708593786e-08, 2.8809211016778136e-08], "index01_R": [0.986347496509552, 0.16467732191085815, 3.776853940706815e-09, -7.55370699323521e-09], "thumb01_L": [0.9723430871963501, -0.21892254054546356, 0.017874430865049362, 0.07938899844884872], "index00_L": [0.9989867210388184, -0.017793266102671623, 0.005378633737564087, 0.0409880056977272], "calf_R": [0.9962019920349121, -1.0751042722745296e-08, 0.08707254379987717, 2.2436960733784872e-08], "calf_twist_L": [1.0, 0.0, 0.0, 0.0], "spine01": [1.0, 0.0, 0.0, 0.0], "thumb01_R": [1.0, 0.0, 0.0, 0.0], "middle00_R": [0.999730110168457, 0.01449665054678917, -0.0040440126322209835, -0.017698099836707115], "pinky01_R": [0.9888641834259033, 0.14882175624370575, 1.4134012848998623e-09, 2.557538358871625e-08], "lowerarm_L": [0.9226730465888977, 0.3855835199356079, 1.01954524822645e-08, -2.7768397359295705e-08], "middle02_R": [0.9475020170211792, -0.3197498321533203, -6.290994392088578e-10, 1.3352362771001935e-08], "foot_L": [0.9948320388793945, 0.08624961227178574, -0.04852736368775368, -0.02271152473986149], "middle03_L": [0.7785608172416687, -0.6275691986083984, -7.775364352369252e-09, -1.4952621363306662e-09], "calf_twist_R": [1.0, 0.0, 0.0, 0.0], "pinky02_L": [0.7002031207084656, -0.7139437794685364, 1.9023293162945265e-08, 5.547592607513252e-08], "neck": [1.0, 0.0, 0.0, 0.0], "lowerarm_twist_R": [1.0, 0.0, 0.0, 0.0], "thumb03_R": [0.9473346471786499, -0.320245623588562, -5.609264519534918e-08, 4.504821049522434e-08], "thigh_twist_L": [1.0, 0.0, 0.0, 0.0], "calf_L": [0.9137676358222961, -0.40623739361763, -9.997954464324721e-08, 1.5457128910156825e-09], "root": [0.989913821220398, -0.009214500896632671, -0.09627147763967514, -0.10352571308612823], "thumb03_L": [0.808616578578949, -0.5883359909057617, 6.3346150547261004e-09, -2.994544345824579e-08], "thigh_R": [0.9896560907363892, -0.03173376992344856, 0.10704195499420166, 0.09008882194757462], "ring00_L": [0.9975214004516602, -0.07036508619785309, -9.336365014434023e-10, 5.835229521800045e-10], "upperarm_twist_L": [1.0, 0.0, 0.0, 0.0]}