{"lowerarm_R": [0.9988908171653748, 0.04561350867152214, 0.008800305426120758, 0.007687207777053118], "clavicle_L": [1.0, 0.0, 0.0, 0.0], "head": [0.9925042986869812, -0.12220410257577896, 0.001180212595500052, -0.00025599144282750785], "upperarm_R": [0.8037106394767761, 0.21634477376937866, 0.2298087179660797, 0.5044126510620117], "ring02_R": [0.9923424124717712, -0.12351745367050171, -7.038819527238616e-10, 3.754037525283138e-09], "hand_R": [0.9999998807907104, 0.0001747858914313838, -3.944366835639812e-05, -0.0005061400006525218], "upperarm_twist_R": [0.9857024550437927, 4.0155331504365677e-08, -0.16849550604820251, -1.0015213547376334e-07], "toes_L": [1.0, 0.0, 0.0, 0.0], "thumb02_R": [0.9876246452331543, -0.12082252651453018, -0.012142823077738285, -0.09925755113363266], "thigh_L": [0.9805153608322144, -0.017184104770421982, -0.1675790399312973, -0.10105334222316742], "pinky00_R": [1.0, 0.0, 0.0, -0.0], "ring01_L": [1.0, 0.0, 0.0, 0.0], "clavicle_R": [1.0, 0.0, 0.0, -0.0], "toes_R": [1.0, 0.0, 0.0, 0.0], "ring00_R": [1.0, 0.0, 0.0, -0.0], "upperarm_L": [0.8037107586860657, 0.21634483337402344, -0.22980870306491852, -0.5044125914573669], "middle03_R": [1.0, 0.0, 0.0, -0.0], "foot_R": [0.9901101589202881, -0.044837586581707, -0.1132345050573349, -0.0696374848484993], "ring01_R": [1.0, 0.0, 0.0, -0.0], "pinky02_R": [1.0, 0.0, 0.0, -0.0], "thigh_twist_R": [1.0, 0.0, 0.0, 0.0], "ring03_L": [1.0, 0.0, 0.0, 0.0], "index01_L": [1.0, 0.0, 0.0, 0.0], "ring02_L": [0.9923424124717712, -0.12351745367050171, 7.038819527238616e-10, -3.754037525283138e-09], "pelvis": [1.0, 0.0, 0.0, 0.0], "index03_R": [1.0, 0.0, 0.0, -0.0], "index00_R": [1.0, 0.0, 0.0, -0.0], "spine02": [0.9602954983711243, 0.27897128462791443, -0.002746725222095847, 0.00023664205218665302], "middle01_L": [1.0, 0.0, 0.0, 0.0], "index02_L": [0.9820932745933533, -0.18839529156684875, 3.2242326142295497e-08, -3.793214187197691e-09], "lowerarm_twist_L": [1.0, 0.0, 0.0, 0.0], "ring03_R": [1.0, 0.0, 0.0, -0.0], "middle02_L": [0.988307774066925, -0.1524723470211029, 2.0024739200152908e-08, 7.538725199651708e-09], "spine03": [0.9966275095939636, 0.08205520361661911, -0.0008106541936285794, 2.001269422180485e-05], "middle01_R": [1.0, 0.0, 0.0, -0.0], "middle00_L": [1.0, 0.0, 0.0, 0.0], "index03_L": [1.0, 0.0, 0.0, 0.0], "thumb02_L": [0.9876246452331543, -0.12082251161336899, 0.01214282400906086, 0.09925755113363266], "index02_R": [0.9820932745933533, -0.18839526176452637, -3.224232258958182e-08, 3.7932155194653205e-09], "pinky03_R": [1.0, 0.0, 0.0, -0.0], "pinky00_L": [1.0, 0.0, 0.0, 0.0], "pinky01_L": [1.0, 0.0, 0.0, 0.0], "hand_L": [0.9999998807907104, 0.00017478586232755333, 3.944366835639812e-05, 0.0005061399424448609], "pinky03_L": [1.0, 0.0, 0.0, 0.0], "index01_R": [1.0, 0.0, 0.0, -0.0], "thumb01_L": [0.97762131690979, -0.21037247776985168, -2.2863394733008136e-08, -2.857923897536807e-09], "index00_L": [1.0, 0.0, 0.0, 0.0], "calf_R": [1.0, 0.0, 0.0, 0.0], "calf_twist_L": [1.0, 0.0, 0.0, 0.0], "spine01": [0.9999574422836304, -0.007803201675415039, 0.0021624432411044836, 0.004442690871655941], "thumb01_R": [0.97762131690979, -0.21037247776985168, 2.2863396509364975e-08, 2.857924119581412e-09], "middle00_R": [1.0, 0.0, 0.0, -0.0], "pinky01_R": [1.0, 0.0, 0.0, -0.0], "lowerarm_L": [0.9988908171653748, 0.04561351612210274, -0.008800306357443333, -0.0076872073113918304], "middle02_R": [0.9883077144622803, -0.1524723470211029, -2.0024740976509747e-08, -7.538725199651708e-09], "foot_L": [0.9893367886543274, -0.052411891520023346, 0.11550502479076385, 0.07158759981393814], "middle03_L": [1.0, 0.0, 0.0, 0.0], "calf_twist_R": [1.0, 0.0, 0.0, 0.0], "pinky02_L": [1.0, 0.0, 0.0, 0.0], "neck": [1.0, 0.0, 0.0, 0.0], "lowerarm_twist_R": [1.0, 0.0, 0.0, 0.0], "thumb03_R": [1.0, 0.0, 0.0, -0.0], "thigh_twist_L": [1.0, 0.0, 0.0, 0.0], "calf_L": [1.0, 0.0, 0.0, 0.0], "root": [0.9975506067276001, -0.06994886696338654, -1.1441116608799928e-13, 1.1079981732109445e-07], "thumb03_L": [1.0, 0.0, 0.0, 0.0], "thigh_R": [0.9805153012275696, -0.01718411035835743, 0.1675790399312973, 0.10105336457490921], "ring00_L": [1.0, 0.0, 0.0, 0.0], "upperarm_twist_L": [0.985702395439148, 4.0155331504365677e-08, 0.1684955209493637, 1.0015213547376334e-07]}