{
  "index00_R": [1.0, 2.235175244891252e-08, 1.210719613453648e-08, 9.313172455449603e-10],
  "foot_R": [0.8871656656265259, -0.4576106071472168, -0.0500190407037735, -0.03205970674753189],
  "calf_R": [0.999523401260376, -0.007621861062943935, -0.00033141637686640024, -0.029914462938904762],
  "hand_L": [0.9992048144340515, -0.017154067754745483, -0.0006312763434834778, -0.03598834574222565],
  "calf_twist_R": [1.0, 0.0, 1.862645149230957e-09, 9.313224080820248e-10],
  "lowerarm_twist_L": [0.9976556301116943, -0.06825383752584457, -0.00037054429412819445, -0.004955297335982323],
  "index01_R": [0.9204874634742737, -0.3906620740890503, -0.008618132211267948, 0.0034307411406189203],
  "thumb02_L": [0.9323163628578186, -0.3186543583869934, -0.09185860306024551, -0.14424854516983032],
  "breast_L": [0.9880135655403137, 0.06460119783878326, 0.003668716177344322, 0.140151709318161],
  "thumb02_R": [0.9323158860206604, -0.31865620613098145, 0.09185808897018433, 0.14424797892570496],
  "foot_L": [0.8726205229759216, -0.48788782954216003, 0.009395502507686615, -0.020263180136680603],
  "middle02_R": [0.5748444199562073, -0.8182600140571594, -0.00026362549397163093, 0.00208908598870039],
  "ring01_R": [0.8692035675048828, -0.49399590492248535, -0.018920091912150383, 0.009760474786162376],
  "thigh_R": [0.9859695434570312, 0.03521936386823654, 0.054242558777332306, 0.1538878083229065],
  "pelvis": [0.7950392365455627, 0.6065579056739807, 1.7378339407514432e-06, 0.0003766833106055856],
  "pinky03_R": [0.7546029090881348, -0.6560982465744019, 0.007801356725394726, -0.0069817411713302135],
  "middle00_L": [1.0, 2.2351740014414645e-08, 0.0, 1.862645149230957e-08],
  "upperarm_twist_R": [0.9980211853981018, -0.03931724652647972, 0.0040598842315375805, 0.04890235513448715],
  "upperarm_R": [0.8526961803436279, -0.07561127096414566, 0.3595525324344635, 0.3713679313659668],
  "thumb03_R": [0.977367639541626, -0.20957553386688232, -0.02213885635137558, 0.018450936302542686],
  "index00_L": [1.0, -1.1175868230850483e-08, 4.440892098500626e-15, 7.450580596923828e-09],
  "thigh_twist_R": [0.9995645880699158, -0.025003980845212936, -0.0006140844197943807, 0.015660906210541725],
  "middle01_R": [0.8896622061729431, -0.4565540850162506, -0.006245538126677275, -0.0045595052652060986],
  "thumb01_R": [0.9711737632751465, -0.1464732587337494, -0.1488506942987442, -0.11493784934282303],
  "spine03": [0.9914342164993286, 0.1306072473526001, -1.835377119382975e-12, -3.1276091050358446e-08],
  "thigh_twist_L": [0.9995644688606262, -0.02500462904572487, 0.0006143375067040324, -0.015660937875509262],
  "index01_L": [0.9204804301261902, -0.3906742334365845, 0.008748096413910389, -0.0035938043147325516],
  "pinky02_R": [0.5818701386451721, -0.813208281993866, -0.0049810102209448814, 0.009735485538840294],
  "middle01_L": [0.8896620273590088, -0.4565543830394745, 0.006245491560548544, 0.0045601665042340755],
  "index03_R": [0.7631539106369019, -0.6457475423812866, -0.022465631365776062, 0.010085303336381912],
  "middle00_R": [1.0, -2.980232949312267e-08, -2.7939703883816946e-09, -9.313234627938982e-10],
  "thumb01_L": [0.9711734056472778, -0.14647531509399414, 0.14885489642620087, 0.11493279039859772],
  "index03_L": [0.7631508708000183, -0.6457521319389343, 0.022391237318515778, -0.010187639854848385],
  "toes_L": [0.99958735704422, 0.016658339649438858, 1.100437748391414e-05, -0.02340223267674446],
  "ring03_R": [0.6065821051597595, -0.7945405840873718, -0.025560012087225914, 0.01049995981156826],
  "clavicle_L": [0.8490030169487, -0.0159489493817091, -0.0395805649459362, 0.5266620516777039],
  "upperarm_L": [0.7918881773948669, 0.029011372476816177, -0.532608151435852, 0.2973216474056244],
  "index02_R": [0.5955610871315002, -0.8032557368278503, -0.009180089458823204, -0.0017003624234348536],
  "neck": [0.8176538348197937, -0.5751900672912598, 0.02380421571433544, -0.005653325468301773],
  "ring00_R": [0.9980277419090271, -0.06277615576982498, 1.3414227062469308e-08, 1.0498085956101022e-08],
  "calf_twist_L": [1.0, 1.7763568394002505e-15, 0.0, -6.05359762317903e-09],
  "pinky00_L": [0.9938377737998962, -0.11084430664777756, -1.1245166575690746e-07, -1.8741979079806015e-09],
  "ring00_L": [0.9980277419090271, -0.06277613341808319, -7.465306595122456e-09, -4.47918289125937e-08],
  "middle02_L": [0.5752990245819092, -0.8179032206535339, 0.005204539280384779, -0.006207017228007317],
  "toes_R": [0.9770908355712891, 0.20430703461170197, -0.05630680173635483, -0.019542640075087547],
  "ring02_L": [0.6131064891815186, -0.7896543145179749, -0.02032415382564068, 0.011560983955860138],
  "pinky03_L": [0.7539674639701843, -0.6567797064781189, -0.009880466386675835, 0.00871020182967186],
  "spine02": [1.0, 1.4901159417490817e-08, -9.094943765122765e-13, -6.821208636993703e-13],
  "pinky01_R": [0.8260121941566467, -0.5527186989784241, -0.07952939718961716, 0.07668832689523697],
  "clavicle_R": [0.990797758102417, 3.5248965968293078e-09, -0.1353507936000824, 1.2807129579073262e-08],
  "pinky01_L": [0.8277111649513245, -0.5512808561325073, 0.07572177797555923, -0.07245760411024094],
  "middle03_L": [0.681393027305603, -0.7316835522651672, 0.017241457477211952, -0.006747794803231955],
  "ring03_L": [0.6069265604019165, -0.7942967414855957, 0.02505822852253914, -0.01025306060910225],
  "root": [1.0, 3.725290298461914e-09, 0.0, -1.4210854715202004e-14],
  "pinky00_R": [0.9938377737998962, -0.11084429174661636, 5.482020526414999e-08, 3.033854412137771e-08],
  "lowerarm_R": [0.8575198650360107, 0.4639011323451996, 0.196515753865242, 0.10410100221633911],
  "pinky02_L": [0.5821111798286438, -0.8130183219909668, 0.006570205092430115, -0.01023910939693451],
  "index02_L": [0.5954129695892334, -0.8033848404884338, 0.00414894288405776, 0.006245578173547983],
  "lowerarm_twist_R": [0.9976556301116943, -0.06825379282236099, 0.00037033885018900037, 0.004955329466611147],
  "head": [0.9760198593139648, -0.21768195927143097, -3.101164658403377e-09, 1.0019151375217916e-07],
  "ring02_R": [0.6135522723197937, -0.7892916798591614, 0.020862875506281853, -0.011714889667928219],
  "thigh_L": [0.7406253814697266, 0.6692003607749939, -0.057013969868421555, 0.019860316067934036],
  "middle03_R": [0.6818310618400574, -0.7312692999839783, -0.01733541302382946, 0.007151702884584665],
  "spine01": [0.9900968074798584, 0.14038701355457306, -2.37665244640084e-05, 0.0001675864914432168],
  "calf_L": [0.39141038060188293, -0.9175024032592773, 0.07062064111232758, -2.8200662200106308e-05],
  "thumb03_L": [0.9773673415184021, -0.2095770686864853, 0.02213944122195244, -0.01845184899866581],
  "breast_R": [0.9880196452140808, 0.06459922343492508, -0.0036896502133458853, -0.14010906219482422],
  "upperarm_twist_L": [0.9980211853981018, -0.0393168143928051, -0.004073555115610361, -0.048901453614234924],
  "ring01_L": [0.8697307705879211, -0.49316293001174927, 0.017323901876807213, -0.0076602245680987835],
  "hand_R": [0.9076851010322571, 0.1763898730278015, 0.3763042390346527, -0.05822058022022247],
  "lowerarm_L": [0.9991686940193176, 0.03999403491616249, -0.005915781948715448, -0.005240658763796091]
}
