{"lowerarm_R": [0.8770561218261719, 0.429563969373703, 0.1931314468383789, 0.09459179639816284], "clavicle_L": [0.8490031361579895, -0.015948954969644547, -0.03958061337471008, 0.5266620516777039], "head": [0.9760197401046753, -0.21768194437026978, -4.2224020503980886e-13, 1.0448805909391012e-07], "upperarm_R": [0.8799623847007751, -0.1539890617132187, 0.2601334750652313, 0.3664487302303314], "ring02_R": [0.629234790802002, -0.777215301990509, -9.472559270307102e-08, 1.1248665288121629e-07], "hand_R": [0.9020777940750122, 0.2054014503955841, 0.3700876533985138, -0.08426828682422638], "upperarm_twist_R": [1.0, 0.0, 0.0, 0.0], "toes_L": [1.0, 0.0, 0.0, 0.0], "thumb02_R": [0.9094103574752808, -0.40673696994781494, 0.049724265933036804, 0.07117123901844025], "thigh_L": [0.7333272695541382, 0.6774027347564697, -0.05793747678399086, 0.00017549819312989712], "pinky00_R": [0.9938377737998962, -0.11084429174661636, 2.6121579566051878e-08, 2.2490327822310974e-08], "ring01_L": [0.8463504910469055, -0.5326264500617981, -7.561105519471312e-08, -8.30321980060944e-08], "clavicle_R": [0.990797758102417, -3.5248965968293078e-09, -0.1353507936000824, 0.0], "toes_R": [0.9739570021629333, 0.22088947892189026, -0.05104841664433479, 0.0031041998881846666], "ring00_R": [0.9980276226997375, -0.06277614086866379, 1.6097065014264444e-08, 7.465303930587197e-09], "upperarm_L": [0.8510058522224426, 0.18919943273067474, -0.42601144313812256, 0.24188220500946045], "middle03_R": [0.6882364153862, -0.7254865169525146, -1.7507046479181554e-08, 5.6496176625842054e-08], "foot_R": [0.8987958431243896, -0.43046292662620544, -0.06626752763986588, -0.04976293817162514], "ring01_R": [0.8463504314422607, -0.5326264500617981, 7.561105519471312e-08, 8.303220511152176e-08], "pinky02_R": [0.6204913258552551, -0.7842133045196533, -3.602264442292835e-08, 8.855568012222648e-08], "thigh_twist_R": [1.0, 0.0, 0.0, 0.0], "ring03_L": [0.5790440440177917, -0.8152962327003479, 3.216759125734825e-08, 1.5279606202511786e-07], "index01_L": [0.8689365386962891, -0.4949237108230591, 2.691602318805053e-08, 4.458221880554447e-08], "ring02_L": [0.629234790802002, -0.777215301990509, 9.472559270307102e-08, -1.1248665288121629e-07], "pelvis": [1.0, 0.0, 0.0, 0.0], "index03_R": [0.7596408128738403, -0.6503428816795349, 1.2194162479772785e-07, 4.020268562499041e-09], "index00_R": [1.0, 0.0, 0.0, -0.0], "spine02": [1.0, 0.0, 0.0, 0.0], "middle01_L": [0.8505282402038574, -0.5259297490119934, -1.92763653927841e-08, 4.597161762376345e-08], "index02_L": [0.6601261496543884, -0.7511547803878784, 3.9503110116356766e-08, 5.502218058950348e-08], "lowerarm_twist_L": [1.0, 0.0, 0.0, 0.0], "ring03_R": [0.5790441036224365, -0.8152962327003479, -3.2167601915489286e-08, -1.5279606202511786e-07], "middle02_L": [0.6172268390655518, -0.7867851853370667, -4.828420685498713e-08, 6.035538735460477e-09], "spine03": [0.9914343357086182, 0.1306072622537613, 2.2737367544323206e-13, -3.1276510270572544e-08], "middle01_R": [0.8505280017852783, -0.5259297490119934, 1.927637072185462e-08, -4.597161051833609e-08], "middle00_L": [1.0, 0.0, 0.0, 0.0], "index03_L": [0.7596408128738403, -0.6503428220748901, -1.2194159637601842e-07, -4.0202579043580045e-09], "thumb02_L": [0.9094104170799255, -0.4067370593547821, -0.0497242771089077, -0.07117125391960144], "index02_R": [0.6601261496543884, -0.7511547803878784, -3.9503110116356766e-08, -5.502218058950348e-08], "pinky03_R": [0.7317358255386353, -0.681588351726532, -9.418408097872089e-08, -4.7092033383933085e-08], "pinky00_L": [0.9938377737998962, -0.11084429174661636, -2.6121579566051878e-08, -2.2490327822310974e-08], "pinky01_L": [0.7916647791862488, -0.6053606271743774, 0.05168674513697624, -0.06429842114448547], "hand_L": [1.0, 0.0, 0.0, 0.0], "pinky03_L": [0.7317358255386353, -0.681588351726532, 9.418408097872089e-08, 4.7092033383933085e-08], "index01_R": [0.8689364790916443, -0.4949236810207367, -2.6916019635336852e-08, -4.458221525283079e-08], "thumb01_L": [0.9896928668022156, 0.008019723929464817, 0.11899175494909286, 0.0792762041091919], "index00_L": [1.0, 0.0, 0.0, 0.0], "calf_R": [1.0, 0.0, 0.0, 0.0], "calf_twist_L": [1.0, 0.0, 0.0, 0.0], "spine01": [1.0, 0.0, 0.0, 0.0], "thumb01_R": [0.9896928668022156, 0.008019719272851944, -0.11899176985025406, -0.0792762041091919], "middle00_R": [1.0, 0.0, 0.0, -0.0], "pinky01_R": [0.7916646003723145, -0.6053605675697327, -0.05168674886226654, 0.06429842114448547], "lowerarm_L": [1.0, 0.0, 0.0, 0.0], "middle02_R": [0.617226779460907, -0.7867853045463562, 4.828421396041449e-08, -6.035536515014428e-09], "foot_L": [0.8864315748214722, -0.46207842230796814, 0.026701468974351883, -0.0031363421585410833], "middle03_L": [0.6882364153862, -0.7254865169525146, 1.7507044702824714e-08, -5.6496173073128375e-08], "calf_twist_R": [1.0, 0.0, 0.0, 0.0], "pinky02_L": [0.6204913258552551, -0.7842134237289429, 3.602265508106939e-08, -8.855569433308119e-08], "neck": [0.9353500008583069, -0.3528780937194824, 0.02443850412964821, 0.0004719241987913847], "lowerarm_twist_R": [1.0, 0.0, 0.0, 0.0], "thumb03_R": [0.9572157859802246, -0.28937509655952454, -6.770917160281442e-09, -9.675640733064483e-09], "thigh_twist_L": [1.0, 0.0, 0.0, 0.0], "calf_L": [0.3982366919517517, -0.9119704961776733, 0.09790445864200592, -0.011502820998430252], "root": [0.7950409650802612, 0.6065558791160583, -1.4656985477742857e-12, -9.607937272448908e-07], "thumb03_L": [0.9572158455848694, -0.28937506675720215, 6.770917160281442e-09, 9.675639844886064e-09], "thigh_R": [0.9871206879615784, -0.005139621440321207, 0.06054069846868515, 0.1479906290769577], "ring00_L": [0.9980277419090271, -0.06277615576982498, -1.6097066790621284e-08, -7.465305706944037e-09], "upperarm_twist_L": [1.0, 0.0, 0.0, 0.0]}