{"index00_R": [0.9218533039093018, 0.38226598501205444, -0.06364800035953522, -0.002861068118363619], "foot_R": [0.8901300430297852, -0.445951908826828, -0.08928937464952469, -0.028684565797448158], "calf_R": [0.9952496290206909, 0.009640833362936974, 0.06169263646006584, -0.07469441741704941], "hand_L": [0.9776334166526794, -0.19055065512657166, 0.06570490449666977, -0.06005246564745903], "calf_twist_R": [1.0, 1.8626444830971423e-09, -1.4784745872020721e-08, -9.313225746154785e-10], "lowerarm_twist_L": [0.9976556301116943, -0.06825394928455353, -0.0003704408882185817, -0.00495528057217598], "index01_R": [0.9332096576690674, 0.29318538308143616, -0.07166355848312378, 0.19500404596328735], "thumb02_L": [0.992300271987915, 0.09005540609359741, -0.07317368686199188, -0.043309494853019714], "breast_L": [0.9880136847496033, 0.06459750235080719, 0.0036917743273079395, 0.14015179872512817], "thumb02_R": [0.9923003315925598, 0.09005559980869293, 0.0731738731265068, 0.04330943897366524], "foot_L": [0.8901296854019165, -0.4459526836872101, 0.08928906172513962, 0.028684481978416443], "middle02_R": [0.9986043572425842, -0.05277213081717491, 0.001480810926295817, 0.0014966989401727915], "ring01_R": [0.9860316514968872, 0.15600627660751343, 0.016955813392996788, -0.055823925882577896], "thigh_R": [0.9576703310012817, 0.219718337059021, 0.12344305962324142, 0.1391156166791916], "pelvis": [0.20624734461307526, -0.9784997701644897, -2.8059967007720843e-06, -0.0006076723802834749], "pinky03_R": [0.9993588924407959, 0.03423845395445824, 0.0009492698591202497, -0.010426079854369164], "middle00_L": [0.8940300345420837, 0.44654029607772827, 0.035765089094638824, 0.005762176588177681], "upperarm_twist_R": [0.9980211853981018, -0.03931720182299614, 0.0040601822547614574, 0.048901982605457306], "upperarm_R": [0.733586847782135, 0.1353597790002823, 0.5466495156288147, -0.3803979754447937], "thumb03_R": [0.9599024057388306, 0.2788490653038025, -0.010745543986558914, 0.02674197405576706], "index00_L": [0.9218533635139465, 0.3822658061981201, 0.06364798545837402, 0.0028610960580408573], "thigh_twist_R": [0.999564528465271, -0.025004465132951736, -0.0006142332567833364, 0.01566082425415516], "middle01_R": [0.972663164138794, 0.22473347187042236, 0.020206451416015625, 0.05489014834165573], "thumb01_R": [0.9938089847564697, 0.050664838403463364, 0.011403310112655163, -0.0982174202799797], "spine03": [0.9771093130111694, -0.2127382904291153, -8.449024357752577e-13, 4.659176155996647e-08], "thigh_twist_L": [0.9995644688606262, -0.025004994124174118, 0.0006144126527942717, -0.015660971403121948], "index01_L": [0.9331705570220947, 0.29317358136177063, 0.07165215909481049, -0.1952127367258072], "pinky02_R": [0.9987741112709045, -0.04827922210097313, 0.004544420633465052, 0.009946989826858044], "middle01_L": [0.972663164138794, 0.2247338593006134, -0.02020668424665928, -0.054890453815460205], "index03_R": [0.9996800422668457, 0.005777143873274326, -0.010507197119295597, 0.02227185294032097], "middle00_R": [0.8940299153327942, 0.44654032588005066, -0.03576510027050972, -0.005762165877968073], "thumb01_L": [0.9938091039657593, 0.05066458880901337, -0.011402889154851437, 0.09821697324514389], "index03_L": [0.9996806979179382, 0.005771420430392027, 0.010383915156126022, -0.022300776094198227], "toes_L": [0.99958735704422, 0.016660260036587715, 1.114614224206889e-05, -0.023402290418744087], "ring03_R": [0.9990237355232239, 0.03446872904896736, -0.006239028647542, 0.026919446885585785], "clavicle_L": [0.8620244860649109, 4.105480755356439e-08, 6.050186129868962e-08, 0.5068668723106384], "upperarm_L": [0.7248813509941101, 0.14918376505374908, -0.5398523211479187, 0.40106186270713806], "index02_R": [0.9965149760246277, -0.082891084253788, -0.007337097078561783, 0.005773271434009075], "neck": [0.9049666523933411, -0.4254826009273529, 2.194953958678525e-05, 9.722109098220244e-06], "ring00_R": [0.8916213512420654, 0.45059430599212646, 0.04444802179932594, 0.0007506493129767478], "calf_twist_L": [1.0, -1.862645371275562e-09, -1.4490071365003132e-08, 9.022187441587448e-10], "pinky00_L": [0.923673689365387, 0.37172794342041016, -0.09179820865392685, -0.014783212915062904], "ring00_L": [0.8916214108467102, 0.4505941569805145, -0.04444802179932594, -0.0007506294641643763], "middle02_L": [0.9986040592193604, -0.052195049822330475, -0.001671419944614172, -0.007925666868686676], "toes_R": [0.99958735704422, -0.015670031309127808, -1.10592463897774e-05, -0.024075932800769806], "ring02_L": [0.9995192885398865, -0.020360952243208885, -0.003803396364673972, 0.023070571944117546], "pinky03_L": [0.9993584156036377, 0.03330686688423157, -0.0012931396486237645, 0.01310766115784645], "spine02": [0.987082839012146, -0.16021138429641724, 6.905976983849482e-13, 2.3544448168877352e-08], "pinky01_R": [0.9676480889320374, 0.20442891120910645, 0.0607626847922802, -0.1348104029893875], "clavicle_R": [0.8620244860649109, 3.781367752253573e-08, -1.7286243547687263e-08, -0.5068668723106384], "pinky01_L": [0.9661703109741211, 0.20775505900382996, -0.0611545667052269, 0.14004629850387573], "middle03_L": [0.9997860193252563, -0.009229125455021858, 0.006970562506467104, -0.017152218148112297], "ring03_L": [0.9990244507789612, 0.03488726168870926, 0.0061496165581047535, -0.02636701613664627], "root": [1.0, 3.725290298461914e-09, 0.0, -1.4210854715202004e-14], "pinky00_R": [0.9236735701560974, 0.37172797322273254, 0.09179817885160446, 0.014783213846385479], "lowerarm_R": [0.9559041857719421, 0.014438171871006489, 0.29111361503601074, 0.035938993096351624], "pinky02_L": [0.9987745881080627, -0.04797273874282837, -0.003953949082642794, -0.011505669914186], "index02_L": [0.9965140223503113, -0.0830877274274826, 0.007431311067193747, 0.0010062592336907983], "lowerarm_twist_R": [0.9976556897163391, -0.06825403869152069, 0.0003703886177390814, 0.004955302458256483], "head": [0.9907078742980957, -0.13600727915763855, -1.6010354153550566e-09, 6.243953976081684e-08], "ring02_R": [0.9995178580284119, -0.01978764496743679, 0.004022798966616392, -0.023586491122841835], "thigh_L": [0.9614664912223816, 0.22157999873161316, -0.1042112484574318, -0.1249990165233612], "middle03_R": [0.9997869729995728, -0.008625989779829979, -0.006741299293935299, 0.017498059198260307], "spine01": [0.9900968074798584, 0.14038705825805664, -2.3768072423990816e-05, 0.00016761463484726846], "calf_L": [0.9926759004592896, 0.0025724899023771286, -0.1099516749382019, 0.04998788982629776], "thumb03_L": [0.9599024057388306, 0.27884912490844727, 0.010745612904429436, -0.02674194425344467], "breast_R": [0.9880197048187256, 0.06459306180477142, -0.003666249103844166, -0.1401118040084839], "upperarm_twist_L": [0.9980211853981018, -0.03931708633899689, -0.004073841031640768, -0.04890083521604538], "ring01_L": [0.9857267141342163, 0.15697607398033142, -0.01696479506790638, 0.058425672352313995], "hand_R": [0.9776334762573242, -0.19055071473121643, -0.0657050758600235, 0.06005235016345978], "lowerarm_L": [0.9558953046798706, 0.014342565089464188, -0.29112163186073303, -0.03615039587020874]}
