{"lowerarm_R": [1.0, 0.0, 0.0, -0.0], "clavicle_L": [0.937141478061676, 0.24916724860668182, -0.24218718707561493, -0.032050639390945435], "head": [0.9965595602989197, -0.0828804224729538, -1.2120927633980927e-13, 3.66654582251158e-08], "upperarm_R": [0.9110250473022461, 0.07717752456665039, 0.007750708609819412, 0.40498998761177063], "ring02_R": [1.0, 0.0, 0.0, -0.0], "hand_R": [0.9822454452514648, -0.17602671682834625, -0.060436926782131195, 0.0235784649848938], "upperarm_twist_R": [1.0, 0.0, 0.0, 0.0], "toes_L": [0.9164919853210449, -0.3769983947277069, 0.1274360716342926, -0.0409238338470459], "thumb02_R": [1.0, 0.0, 0.0, -0.0], "thigh_L": [0.7109243273735046, 0.3657072186470032, -0.19497962296009064, 0.5681794881820679], "pinky00_R": [0.9236735701560974, 0.37172791361808777, 0.09179817140102386, 0.01478319987654686], "ring01_L": [0.9908178448677063, 0.11199762672185898, -0.013741615228354931, 0.07448377460241318], "clavicle_R": [0.9371412992477417, 0.24916724860668182, 0.24218717217445374, 0.03205063194036484], "toes_R": [0.9575657844543457, 0.2552517056465149, -0.0766001045703888, 0.10975947231054306], "ring00_R": [0.8916213512420654, 0.4505941569805145, 0.04444802179932594, 0.0007506459951400757], "upperarm_L": [0.9110255241394043, 0.07717756181955338, -0.007750708609819412, -0.40499013662338257], "middle03_R": [1.0, 0.0, 0.0, -0.0], "foot_R": [0.9264963865280151, -0.36101892590522766, -0.10140417516231537, -0.03141646832227707], "ring01_R": [0.9908177852630615, 0.11199762672185898, 0.013741615228354931, -0.07448378950357437], "pinky02_R": [1.0, 0.0, 0.0, -0.0], "thigh_twist_R": [0.9694925546646118, 2.689766098740165e-08, -0.24512092769145966, 1.2344065680736094e-07], "ring03_L": [1.0, 0.0, 0.0, 0.0], "index01_L": [0.9622892141342163, 0.1781347692012787, 0.06366822868585587, -0.19548431038856506], "ring02_L": [1.0, 0.0, 0.0, 0.0], "pelvis": [1.0, 0.0, 0.0, 0.0], "index03_R": [1.0, 0.0, 0.0, -0.0], "index00_R": [0.9218533039093018, 0.3822658658027649, -0.06364798545837402, -0.0028610974550247192], "spine02": [0.961953341960907, 0.2732144594192505, 4.5274894944213884e-13, -4.014835752741419e-08], "middle01_L": [0.9878802299499512, 0.13851696252822876, 0.015299206599593163, -0.06835104525089264], "index02_L": [1.0, 0.0, 0.0, 0.0], "lowerarm_twist_L": [1.0, 0.0, 0.0, 0.0], "ring03_R": [1.0, 0.0, 0.0, -0.0], "middle02_L": [1.0, 0.0, 0.0, 0.0], "spine03": [0.9721088409423828, 0.23453113436698914, 3.788080960021034e-13, -5.1364153819122293e-08], "middle01_R": [0.9878800511360168, 0.13851696252822876, -0.015299201011657715, 0.06835103780031204], "middle00_L": [0.8940300941467285, 0.44654029607772827, 0.03576509281992912, 0.005762194748967886], "index03_L": [1.0, 0.0, 0.0, 0.0], "thumb02_L": [1.0, 0.0, 0.0, 0.0], "index02_R": [1.0, 0.0, 0.0, -0.0], "pinky03_R": [1.0, 0.0, 0.0, -0.0], "pinky00_L": [0.9236737489700317, 0.37172794342041016, -0.09179817885160446, -0.014783201739192009], "pinky01_L": [0.9716723561286926, 0.1468202769756317, -0.05118311196565628, 0.17798157036304474], "hand_L": [0.9822459816932678, -0.1760268211364746, 0.06043696776032448, -0.023578478023409843], "pinky03_L": [1.0, 0.0, 0.0, 0.0], "index01_R": [0.962289035320282, 0.1781347393989563, -0.06366822123527527, 0.19548429548740387], "thumb01_L": [0.978280246257782, 0.19741882383823395, -0.04797886312007904, 0.041130900382995605], "index00_L": [0.9218536019325256, 0.38226601481437683, 0.06364800781011581, 0.0028610993176698685], "calf_R": [0.9794074296951294, 9.1286821657377e-08, 0.20189377665519714, -5.134881320145723e-08], "calf_twist_L": [1.0, 0.0, 0.0, 0.0], "spine01": [0.991340696811676, 0.13131582736968994, 1.9917401061775308e-13, -4.6925553220944494e-08], "thumb01_R": [0.9782801866531372, 0.19741888344287872, 0.04797886312007904, -0.041130904108285904], "middle00_R": [0.8940299153327942, 0.4465402066707611, -0.03576509281992912, -0.005762193351984024], "pinky01_R": [0.971671998500824, 0.14682024717330933, 0.05118311196565628, -0.17798151075839996], "lowerarm_L": [1.0, 0.0, 0.0, 0.0], "middle02_R": [1.0, 0.0, 0.0, -0.0], "foot_L": [0.9264963865280151, -0.36101892590522766, 0.10140416771173477, 0.03141646459698677], "middle03_L": [1.0, 0.0, 0.0, 0.0], "calf_twist_R": [1.0, 0.0, 0.0, 0.0], "pinky02_L": [1.0, 0.0, 0.0, 0.0], "neck": [0.9804559946060181, -0.19673854112625122, -3.3019436794165524e-13, 5.292790206112841e-08], "lowerarm_twist_R": [1.0, 0.0, 0.0, 0.0], "thumb03_R": [0.9799920916557312, 0.19903643429279327, -1.7106064120753217e-08, -7.60269536215219e-09], "thigh_twist_L": [0.969492495059967, 2.689766631647217e-08, 0.24512094259262085, -1.2344067101821565e-07], "calf_L": [0.9794074296951294, 9.1286821657377e-08, -0.20189377665519714, 5.134881675417091e-08], "root": [0.983502209186554, -0.18089646100997925, -5.409006575973763e-13, 2.86542245930832e-07], "thumb03_L": [0.9799920916557312, 0.19903643429279327, 1.7106064120753217e-08, 7.60269536215219e-09], "thigh_R": [0.7109242081642151, 0.36570724844932556, 0.19497954845428467, -0.5681796073913574], "ring00_L": [0.8916215896606445, 0.4505941867828369, -0.04444802552461624, -0.0007506487891077995], "upperarm_twist_L": [1.0, 0.0, 0.0, 0.0]}