{"toes_R": [1.0, 0.0, 0.0, 0.0], "head": [1.0, 0.0, 0.0, 0.0], "ring02_L": [0.931135356426239, -0.364673912525177, -2.5632717282064732e-08, 7.641041577244323e-09], "thumb02_R": [0.9404827952384949, -0.3363208472728729, -0.004131772555410862, 0.048613592982292175], "ring01_R": [0.9537948966026306, -0.30045852065086365, 3.8049442707688286e-08, 7.013714053982767e-10], "foot_R": [0.8859344720840454, -0.383453905582428, -0.013477299362421036, 0.2605801522731781], "thumb01_L": [0.9964458346366882, -0.08423645794391632, -3.6583749363217066e-08, -2.0647021869990567e-08], "calf_L": [0.29650411009788513, -0.8882288932800293, -0.18690061569213867, -0.2969913184642792], "lowerarm_twist_L": [1.0, 0.0, 0.0, 0.0], "pelvis": [1.0, 0.0, 0.0, 0.0], "middle03_L": [0.97478848695755, -0.2231309413909912, -7.643278898683548e-09, -3.821641225698613e-09], "index00_R": [1.0, 0.0, 0.0, -0.0], "index01_R": [0.9888768196105957, -0.1487368792295456, 2.2603162008749678e-08, -9.417981949866316e-10], "ring00_R": [1.0, 0.0, 0.0, -0.0], "index02_R": [0.9676914215087891, -0.25213754177093506, 2.3098001733501405e-08, 8.421139341407979e-10], "calf_R": [0.2535468339920044, -0.9209831357002258, 0.11619704216718674, 0.27203428745269775], "pinky03_R": [0.8658187985420227, -0.5003576874732971, -4.053225310940434e-08, -1.0420300178282105e-08], "neck": [1.0, 0.0, 0.0, 0.0], "middle01_L": [0.9425225257873535, -0.33340051770210266, 0.007426970172673464, 0.020996198058128357], "spine03": [1.0, 0.0, 0.0, 0.0], "pinky03_L": [0.8658188581466675, -0.5003577470779419, 4.0532256662118016e-08, 1.0420303730995784e-08], "ring00_L": [1.0, 0.0, 0.0, 0.0], "index03_L": [0.9982457160949707, -0.05920751392841339, 7.463672346830208e-09, 0.0], "ring03_R": [0.9653907418251038, -0.26080790162086487, 3.858843022896963e-09, -7.717686045793926e-09], "middle00_L": [1.0, 0.0, 0.0, 0.0], "spine02": [1.0, 0.0, 0.0, 0.0], "pinky02_R": [0.91201251745224, -0.41016241908073425, 2.4508153728675097e-08, 1.1232905272606786e-08], "root": [0.9971517324447632, -0.07542305439710617, -5.745115483606761e-14, 9.551108348659909e-08], "breast_L": [1.0, 0.0, 0.0, 0.0], "thigh_twist_R": [0.8772030472755432, -4.546718059827981e-07, -0.4801195561885834, -4.087519300810527e-08], "thumb02_L": [0.9404829144477844, -0.33632081747055054, 0.004131767898797989, -0.04861358553171158], "pinky02_L": [0.91201251745224, -0.41016238927841187, -2.4508153728675097e-08, -1.1232904384428366e-08], "index01_L": [0.9888768196105957, -0.1487368792295456, -2.2603160232392838e-08, 9.41798528053539e-10], "clavicle_R": [1.0, 0.0, 0.0, 0.0], "thigh_R": [0.6869122982025146, 0.6118887066841125, 0.37619587779045105, -0.11054560542106628], "thumb03_L": [0.9851435422897339, -0.17173299193382263, 1.6550808723536647e-08, 4.6129615682843905e-09], "thigh_L": [0.6869125366210938, 0.6118888854980469, -0.3761959671974182, 0.11054562777280807], "spine01": [0.9990598559379578, 0.04335344210267067, -7.72331146519506e-14, -2.041963220733578e-08], "index02_L": [0.9676914215087891, -0.25213754177093506, -2.3098001733501405e-08, -8.421138786296467e-10], "ring03_L": [0.9653907418251038, -0.26080790162086487, -3.858842578807753e-09, 7.717685157615506e-09], "thumb03_R": [0.9851435422897339, -0.17173299193382263, -1.6550808723536647e-08, -4.6129615682843905e-09], "calf_twist_L": [1.0, 0.0, 0.0, 0.0], "lowerarm_L": [0.9976812601089478, 0.06805995106697083, -1.1201847449626712e-08, 1.0268355943310326e-08], "thigh_twist_L": [0.8772030472755432, -4.5467174913937924e-07, 0.48011958599090576, 4.0875214324387343e-08], "upperarm_L": [0.8395031094551086, 0.09818211197853088, -0.37560999393463135, -0.38014721870422363], "lowerarm_R": [0.9976812601089478, 0.06805995106697083, 1.1201847449626712e-08, -1.0268356831488745e-08], "pinky01_L": [0.9699268341064453, -0.2412647157907486, -0.007759513799101114, -0.031194519251585007], "toes_L": [1.0, 0.0, 0.0, 0.0], "ring02_R": [0.9311352968215942, -0.364673912525177, 2.563271905842157e-08, -7.641042465422743e-09], "clavicle_L": [1.0, 0.0, 0.0, 0.0], "middle02_L": [0.937299907207489, -0.3485240340232849, -1.060471888081338e-08, 2.3501200985265314e-09], "foot_L": [0.9528588652610779, -0.3011530935764313, 0.000598353217355907, 0.036969348788261414], "index03_R": [0.9982457160949707, -0.05920751392841339, -7.463672346830208e-09, 0.0], "index00_L": [1.0, 0.0, 0.0, 0.0], "pinky00_R": [1.0, 0.0, 0.0, -0.0], "upperarm_R": [0.8395031690597534, 0.09818209707736969, 0.37560999393463135, 0.380147248506546], "hand_L": [0.9225502014160156, 0.26686757802963257, -0.27742573618888855, -0.026795722544193268], "breast_R": [1.0, 0.0, 0.0, 0.0], "pinky00_L": [1.0, 0.0, 0.0, 0.0], "middle01_R": [0.9425222277641296, -0.3334004282951355, -0.007426968310028315, -0.02099619433283806], "upperarm_twist_R": [0.8579834699630737, 6.89724743097031e-07, -0.5136772394180298, 6.956704510230338e-07], "calf_twist_R": [1.0, 0.0, 0.0, 0.0], "lowerarm_twist_R": [1.0, 0.0, 0.0, -0.0], "upperarm_twist_L": [0.8579834699630737, 6.897246294101933e-07, 0.5136772394180298, -6.956703373361961e-07], "middle02_R": [0.9372998476028442, -0.3485240340232849, 1.06047197689918e-08, -2.3501200985265314e-09], "pinky01_R": [0.9699268937110901, -0.2412647157907486, 0.007759513333439827, 0.031194519251585007], "ring01_L": [0.9537949562072754, -0.30045849084854126, -3.8049442707688286e-08, -7.013696290414373e-10], "hand_R": [0.9225500822067261, 0.2668675482273102, 0.2774256765842438, 0.026795722544193268], "middle03_R": [0.97478848695755, -0.22313092648983002, 7.643278898683548e-09, 3.821640781609403e-09], "middle00_R": [1.0, 0.0, 0.0, -0.0], "thumb01_R": [0.9964457750320435, -0.08423646539449692, 3.6583752915930745e-08, 2.0647021869990567e-08]}