{"index00_R": [1.0, 7.4505797087454084e-09, -3.7252920748187535e-08, 3.725293495904225e-08], "foot_R": [0.8724832534790039, -0.4035176634788513, 0.011996113695204258, 0.2753227651119232], "calf_R": [0.25459131598472595, -0.9190961718559265, 0.1456684172153473, 0.26310890913009644], "hand_L": [0.9252554178237915, 0.2408619225025177, -0.28785091638565063, -0.05504386126995087], "calf_twist_R": [1.0, -7.450577044210149e-09, 3.552713678800501e-15, 3.725292518907963e-09], "lowerarm_twist_L": [0.9976556301116943, -0.0682537779211998, -0.00037043498014099896, -0.004955414682626724], "index01_R": [0.999415397644043, -0.03290674462914467, -0.006804321426898241, 0.006304007489234209], "thumb02_L": [0.9617259502410889, -0.2453007847070694, -0.04577101767063141, -0.11320732533931732], "breast_L": [0.9880130887031555, 0.06460025161504745, 0.0036748540587723255, 0.14015519618988037], "thumb02_R": [0.9617259502410889, -0.245300754904747, 0.04577077925205231, 0.11320709437131882], "foot_L": [0.9434574246406555, -0.33014267683029175, -0.01806374453008175, 0.02382543683052063], "middle02_R": [0.9175987839698792, -0.3975023031234741, 0.0008670843089930713, 0.0019165019039064646], "ring01_R": [0.966127336025238, -0.2572380304336548, -0.014662406407296658, 0.014545672573149204], "thigh_R": [0.6616165637969971, 0.6382837295532227, 0.38250911235809326, -0.0924346074461937], "pelvis": [0.9971518516540527, -0.07542015612125397, -1.9390139982533583e-07, -4.6830584324197844e-05], "pinky03_R": [0.8823955059051514, -0.47039198875427246, 0.00604350445792079, -0.008554446510970592], "middle00_L": [1.0, 5.329070518200751e-15, 3.72529100900465e-08, -2.2351738238057806e-08], "upperarm_twist_R": [0.8583718538284302, -0.00861494429409504, -0.5091758370399475, 0.06215629354119301], "upperarm_R": [0.7853367924690247, 0.1718764454126358, 0.4590790867805481, 0.37808871269226074], "thumb03_R": [0.9955169558525085, -0.09008578211069107, -0.019750962033867836, 0.020989131182432175], "index00_L": [1.0, -1.4901157641133977e-08, 3.552713678800501e-15, 1.4901157641133977e-08], "thigh_twist_R": [0.8765289783477783, -0.014415861107409, -0.48044419288635254, 0.025738971307873726], "middle01_R": [0.9659695625305176, -0.25716036558151245, -0.012801502831280231, -0.024649983271956444], "thumb01_R": [0.9705959558486938, -0.2334679812192917, -0.014495011419057846, -0.05679881572723389], "spine03": [1.0, 1.8626460374093767e-08, 2.7284845389996537e-12, 5.4569699453610454e-12], "thigh_twist_L": [0.8765289187431335, -0.014416184276342392, 0.4804443418979645, -0.025739986449480057], "index01_L": [0.999413251876831, -0.0329197533428669, 0.006866956129670143, -0.006503334268927574], "pinky02_R": [0.8910914063453674, -0.4536922872066498, 6.15555836702697e-05, 0.010936541482806206], "middle01_L": [0.9659695029258728, -0.2571605145931244, 0.012801656499505043, 0.02465028688311577], "index03_R": [0.9982684254646301, -0.05342291295528412, -0.011805313639342785, 0.021609004586935043], "middle00_R": [1.0, -3.7252917195473856e-08, -2.2351745343485163e-08, 1.7763568394002505e-15], "thumb01_L": [0.9705958962440491, -0.23346813023090363, 0.014494240283966064, 0.056799378246068954], "index03_L": [0.998268723487854, -0.05342893302440643, 0.011684419587254524, -0.021645816043019295], "toes_L": [0.9995872974395752, 0.01666080392897129, 1.235878880834207e-05, -0.023401668295264244], "ring03_R": [0.9734380841255188, -0.22727756202220917, -0.013042555190622807, 0.024356642737984657], "clavicle_L": [1.0, 5.587933671336032e-09, -1.1175873559921001e-08, -1.8626440834168534e-08], "upperarm_L": [0.7852119207382202, 0.17172794044017792, -0.459134966135025, -0.3783474564552307], "index02_R": [0.9434196352958679, -0.331469863653183, -0.008554184809327126, 0.003739111591130495], "neck": [0.9683430194854736, -0.24962322413921356, 2.081098864437081e-05, -1.1982540854660328e-05], "ring00_R": [1.0, -7.450580596923828e-09, 0.0, -7.450581485102248e-09], "calf_twist_L": [1.0, -5.587935891782081e-09, 7.450580596923828e-09, -1.862645815364772e-09], "pinky00_L": [1.0, 4.470350489782504e-08, -7.450580596923828e-09, -1.4901168299275014e-08], "ring00_L": [1.0, 0.0, -8.881784197001252e-16, -1.4901161193847656e-08], "middle02_L": [0.9177996516227722, -0.3969612121582031, 0.0011955787194892764, -0.00801242608577013], "toes_R": [0.99958735704422, -0.015670469030737877, -1.238911227119388e-05, -0.024075517430901527], "ring02_L": [0.9232614040374756, -0.38346022367477417, -0.0119538689032197, 0.02009427919983864], "pinky03_L": [0.8819288611412048, -0.4711984694004059, -0.007678554393351078, 0.010701848194003105], "spine02": [1.0, -1.3038517820973539e-08, -4.547472966763555e-13, -5.4569686443184384e-12], "pinky01_R": [0.982190728187561, -0.17932918667793274, -0.008702551014721394, 0.055379126220941544], "clavicle_R": [1.0, -1.39698486112394e-09, 1.5832487321176814e-08, -7.450584149637507e-09], "pinky01_L": [0.9828717112541199, -0.1772429496049881, 0.006778240669518709, -0.05002206191420555], "middle03_L": [0.9725205302238464, -0.23207984864711761, 0.010621076449751854, -0.015162707306444645], "ring03_L": [0.9735488295555115, -0.22687001526355743, 0.012812155298888683, -0.023847144097089767], "root": [1.0, 3.725290298461914e-09, 0.0, -1.4210854715202004e-14], "pinky00_R": [1.0, 1.4901164746561335e-08, -1.4901168299275014e-08, -7.450586814172766e-09], "lowerarm_R": [0.9941274523735046, 0.10793816298246384, 0.006230521947145462, 0.004597736522555351], "pinky02_L": [0.891217827796936, -0.45341262221336365, 0.0011145398020744324, -0.012113716453313828], "index02_L": [0.9433693289756775, -0.3316599428653717, 0.0069361659698188305, 0.0028471602126955986], "lowerarm_twist_R": [0.9976556301116943, -0.06825380772352219, 0.0003704022092279047, 0.004955206997692585], "head": [1.0, 7.450582373280668e-09, 5.421010862427522e-20, 3.637979674453451e-12], "ring02_R": [0.9234700202941895, -0.3829241693019867, 0.012345516122877598, -0.020492877811193466], "thigh_L": [0.661616861820221, 0.6382840871810913, -0.38250836730003357, 0.0924331322312355], "middle03_R": [0.9726559519767761, -0.23149240016937256, -0.010477502830326557, 0.015554691664874554], "spine01": [0.9830797910690308, 0.1831778585910797, -1.647203680477105e-05, 0.00016843946650624275], "calf_L": [0.3379228413105011, -0.8575897812843323, -0.2840725779533386, -0.2639141380786896], "thumb03_L": [0.9955170154571533, -0.09008567035198212, 0.019751260057091713, -0.020988984033465385], "breast_R": [0.9880198836326599, 0.06459721177816391, -0.003683915128931403, -0.1401086151599884], "upperarm_twist_L": [0.8583788275718689, -0.008615377359092236, 0.5091642737388611, -0.06215539202094078], "ring01_L": [0.9664247035980225, -0.256301611661911, 0.013650721870362759, -0.012106800451874733], "hand_R": [0.9252554774284363, 0.24086159467697144, 0.28785109519958496, 0.05504307523369789], "lowerarm_L": [0.9941295981407166, 0.10790727287530899, -0.006259290501475334, -0.0048262011259794235]}
