{"lowerarm_R": [0.9962735176086426, 0.08625040203332901, 1.8696131309781094e-09, -8.91500588798375e-16], "clavicle_L": [1.0, 0.0, 0.0, 0.0], "head": [0.9946089386940002, 0.06461374461650848, -0.018025752156972885, -0.07907910645008087], "upperarm_R": [0.959208607673645, 0.00944039598107338, 0.011562352068722248, 0.28230491280555725], "ring02_R": [0.6542026996612549, -0.7563192844390869, -2.2421691170393387e-08, 1.512574776540987e-08], "hand_R": [0.8724029660224915, -3.427241779263568e-08, -0.4887877106666565, 8.078531621436014e-09], "upperarm_twist_R": [1.0, 0.0, 0.0, 0.0], "toes_L": [1.0, 0.0, 0.0, 0.0], "thumb02_R": [0.8422172665596008, -0.5194745659828186, 0.018646109849214554, 0.1430683135986328], "thigh_L": [0.9931896924972534, -0.02586994506418705, 0.0029419842176139355, 0.11356264352798462], "pinky00_R": [0.9860345125198364, -0.1665412038564682, -1.650998626701039e-08, 2.215499561586398e-09], "ring01_L": [0.8972036242485046, -0.44161713123321533, 1.2196830212474197e-08, 1.2975252816627147e-10], "clavicle_R": [0.9990684986114502, -0.043153345584869385, 6.525335383145148e-09, 0.0], "toes_R": [1.0, 0.0, 0.0, 0.0], "ring00_R": [0.9975212812423706, -0.07036507874727249, 9.336362793987973e-10, -5.83522841157702e-10], "upperarm_L": [0.9539464116096497, -0.1328086256980896, 0.037089210003614426, -0.2664068341255188], "middle03_R": [0.7785607576370239, -0.6275691986083984, 7.775364352369252e-09, 1.4952623583752711e-09], "foot_R": [1.0, 0.0, 0.0, 0.0], "ring01_R": [0.8972036242485046, -0.44161713123321533, -1.2196830212474197e-08, -1.297522089771519e-10], "pinky02_R": [0.7002030611038208, -0.7139437794685364, -1.9023291386588426e-08, -5.547593318055988e-08], "thigh_twist_R": [1.0, 0.0, 0.0, 0.0], "ring03_L": [0.7496492266654968, -0.6618353128433228, 1.5529304064898497e-08, 1.956692585736164e-08], "index01_L": [0.8572828769683838, -0.5148459076881409, -1.643481795099433e-08, -6.637990601632282e-09], "ring02_L": [0.6542026400566101, -0.7563192844390869, 2.2421692946750227e-08, -1.512574776540987e-08], "pelvis": [0.9911981225013733, -0.0007418249733746052, -0.09490697085857391, -0.092295803129673], "index03_R": [0.9090451598167419, -0.4166976511478424, -5.420657700483389e-08, -4.968261890780923e-08], "index00_R": [0.9989866614341736, -0.017793266102671623, -0.005378633737564087, -0.0409880056977272], "spine02": [0.9981395602226257, 0.01581336185336113, -0.007590191904455423, 0.05839446932077408], "middle01_L": [0.900769054889679, -0.43429842591285706, 3.101757428680685e-08, -6.461995938344955e-10], "index02_L": [0.5226173400878906, -0.8525674939155579, 6.580194877869872e-08, -5.021147231332179e-08], "lowerarm_twist_L": [0.9875076413154602, 1.508966640528797e-08, 0.15757118165493011, 0.0], "ring03_R": [0.7496492862701416, -0.6618353128433228, -1.5529305841255336e-08, -1.95669240810048e-08], "middle02_L": [0.6484990119934082, -0.7612155675888062, 3.0607314016606324e-08, 2.818386235503567e-08], "spine03": [0.9939349293708801, 0.05368539318442345, -0.0863909125328064, 0.04181067645549774], "middle01_R": [0.900769054889679, -0.43429842591285706, -3.101757428680685e-08, 6.461995383233443e-10], "middle00_L": [0.9983773827552795, -0.05397438257932663, 0.0028229770250618458, 0.017933430150151253], "index03_L": [0.9090452790260315, -0.4166976809501648, 5.420658055754757e-08, 4.968262246052291e-08], "thumb02_L": [0.842217206954956, -0.5194746851921082, -0.018646087497472763, -0.1430683434009552], "index02_R": [0.5226173400878906, -0.8525673747062683, -6.580194167327136e-08, 5.0211468760608113e-08], "pinky03_R": [0.7788847088813782, -0.6271671652793884, 3.0247800708593786e-08, -2.8809212793134975e-08], "pinky00_L": [0.986034631729126, -0.1665412038564682, 1.650998804336723e-08, -2.215500005675608e-09], "pinky01_L": [0.888913094997406, -0.4580760896205902, 2.8550083186473785e-08, -3.339574394800593e-09], "hand_L": [0.909731388092041, 2.456960146446363e-08, 0.41519734263420105, 3.685441285483648e-08], "pinky03_L": [0.7788847088813782, -0.6271671652793884, -3.0247800708593786e-08, 2.8809211016778136e-08], "index01_R": [0.8572827577590942, -0.5148458480834961, 1.643481617463749e-08, 6.637990157543072e-09], "thumb01_L": [0.9966732859611511, -0.0045424215495586395, 0.0345403291285038, 0.07368223369121552], "index00_L": [0.9989867210388184, -0.017793266102671623, 0.005378633737564087, 0.0409880056977272], "calf_R": [0.9962019920349121, -1.0751042722745296e-08, 0.08707254379987717, 2.2436960733784872e-08], "calf_twist_L": [0.993676483631134, 3.186646324593312e-08, -0.11228107661008835, 3.748997912111918e-08], "spine01": [0.9998001456260681, 0.004723591264337301, 0.004169585183262825, 0.01897469162940979], "thumb01_R": [0.9966731667518616, -0.004542422015219927, -0.0345403328537941, -0.07368222624063492], "middle00_R": [0.99837726354599, -0.053974371403455734, -0.002822976792231202, -0.017933428287506104], "pinky01_R": [0.8889130353927612, -0.4580760598182678, -2.8550079633760106e-08, 3.339573950711383e-09], "lowerarm_L": [0.9521961212158203, 0.3054879903793335, -1.5991746593613243e-08, -9.091445818398824e-09], "middle02_R": [0.6484989523887634, -0.7612155079841614, -3.060731756932e-08, -2.818386235503567e-08], "foot_L": [0.9891823530197144, -0.0009666057303547859, -0.11470267176628113, 0.09143679589033127], "middle03_L": [0.7785608172416687, -0.6275691986083984, -7.775364352369252e-09, -1.4952621363306662e-09], "calf_twist_R": [1.0, 0.0, 0.0, 0.0], "pinky02_L": [0.7002031207084656, -0.7139437794685364, 1.9023293162945265e-08, 5.547592607513252e-08], "neck": [0.984355628490448, 0.09315647184848785, 0.11818958818912506, -0.09163864701986313], "lowerarm_twist_R": [0.9834438562393188, 5.935381075516943e-09, -0.18121376633644104, -2.4739740922541387e-08], "thumb03_R": [0.808616578578949, -0.5883359909057617, -6.334613722458471e-09, 2.994544345824579e-08], "thigh_twist_L": [1.0, 0.0, 0.0, 0.0], "calf_L": [1.0, 0.0, 0.0, 0.0], "root": [0.9999980926513672, 7.526855915784836e-05, -0.0006018067360855639, -0.001957870088517666], "thumb03_L": [0.808616578578949, -0.5883359909057617, 6.3346150547261004e-09, -2.994544345824579e-08], "thigh_R": [0.992805004119873, -0.040111884474754333, 0.10546262562274933, 0.040087729692459106], "ring00_L": [0.9975214004516602, -0.07036508619785309, -9.336365014434023e-10, 5.835229521800045e-10], "upperarm_twist_L": [1.0, 0.0, 0.0, 0.0]}