{
  "index00_R": [1.0, -7.450589478708025e-09, -2.3283019956465978e-10, 1.8626469255877964e-09],
  "foot_R": [0.9877399802207947, 0.1441253125667572, -0.04711022973060608, -0.03712482750415802],
  "calf_R": [0.959753155708313, -0.2123602330684662, 0.16879019141197205, -0.07271118462085724],
  "hand_L": [0.9949516654014587, -0.09367978572845459, 0.002136870054528117, -0.035928454250097275],
  "calf_twist_R": [1.0, -1.4901159417490817e-08, 9.313223969797946e-09, 0.0],
  "lowerarm_twist_L": [0.9976556301116943, -0.06825380772352219, -0.00037044883356429636, -0.004955213982611895],
  "index01_R": [0.9926237463951111, 0.11880332231521606, -0.0206557959318161, 0.01253961306065321],
  "thumb02_L": [0.9863952398300171, -0.14070045948028564, -0.061231669038534164, -0.05898020789027214],
  "breast_L": [0.987777829170227, 0.0646829903125763, 0.0033511847723275423, 0.1417740434408188],
  "thumb02_R": [0.9863951206207275, -0.14070068299770355, 0.061231717467308044, 0.058980267494916916],
  "foot_L": [0.9963651299476624, -0.03291543200612068, -0.007461553905159235, 0.07821372151374817],
  "middle02_R": [0.9651439785957336, -0.26171132922172546, 0.0011335131712257862, 0.0017696934519335628],
  "ring01_R": [0.9981968998908997, -0.04548565670847893, -0.025126546621322632, 0.03004460223019123],
  "thigh_R": [0.9914722442626953, 0.08066186308860779, -0.0020109654869884253, 0.1023348867893219],
  "pelvis": [0.9999447464942932, 8.848001016303897e-06, 0.0014604368479922414, -0.010418426245450974],
  "pinky03_R": [0.987616240978241, -0.15653981268405914, 0.00291163707152009, -0.01006113551557064],
  "middle00_L": [1.0, 7.450581485102248e-09, 2.60770320892334e-08, 0.0],
  "upperarm_twist_R": [0.9980211853981018, -0.039317335933446884, 0.004059996455907822, 0.048901841044425964],
  "upperarm_R": [0.9161359071731567, 0.09884490817785263, 0.11173416674137115, 0.3720760941505432],
  "thumb03_R": [0.9961977601051331, 0.08221513777971268, -0.015857325866818428, 0.02406904101371765],
  "index00_L": [1.0, -7.450584149637507e-09, -2.235175244891252e-08, 2.235175244891252e-08],
  "thigh_twist_R": [0.9995645880699158, -0.025004219263792038, -0.0006140783661976457, 0.015660801902413368],
  "middle01_R": [0.9961358308792114, 0.07964925467967987, -0.03309447690844536, 0.01655757427215576],
  "thumb01_R": [0.9802678823471069, -0.15555161237716675, -0.11507677286863327, -0.040445905178785324],
  "spine03": [0.9967144727706909, 0.0809725970029831, -0.0010179559467360377, 0.0016306310426443815],
  "thigh_twist_L": [0.9995645880699158, -0.02500436268746853, 0.0006142956553958356, -0.015660906210541725],
  "index01_L": [0.9990074634552002, 0.04352674260735512, 0.006350027862936258, -0.007009136490523815],
  "pinky02_R": [0.9522799849510193, -0.30503013730049133, 0.0018120125168934464, 0.010787399485707283],
  "middle01_L": [0.9971708059310913, -0.07477039098739624, 0.007526801433414221, 0.0017731800908222795],
  "index03_R": [0.9996802806854248, 0.00577619019895792, -0.010498684830963612, 0.02226860821247101],
  "middle00_R": [1.0, -1.11758780008131e-08, 4.656615093523442e-10, -3.725292962997173e-09],
  "thumb01_L": [0.9802684783935547, -0.15554845333099365, 0.1150764748454094, 0.04044456034898758],
  "index03_L": [0.9996809959411621, 0.005768817849457264, 0.010376309975981712, -0.022297339513897896],
  "toes_L": [0.99958735704422, 0.01665898971259594, 1.2760397112288047e-05, -0.02340189926326275],
  "ring03_R": [0.9925638437271118, -0.11855187267065048, -0.01026137638837099, 0.025634612888097763],
  "clavicle_L": [0.9966927170753479, 0.03378451615571976, 0.014575357548892498, -0.0724567100405693],
  "upperarm_L": [0.9154025316238403, 0.2717396914958954, -0.02816780097782612, -0.29563888907432556],
  "index02_R": [0.9713080525398254, -0.2369162142276764, -0.02063666097819805, 0.002359140897169709],
  "neck": [0.9717644453048706, -0.230195090174675, 0.051594700664281845, -0.004708883818238974],
  "ring00_R": [1.0, 1.3038519597330378e-08, -1.862645149230957e-09, 1.1175870895385742e-08],
  "calf_twist_L": [1.0, 2.3283069916502086e-10, 1.0186342880302846e-09, 3.725291186640334e-09],
  "pinky00_L": [1.0, 7.450582373280668e-09, -1.210719524635806e-08, 2.6077046300088114e-08],
  "ring00_L": [1.0, 1.4901164746561335e-08, 9.313232407492933e-10, 7.450578820566989e-09],
  "middle02_L": [0.9652649164199829, -0.2611474394798279, 3.2685758924344555e-05, -0.00810311920940876],
  "toes_R": [0.99958735704422, -0.015668876469135284, -1.3112102351442445e-05, -0.024075724184513092],
  "ring02_L": [0.9725846648216248, -0.23137083649635315, -0.008594752289354801, 0.02174246311187744],
  "pinky03_L": [0.9874381422996521, -0.15745660662651062, -0.003751743584871292, 0.012619462795555592],
  "spine02": [0.9954286813735962, 0.09434548765420914, -0.00012981034524273127, 0.014857765287160873],
  "pinky01_R": [0.9898016452789307, -0.1397079974412918, -0.013504653237760067, 0.024334296584129333],
  "clavicle_R": [0.9975109100341797, -0.04980031028389931, 0.014844770543277264, 0.047661397606134415],
  "pinky01_L": [0.9902293682098389, -0.1376648098230362, 0.011729751713573933, -0.01888350024819374],
  "middle03_L": [0.995414674282074, -0.09384750574827194, 0.008388168178498745, -0.016493745148181915],
  "ring03_L": [0.9926286339759827, -0.1181381493806839, 0.010090387426316738, -0.02510272152721882],
  "root": [1.0, 3.725290298461914e-09, 0.0, -1.4210854715202004e-14],
  "pinky00_R": [1.0, -6.984922640285163e-10, -2.211892002890181e-09, -7.450587702351186e-09],
  "lowerarm_R": [0.9910815358161926, 0.10807477682828903, -0.008729703724384308, 0.07746835798025131],
  "pinky02_L": [0.9523603916168213, -0.3047323524951935, -0.000839960586745292, -0.012134491465985775],
  "index02_L": [0.9477909207344055, -0.31880444288253784, 0.006971265189349651, 0.0027511166408658028],
  "lowerarm_twist_R": [0.9976556301116943, -0.0682540163397789, 0.0003703896654769778, 0.0049552894197404385],
  "head": [0.9846382141113281, -0.16629092395305634, 0.04702572897076607, -0.024970663711428642],
  "ring02_R": [0.9727046489715576, -0.23081061244010925, 0.008917408064007759, -0.022197583690285683],
  "thigh_L": [0.9845038652420044, 0.17456310987472534, -0.00398621242493391, -0.016248391941189766],
  "middle03_R": [0.9954661726951599, -0.09324962645769119, -0.008193875662982464, 0.016871796920895576],
  "spine01": [0.9900969862937927, 0.14038576185703278, -2.376702286710497e-05, 0.00016761435836087912],
  "calf_L": [0.9895198345184326, -0.13204622268676758, -0.041308872401714325, 0.04132678732275963],
  "thumb03_L": [0.9961978793144226, 0.08221292495727539, 0.015857040882110596, -0.024069035425782204],
  "breast_R": [0.9882543087005615, 0.06447654962539673, -0.004009871277958155, -0.1384924203157425],
  "upperarm_twist_L": [0.9980211853981018, -0.03931741416454315, -0.004073502030223608, -0.0489007867872715],
  "ring01_L": [0.9896245002746582, -0.14251551032066345, 0.012153730727732182, -0.013608311302959919],
  "hand_R": [0.9990971088409424, 0.02257530950009823, 0.0020538668613880873, 0.03593210130929947],
  "lowerarm_L": [0.9862544536590576, 0.16504451632499695, -0.006526340264827013, -0.004457909148186445]
}