{
  "index00_R": [0.9966241717338562, -0.0821002796292305, -2.616537919664097e-08, -7.475823338154441e-08],
  "foot_R": [0.9992752075195312, -0.02977018430829048, 0.022804368287324905, 0.006538914516568184],
  "calf_R": [0.6824697852134705, -0.7303013801574707, 0.021471042186021805, -0.020832130685448647],
  "hand_L": [0.9583127498626709, -0.21254654228687286, 0.1909133791923523, -0.0035878249909728765],
  "calf_twist_R": [1.0, 3.7252898543727042e-09, -3.725290298461914e-09, -3.7252889661942845e-09],
  "lowerarm_twist_L": [0.9852709174156189, -0.0666235089302063, 0.15670953691005707, -0.015639983117580414],
  "index01_R": [0.9606509804725647, -0.27751249074935913, -0.011527903378009796, 0.0019432263216003776],
  "thumb02_L": [0.985924482345581, -0.14395612478256226, -0.061046451330184937, -0.05918579548597336],
  "breast_L": [0.9880131483078003, 0.06460042297840118, 0.0036725630052387714, 0.140154629945755],
  "thumb02_R": [0.974274754524231, -0.21619610488414764, 0.030808446928858757, -0.05566665530204773],
  "foot_L": [0.9945517778396606, -0.10150881111621857, -0.02227533422410488, -0.008160963654518127],
  "middle02_R": [0.9404146075248718, -0.3400234282016754, 0.0009840672137215734, 0.0018605728400871158],
  "ring01_R": [0.8821293711662292, -0.4705541729927063, -0.017589837312698364, 0.010823686607182026],
  "thigh_R": [0.7085052132606506, 0.7056965231895447, 0.002316477242857218, 0.002736838534474373],
  "pelvis": [1.0, 2.3283087102754507e-06, -2.187330316871794e-10, 1.507945324163984e-09],
  "pinky03_R": [0.7671828269958496, -0.6413429975509644, 0.007667812053114176, -0.007133337203413248],
  "middle00_L": [1.0, -2.7939671909393837e-08, 7.450581485102248e-09, 0.0],
  "upperarm_twist_R": [0.9980211853981018, -0.039317529648542404, 0.004060015548020601, 0.048901885747909546],
  "upperarm_R": [0.8954370617866516, 0.08802174776792526, 0.08913972228765488, 0.42719870805740356],
  "thumb03_R": [0.9961980581283569, 0.08221255987882614, -0.01585315354168415, 0.024068323895335197],
  "index00_L": [0.9945172071456909, -0.10457322746515274, -2.996664250076719e-08, -3.5117109220550446e-09],
  "thigh_twist_R": [0.9995644688606262, -0.025004487484693527, -0.0006141288904473186, 0.015661029145121574],
  "middle01_R": [0.9397225379943848, -0.34185078740119934, -0.006765445228666067, -0.0037440836895257235],
  "thumb01_R": [0.9868133068084717, -0.15087328851222992, -0.019225120544433594, -0.05538290739059448],
  "spine03": [0.9998682141304016, 0.016234995797276497, 5.969347195364239e-13, -6.822111777403383e-13],
  "thigh_twist_L": [0.9995644688606262, -0.025005046278238297, 0.0006141527555882931, -0.015661034733057022],
  "index01_L": [0.9425817728042603, -0.33373939990997314, 0.01254778727889061, -0.0006044449401088059],
  "pinky02_R": [0.8604453802108765, -0.5094255208969116, -0.0006329922471195459, 0.010918140411376953],
  "middle01_L": [0.908534824848175, -0.41773760318756104, 0.006435856223106384, 0.004286674316972494],
  "index03_R": [0.9979580640792847, -0.05893663316965103, -0.011925684288144112, 0.02154458500444889],
  "middle00_R": [1.0, 1.4901164746561335e-08, -1.4901161193847656e-08, -3.725290298461914e-08],
  "thumb01_L": [0.9868131875991821, -0.1508738100528717, 0.019217008724808693, 0.05538690462708473],
  "index03_L": [0.8868299722671509, -0.46144089102745056, 0.019591016694903374, -0.014876168221235275],
  "toes_L": [0.99958735704422, 0.0166593287140131, 1.1110693776572589e-05, -0.02340211533010006],
  "ring03_R": [0.8715129494667053, -0.4895934462547302, -0.019317898899316788, 0.01975700818002224],
  "clavicle_L": [1.0, 2.7939677238464355e-09, -1.862645504502325e-08, -1.1175868230850483e-08],
  "upperarm_L": [0.8927157521247864, 0.24346432089805603, -0.07246985286474228, -0.3721989095211029],
  "index02_R": [0.9204190373420715, -0.388176292181015, 0.04363127797842026, 0.015628686174750328],
  "neck": [0.968343198299408, -0.24962309002876282, 1.9536502804839984e-05, -1.398491167492466e-05],
  "ring00_R": [1.0, 3.3527619791584584e-08, -1.1175872671742582e-08, -1.4901164746561335e-08],
  "calf_twist_L": [1.0, -3.725291186640334e-09, -6.984920419839113e-10, 4.440892098500626e-16],
  "pinky00_L": [0.9960143566131592, 0.08919328451156616, 2.2441184910348966e-08, -3.740194820522902e-09],
  "ring00_L": [0.9992234110832214, 0.039403073489665985, -7.456370632041853e-09, -1.6776835920495614e-08],
  "middle02_L": [0.884001612663269, -0.4674137532711029, 0.0018180483020842075, -0.007894040085375309],
  "toes_R": [0.99958735704422, -0.015669992193579674, -1.1299975994916167e-05, -0.024075772613286972],
  "ring02_L": [0.9089085459709167, -0.4163394868373871, -0.01266771275550127, 0.01965254358947277],
  "pinky03_L": [0.7665608525276184, -0.6420365571975708, -0.009710598737001419, 0.008900512009859085],
  "spine02": [0.9994580745697021, 0.03291918337345123, 1.9017341141517458e-13, 0.0],
  "pinky01_R": [0.8366619348526001, -0.5470122694969177, -0.022564534097909927, 0.016290908679366112],
  "clavicle_R": [0.998543918132782, -0.05394503101706505, -7.46144657171044e-09, -1.4922900248848237e-08],
  "pinky01_L": [0.8257263898849487, -0.5413474440574646, -0.06800705194473267, -0.14315731823444366],
  "middle03_L": [0.8931019902229309, -0.4494733512401581, 0.013824589550495148, -0.012314777821302414],
  "ring03_L": [0.8717336058616638, -0.4892317056655884, 0.018954209983348846, -0.019331449642777443],
  "root": [1.0, 3.725290298461914e-09, 0.0, -1.4210854715202004e-14],
  "pinky00_R": [1.0, 2.6077049852801792e-08, -3.7252920748187535e-09, 1.7763568394002505e-15],
  "lowerarm_R": [0.9125524759292603, 0.4010639488697052, 0.024052133783698082, 0.07627172768115997],
  "pinky02_L": [0.8605882525444031, -0.5091562271118164, 0.00188234425149858, -0.012019055895507336],
  "index02_L": [0.8468158841133118, -0.5298446416854858, -0.043605443090200424, -0.016314595937728882],
  "lowerarm_twist_R": [0.9976556301116943, -0.06825374066829681, 0.00037040593451820314, 0.004955317825078964],
  "head": [1.0, -5.587935891782081e-09, 1.6653346428168532e-15, 6.77236341482877e-15],
  "ring02_R": [0.9091366529464722, -0.41581016778945923, 0.013073612004518509, -0.02003757283091545],
  "thigh_L": [0.7239676117897034, 0.6898247003555298, -0.002252567559480667, -0.0027881304267793894],
  "middle03_R": [0.9547120332717896, -0.2969399094581604, -0.011508668772876263, 0.014807203784584999],
  "spine01": [0.9900969862937927, 0.14038583636283875, -2.376462180109229e-05, 0.0001675981911830604],
  "calf_L": [0.785682201385498, -0.6179067492485046, -0.01804998889565468, 0.02385769411921501],
  "thumb03_L": [0.9994991421699524, -0.013071160763502121, 0.018074069172143936, -0.022448880597949028],
  "breast_R": [0.9880197644233704, 0.06459775567054749, -0.0036862806882709265, -0.14010919630527496],
  "upperarm_twist_L": [0.9980211853981018, -0.03931736573576927, -0.004073260817676783, -0.048900801688432693],
  "ring01_L": [0.8793630599975586, -0.4694744646549225, -0.02075870707631111, -0.076703742146492],
  "hand_R": [0.9920015335083008, -0.12098478525876999, -0.0031227164436131716, 0.035859618335962296],
  "lowerarm_L": [0.8988142609596252, 0.43542054295539856, 0.04739287123084068, -0.017200252041220665]
}