{"index03_R": [0.9999825358390808, 0.0030682189390063286, 0.00012654982856474817, -0.005048947874456644], "ring03_L": [0.9999818801879883, -0.005741462577134371, 0.00020284726633690298, 0.0017593075754120946], "pinky03_R": [0.9999518394470215, -0.009602455422282219, -0.001163393259048462, -0.0016741515137255192], "lowerarm_R": [0.9894242286682129, 0.056918900460004807, -0.00550871854647994, -0.13330402970314026], "index00_L": [1.0, 2.23517560016262e-08, 4.440892098500626e-16, 3.725292962997173e-09], "spine03": [0.9997578859329224, -4.843686340905151e-08, -0.02142118476331234, -0.005039240699261427], "thumb01_L": [0.9999697804450989, -0.006973326206207275, 0.0032128079328686, -0.001293049193918705], "foot_R": [0.9957190155982971, 0.0053866407833993435, -0.02315378747880459, -0.089323028922081], "index00_R": [1.0, 1.4901171851988693e-08, -1.302396945845885e-08, -3.4196996345770003e-09], "lowerarm_twist_R": [0.9999916553497314, 0.001563534140586853, 3.645411197794601e-05, -0.003778288373723626], "index01_L": [0.9936976432800293, 0.0008566788164898753, 0.04963775351643562, -0.10050034523010254], "index02_R": [0.9999992251396179, -0.00030875447555445135, 6.210544961504638e-05, 0.0012332710903137922], "thigh_L": [0.9851967692375183, -0.10399199277162552, -0.120742067694664, -0.06320128589868546], "upperarm_R": [0.7856078147888184, -0.16969402134418488, -0.048925694078207016, 0.5929844975471497], "pinky03_L": [0.9999255537986755, -0.012077217921614647, 0.001370280864648521, 0.0011733518913388252], "index02_L": [0.9999992251396179, -0.00040804757736623287, -6.604005466215312e-05, -0.0012039279099553823], "middle02_R": [0.9999974966049194, -0.0017255974235013127, 0.00031473030685447156, 0.0014479520032182336], "spine01": [0.999512255191803, 0.03123111091554165, -5.75253011447785e-07, 3.662267772597261e-05], "ring00_R": [1.0, 6.70552182668871e-08, -5.681067705154419e-08, -5.587934559514451e-09], "head": [0.979905366897583, 0.197183296084404, -0.029960880056023598, 0.0025796706322580576], "hand_L": [0.9729582667350769, -0.22982344031333923, 0.02048295922577381, 0.010665785521268845], "ring00_L": [1.0, -2.980232949312267e-08, 3.725291186640334e-09, -2.980232594040899e-08], "breast_R": [0.9888113141059875, 0.14876095950603485, 0.010586739517748356, -0.003208164358511567], "hand_R": [0.9729593396186829, -0.22982139885425568, -0.020462794229388237, -0.010659744963049889], "pinky00_L": [1.0, 5.215407838932151e-08, -2.2351761330696718e-08, 3.725294295264803e-09], "ring02_R": [0.9999958276748657, 0.0011812500888481736, 0.0005372141022235155, 0.0026086855214089155], "clavicle_R": [0.9807085990905762, -0.19547542929649353, -5.1280714785661985e-08, 2.279143451744403e-08], "calf_R": [0.9917304515838623, -0.0716981291770935, 0.10488396883010864, -0.01815071888267994], "thumb01_R": [0.9999697208404541, -0.006969251204282045, -0.003212915500625968, 0.001287425635382533], "pinky01_L": [0.9986716508865356, -0.004142089746892452, -0.01700938120484352, 0.048461608588695526], "upperarm_twist_R": [0.9996563792228699, -0.019104957580566406, -0.001917360001243651, 0.01784704066812992], "middle03_L": [0.9999946355819702, -0.0007357085705734789, 0.0005379546200856566, 0.0031440381426364183], "root": [1.0, 0.0, -5.684335787443581e-14, -7.1054197343044766e-15], "ring03_R": [0.999990701675415, -0.003852016292512417, -0.0003284787235315889, -0.001960144378244877], "thumb02_R": [0.9995233416557312, -0.027937723323702812, 0.0034096837043762207, 0.012690101750195026], "calf_L": [0.9950284957885742, 8.723885548533872e-05, -0.0992857813835144, 0.00778844952583313], "middle02_L": [0.9999975562095642, -0.0014983473811298609, -0.000299349136184901, -0.0016462958883494139], "index01_R": [0.9936968088150024, 0.0008686502696946263, -0.04964345321059227, 0.10050627589225769], "calf_twist_R": [1.0, 9.313227966600834e-10, 1.5133996278393624e-09, -4.656613983300417e-10], "ring01_R": [0.999999463558197, 7.587875734316185e-05, -0.0010264927987009287, -0.00022854960116092116], "breast_L": [0.9885592460632324, 0.15079741179943085, -0.0007728032651357353, 0.0031980411149561405], "lowerarm_twist_L": [0.9999916553497314, 0.001563477679155767, -3.665023541543633e-05, 0.0037784914020448923], "spine02": [0.9943363666534424, -0.06079382449388504, -0.08665929734706879, -0.009459629654884338], "thumb03_R": [0.9987083673477173, 0.04780543968081474, 0.0007789655355736613, -0.01719580590724945], "middle00_R": [1.0, -3.72529100900465e-08, 4.9360085796479325e-08, -7.450581485102248e-09], "neck": [0.9992247819900513, 0.02451055869460106, -0.027210624888539314, 0.014444603584706783], "pinky01_R": [0.9986688494682312, -0.003921902738511562, 0.017022570595145226, -0.048533160239458084], "middle03_R": [0.9999945759773254, 0.0006581125198863447, -0.0006966694490984082, -0.0031681451946496964], "toes_R": [0.9999999403953552, -0.0001746725756675005, 0.0003738368977792561, -0.0002561813162174076], "thumb03_L": [0.9987081289291382, 0.047808799892663956, -0.0007747423369437456, 0.01720140129327774], "middle01_L": [0.9999985694885254, 0.0008839988731779158, 0.0009957000147551298, -0.0011270357063040137], "middle00_L": [1.0, 5.215413878545405e-08, -1.6763831212074365e-08, -1.117587533627784e-08], "pinky00_R": [1.0, 5.215402154590265e-08, -8.66129994392395e-08, -1.1175860237244706e-08], "clavicle_L": [0.9807085990905762, -0.1954754739999771, -1.1395722587792534e-08, -7.597147799742743e-09], "thigh_R": [0.9952782988548279, 0.058917149901390076, 0.008595425635576248, 0.0766557827591896], "index03_L": [0.9999854564666748, 0.0018941642483696342, -6.0805596149293706e-05, 0.0050424509681761265], "upperarm_twist_L": [0.9849766492843628, -0.01580790989100933, 0.17069819569587708, -0.02081497758626938], "ring01_L": [0.999999463558197, 6.394407682819292e-05, 0.0010280257556587458, 0.00023110370966605842], "ring02_L": [0.9999957084655762, 0.0012879257556051016, -0.0005511644412763417, -0.0025812541134655476], "upperarm_L": [0.8315271735191345, -0.1488642394542694, 0.04681383818387985, -0.5331141948699951], "middle01_R": [0.9999985694885254, 0.0008845753618516028, -0.0009956203866750002, 0.0011255386052653193], "thigh_twist_R": [0.9999364614486694, -0.0006513192201964557, -0.0007488479022867978, 0.01123057585209608], "pelvis": [1.0, 6.342280357785057e-06, -3.385650648723981e-10, 4.0708991733140465e-09], "pinky02_R": [0.9999895691871643, 0.004562380723655224, 8.332439028890803e-05, -0.00033903520670719445], "toes_L": [0.9999999403953552, 0.00018936237029265612, -0.0003755074867513031, -0.00024901668075472116], "foot_L": [0.9929257035255432, 0.07999945431947708, 0.06672226637601852, 0.05698244273662567], "calf_twist_L": [1.0, -7.450583261459087e-09, 3.259631231600224e-09, 1.8626460374093767e-09], "lowerarm_L": [0.997977077960968, -0.02471223473548889, -0.014221983961760998, 0.05682588741183281], "pinky02_L": [0.9999895095825195, 0.0045568314380943775, -0.00010306858894182369, 0.0004904888919554651], "thumb02_L": [0.9995235204696655, -0.02793332003057003, -0.003392437705770135, -0.012691150419414043], "thigh_twist_L": [0.9999364614486694, -0.0006531739491038024, 0.0007486906833946705, -0.01123010367155075]}