{"lowerarm_R": [1.0, 0.0, 0.0, -0.0], "clavicle_L": [0.980699896812439, -0.048902478069067, -0.009473319165408611, 0.1890682578086853], "head": [0.9877930879592896, -0.15361061692237854, -0.01202790904790163, -0.02289009653031826], "upperarm_R": [0.9836136698722839, 1.893676104813835e-09, -3.787350877360041e-09, -0.18028920888900757], "ring02_R": [1.0, 0.0, 0.0, -0.0], "hand_R": [0.999851644039154, 0.017223700881004333, -2.3286511607878424e-10, -3.4929800718508375e-10], "upperarm_twist_R": [1.0, 0.0, 0.0, 0.0], "toes_L": [0.9795166850090027, -0.2013629972934723, -1.8065161810909558e-08, -9.50798106913453e-09], "thumb02_R": [1.0, 0.0, 0.0, -0.0], "thigh_L": [0.9919706583023071, 0.04436490684747696, -0.0008319513872265816, -0.11842955648899078], "pinky00_R": [1.0, 0.0, 0.0, -0.0], "ring01_L": [1.0, 0.0, 0.0, 0.0], "clavicle_R": [0.9798943400382996, -0.06301331520080566, 0.012193731963634491, -0.1889123022556305], "toes_R": [0.9822444915771484, 0.18760529160499573, 7.585260419773476e-09, -4.7407882064476325e-09], "ring00_R": [1.0, 0.0, 0.0, -0.0], "upperarm_L": [0.9836136698722839, 1.893676104813835e-09, 3.787350877360041e-09, 0.18028919398784637], "middle03_R": [0.996791660785675, 0.08003970235586166, 3.737281151217076e-09, 1.4598749986660664e-10], "foot_R": [0.9344090819358826, -0.35388055443763733, -0.009410260245203972, -0.039492182433605194], "ring01_R": [1.0, 0.0, 0.0, -0.0], "pinky02_R": [1.0, 0.0, 0.0, -0.0], "thigh_twist_R": [1.0, 0.0, 0.0, 0.0], "ring03_L": [1.0, 0.0, 0.0, 0.0], "index01_L": [0.9963675737380981, 0.08515790104866028, -3.738872766945178e-09, -5.608309372462372e-09], "ring02_L": [1.0, 0.0, 0.0, 0.0], "pelvis": [1.0, 0.0, 0.0, 0.0], "index03_R": [0.9954646229743958, 0.09513264149427414, -3.742262055794754e-09, 1.6372396771657804e-09], "index00_R": [1.0, 0.0, 0.0, -0.0], "spine02": [0.9995601773262024, -0.029655400663614273, -5.0141684017736624e-14, 4.524072227951592e-09], "middle01_L": [0.9964609742164612, 0.08405707031488419, -7.477042984760374e-09, -5.140467607134269e-09], "index02_L": [0.9988126754760742, 0.0487162210047245, -3.729718756062539e-09, 4.195933378525751e-09], "lowerarm_twist_L": [1.0, 0.0, 0.0, 0.0], "ring03_R": [1.0, 0.0, 0.0, -0.0], "middle02_L": [1.0, 0.0, 0.0, 0.0], "spine03": [0.9872614145278931, -0.15910696983337402, -2.4991120284312274e-13, 3.8101308774685094e-08], "middle01_R": [0.9964609146118164, 0.08405707031488419, 7.477042984760374e-09, 5.140467607134269e-09], "middle00_L": [1.0, 0.0, 0.0, 0.0], "index03_L": [0.9954646229743958, 0.09513263404369354, 3.742262055794754e-09, -1.637239566143478e-09], "thumb02_L": [1.0, 0.0, 0.0, 0.0], "index02_R": [0.9988126754760742, 0.0487162247300148, 3.729718756062539e-09, -4.195933822614961e-09], "pinky03_R": [1.0, 0.0, 0.0, -0.0], "pinky00_L": [1.0, 0.0, 0.0, 0.0], "pinky01_L": [1.0, 0.0, 0.0, 0.0], "breast_L": [0.996539294719696, 0.083123117685318, 1.869113752661633e-09, 7.710093896662329e-09], "hand_L": [0.9998517036437988, 0.017223699018359184, 2.3286511607878424e-10, 3.4929797942950813e-10], "pinky03_L": [1.0, 0.0, 0.0, 0.0], "index01_R": [0.9963674545288086, 0.08515788614749908, 3.738872322855968e-09, 5.6083084842839526e-09], "thumb01_L": [0.9940993189811707, 1.873701194199384e-09, -1.4989609553595074e-08, -0.10847388207912445], "index00_L": [1.0, 0.0, 0.0, 0.0], "calf_R": [0.9694058895111084, -0.24546396732330322, 5.493304477965921e-09, 1.0046303344779517e-08], "calf_twist_L": [1.0, 0.0, 0.0, 0.0], "spine01": [1.0, 0.0, 0.0, 0.0], "thumb01_R": [0.9940993189811707, 1.873701194199384e-09, 1.4989609553595074e-08, 0.10847388207912445], "middle00_R": [1.0, 0.0, 0.0, -0.0], "pinky01_R": [1.0, 0.0, 0.0, -0.0], "lowerarm_L": [1.0, 0.0, 0.0, 0.0], "middle02_R": [1.0, 0.0, 0.0, -0.0], "foot_L": [0.8867059946060181, -0.4623337984085083, -3.781142154934969e-08, -2.100634688417813e-08], "middle03_L": [0.9967917203903198, 0.08003969490528107, -3.737281151217076e-09, -1.4598752762218226e-10], "calf_twist_R": [1.0, 0.0, 0.0, 0.0], "pinky02_L": [1.0, 0.0, 0.0, 0.0], "neck": [0.9972395300865173, -0.07425155490636826, -1.2301922989402941e-13, 2.046006564171421e-08], "lowerarm_twist_R": [1.0, 0.0, 0.0, 0.0], "thumb03_R": [1.0, 0.0, 0.0, -0.0], "thigh_twist_L": [1.0, 0.0, 0.0, 0.0], "calf_L": [1.0, 0.0, 0.0, 0.0], "root": [1.0, 0.0, 0.0, 0.0], "thumb03_L": [1.0, 0.0, 0.0, 0.0], "thigh_R": [0.9960392713546753, 0.07218439131975174, 0.008807544596493244, 0.05116510018706322], "ring00_L": [1.0, 0.0, 0.0, 0.0], "upperarm_twist_L": [1.0, 0.0, 0.0, 0.0], "breast_R": [0.996539294719696, 0.083123117685318, -1.869113752661633e-09, -7.710094784840749e-09]}