{"lowerarm_R": [0.9973624348640442, 0.07258224487304688, -1.1260785637290383e-09, -1.0957927898402886e-08], "clavicle_L": [0.9879396557807922, -0.14805173873901367, 0.03047405183315277, 0.033579155802726746], "head": [0.979174017906189, 5.706783934300574e-09, 0.20302297174930573, 9.808537093647374e-09], "upperarm_R": [0.8636606931686401, -0.12285667657852173, -0.06037401035428047, 0.48513031005859375], "ring02_R": [0.7839750647544861, -0.6207923889160156, 3.5638492157374912e-09, 2.375898411344224e-08], "hand_R": [1.0, 0.0, 0.0, 0.0], "upperarm_twist_R": [1.0, 0.0, 0.0, 0.0], "toes_L": [0.9653261303901672, 0.2534281015396118, -0.06086388975381851, -0.01467782724648714], "thumb02_R": [0.9698810577392578, -0.22590592503547668, -0.0900864526629448, 0.013483340851962566], "thigh_L": [0.9943341612815857, 0.06323833763599396, 0.005423260852694511, 0.08527237176895142], "pinky00_R": [1.0, 0.0, 0.0, 0.0], "ring01_L": [0.9979537129402161, -0.06394054740667343, 1.3998479042598433e-09, -7.46585815392109e-09], "clavicle_R": [1.0, 0.0, 0.0, 0.0], "toes_R": [0.9060568809509277, -0.42315608263015747, 2.3546823513242998e-07, -2.5872523679026926e-07], "ring00_R": [1.0, 0.0, 0.0, 0.0], "upperarm_L": [0.9299545288085938, 1.4333554787526737e-08, 4.20617887186836e-08, -0.3676745295524597], "middle03_R": [0.9810289144515991, -0.19386205077171326, -7.594661788346002e-09, -1.1391994014786633e-08], "foot_R": [0.9256149530410767, -0.34790992736816406, -0.13945786654949188, 0.05241794139146805], "ring01_R": [0.9979537129402161, -0.06394054740667343, -1.3998479042598433e-09, 7.46585815392109e-09], "pinky02_R": [0.8744106888771057, -0.48518651723861694, 5.964481175624314e-08, 4.6863796399065905e-08], "thigh_twist_R": [1.0, 0.0, 0.0, 0.0], "ring03_L": [0.9632020592689514, -0.26877838373184204, 7.735220464155645e-09, -1.9338042278604917e-09], "index01_L": [0.9965572357177734, -0.08290765434503555, 4.205431114456815e-09, 1.1214479123111687e-08], "ring02_L": [0.7839750051498413, -0.6207923889160156, -3.5638487716482814e-09, -2.3758985889799078e-08], "pelvis": [1.0, 0.0, 0.0, 0.0], "index03_R": [1.0, 0.0, 0.0, 0.0], "index00_R": [1.0, 0.0, 0.0, 0.0], "spine02": [0.992377758026123, -0.07262929528951645, 0.0940093919634819, -0.03277534618973732], "middle01_L": [0.9954456090927124, -0.09533113986253738, 2.1986215514857577e-08, 7.484668884671919e-09], "index02_L": [0.8600888252258301, -0.5101442933082581, 6.624387083320471e-08, 1.3920525177013587e-08], "lowerarm_twist_L": [1.0, 0.0, 0.0, 0.0], "ring03_R": [0.9632020592689514, -0.26877838373184204, -7.735220464155645e-09, 1.9338042278604917e-09], "middle02_L": [0.8197233080863953, -0.572759747505188, 6.816856412683592e-09, 6.135169883236813e-08], "spine03": [0.987064003944397, -0.04590429738163948, 0.08368342369794846, -0.12882034480571747], "middle01_R": [0.9954456090927124, -0.09533113241195679, -2.1986215514857577e-08, -7.484668884671919e-09], "middle00_L": [1.0, 0.0, 0.0, -0.0], "index03_L": [1.0, 0.0, 0.0, -0.0], "thumb02_L": [0.969880998134613, -0.22590595483779907, 0.09008646011352539, -0.013483339920639992], "index02_R": [0.8600889444351196, -0.5101442337036133, -6.624387083320471e-08, -1.392051895976465e-08], "pinky03_R": [0.9876525402069092, -0.1566602885723114, 1.1368920027621243e-08, 1.919553582752087e-08], "pinky00_L": [1.0, 0.0, 0.0, -0.0], "pinky01_L": [0.9838780164718628, -0.17884086072444916, -1.432723717442741e-08, -6.684251374622363e-09], "breast_L": [0.9992725849151611, 0.03474648669362068, -0.0005461755208671093, 0.015707504004240036], "hand_L": [1.0, 0.0, 0.0, -0.0], "pinky03_L": [0.9876525402069092, -0.1566602885723114, -1.1368920027621243e-08, -1.919553405116403e-08], "index01_R": [0.9965572953224182, -0.08290765434503555, -4.205430670367605e-09, -1.1214479123111687e-08], "thumb01_L": [0.993423581123352, -0.09226108342409134, 0.006270094774663448, 0.0675135999917984], "index00_L": [1.0, 0.0, 0.0, -0.0], "calf_R": [0.9614231586456299, -0.2750740647315979, 5.406306868849242e-08, -2.80828373888653e-07], "calf_twist_L": [1.0, 0.0, 0.0, 0.0], "spine01": [0.9871411919593811, 0.05364830791950226, -0.010252787731587887, 0.15023070573806763], "thumb01_R": [0.9934237003326416, -0.09226106852293015, -0.006270095240324736, -0.0675135925412178], "middle00_R": [1.0, 0.0, 0.0, 0.0], "pinky01_R": [0.9838781356811523, -0.17884087562561035, 1.4327238950784249e-08, 6.684252262800783e-09], "lowerarm_L": [0.998315691947937, 0.058015864342451096, 3.416311400439298e-10, -7.937258628132327e-10], "middle02_R": [0.8197233080863953, -0.572759747505188, -6.816856856772802e-09, -6.135169883236813e-08], "foot_L": [0.9594635963439941, -0.278919517993927, 0.03881317377090454, -0.011283138766884804], "middle03_L": [0.9810287952423096, -0.19386202096939087, 7.594660900167582e-09, 1.1391992238429793e-08], "calf_twist_R": [1.0, 0.0, 0.0, 0.0], "pinky02_L": [0.8744106888771057, -0.48518654704093933, -5.964481175624314e-08, -4.6863799951779583e-08], "neck": [0.9996508359909058, 7.670326596098676e-09, 6.223821902295867e-09, 0.026425275951623917], "lowerarm_twist_R": [1.0, 0.0, 0.0, 0.0], "thumb03_R": [1.0, 0.0, 0.0, 0.0], "thigh_twist_L": [1.0, 0.0, 0.0, 0.0], "calf_L": [0.9967371225357056, -0.05473950132727623, 0.059250179678201675, -0.0028613978065550327], "root": [0.9986603856086731, -0.00017379375640302896, -0.011121814139187336, -0.050535012036561966], "thumb03_L": [1.0, 0.0, 0.0, -0.0], "thigh_R": [0.9859935641288757, 0.008952554315328598, -0.16479671001434326, -0.024063244462013245], "ring00_L": [1.0, 0.0, 0.0, -0.0], "upperarm_twist_L": [1.0, 0.0, 0.0, 0.0], "breast_R": [0.9993983507156372, -1.8637671406196432e-09, 4.659415075991546e-10, -0.03468640148639679]}