{
  "index03_R": [
    0.9999938011169434,
    -0.00230089551769197,
    0.0005076755187474191,
    -0.002585934242233634
  ],
  "ring03_L": [
    0.9983440041542053,
    -0.057516299188137054,
    -0.0009896327974274755,
    -0.0003787098394241184
  ],
  "pinky03_R": [
    0.9857101440429688,
    -0.16844822466373444,
    -0.0008769812411628664,
    -0.00021588146046269685
  ],
  "lowerarm_R": [
    0.9998195767402649,
    0.01401311531662941,
    -0.0019324658205732703,
    -0.01268456969410181
  ],
  "index00_L": [
    1.0,
    7.450585925994346e-9,
    3.725291630729544e-9,
    -3.725292518907963e-9
  ],
  "spine03": [
    0.9810387492179871,
    0.016178583726286888,
    0.12791569530963898,
    -0.14470265805721283
  ],
  "thumb01_L": [
    0.9999940395355225,
    -0.0031481394544243813,
    0.0013894063886255026,
    -0.00033559295115992427
  ],
  "foot_R": [
    0.9037131667137146,
    -0.37712350487709045,
    0.18716703355312347,
    -0.07777543365955353
  ],
  "index00_R": [
    1.0,
    -3.725293851175593e-9,
    8.149132479928767e-10,
    -1.8626458597736928e-8
  ],
  "lowerarm_twist_R": [
    0.9999979138374329,
    0.0007849209941923618,
    2.122674777638167e-5,
    -0.0018971697427332401
  ],
  "index01_L": [
    0.999997615814209,
    -0.0002807395940180868,
    0.0002411538443993777,
    -0.0021554064005613327
  ],
  "index02_R": [
    0.9747313261032104,
    -0.2233801633119583,
    -0.0004053862066939473,
    0.00020085659343749285
  ],
  "thigh_L": [
    0.9700948596000671,
    -0.01420653611421585,
    -0.2390354573726654,
    -0.03970217704772949
  ],
  "upperarm_R": [
    0.9041227102279663,
    -0.005379081703722477,
    0.018128084018826485,
    0.42685458064079285
  ],
  "pinky03_L": [
    0.9997087717056274,
    -0.02412939816713333,
    0.00012629541743081063,
    0.00042161589954048395
  ],
  "index02_L": [
    0.9747254252433777,
    -0.2234053909778595,
    0.00043191021541133523,
    -0.0004341646854300052
  ],
  "middle02_R": [
    0.9530528783798218,
    -0.3028024733066559,
    -0.0001271076180273667,
    0.000994283240288496
  ],
  "spine01": [
    0.9913899898529053,
    0.014417199417948723,
    0.056248392909765244,
    0.11736338585615158
  ],
  "ring00_R": [
    1.0,
    -1.862645371275562e-9,
    -4.889445293088102e-9,
    1.1102230246251565e-16
  ],
  "head": [
    0.9927933216094971,
    0.00416974164545536,
    -0.11317163705825806,
    -0.03919690102338791
  ],
  "hand_L": [
    0.9785211682319641,
    0.0014780719066038728,
    -0.20613224804401398,
    -0.0019255358492955565
  ],
  "ring00_L": [
    1.0,
    7.450580596923828e-9,
    1.2223606571382106e-9,
    3.2596263466189157e-9
  ],
  "breast_R": [
    0.999916136264801,
    -0.009712646715342999,
    0.0013532483717426658,
    0.008460145443677902
  ],
  "hand_R": [
    0.9925728440284729,
    0.1216425895690918,
    -0.00015338596131186932,
    0.0015360271790996194
  ],
  "pinky00_L": [
    1.0,
    1.4901162970204496e-8,
    -1.7462324919392813e-8,
    1.8626444830971423e-9
  ],
  "ring02_R": [
    0.935756504535675,
    -0.3526444435119629,
    -0.00024610201944597065,
    0.0011898517841473222
  ],
  "clavicle_R": [
    1.0,
    -1.862645593320167e-9,
    1.117587977716994e-8,
    1.8626462150450607e-8
  ],
  "calf_R": [
    0.9980994462966919,
    -0.06150024011731148,
    0.0007290723151527345,
    -0.0038396124728024006
  ],
  "thumb01_R": [
    0.9999940395355225,
    -0.0031465752981603146,
    -0.0013747869525104761,
    0.00034152675652876496
  ],
  "pinky01_L": [
    0.9999992251396179,
    -0.0005257650627754629,
    0.00028921652119606733,
    0.0011230421951040626
  ],
  "upperarm_twist_R": [
    0.9999146461486816,
    -0.009531740099191666,
    -0.0009500763844698668,
    0.008888504467904568
  ],
  "middle03_L": [
    0.9977753162384033,
    -0.06665223091840744,
    -3.535134601406753e-5,
    0.0014059065142646432
  ],
  "root": [1.0, 0.0, -5.684335787443581e-14, -7.1054197343044766e-15],
  "ring03_R": [
    0.9989067912101746,
    -0.046744205057621,
    0.00035219689016230404,
    -0.0003821512218564749
  ],
  "thumb02_R": [
    0.9787154197692871,
    -0.14007285237312317,
    -0.09211235493421555,
    -0.11836802214384079
  ],
  "calf_L": [
    0.9999923706054688,
    -0.0003415123210288584,
    -0.000492023304104805,
    0.0038772725965827703
  ],
  "middle02_L": [
    0.9530581831932068,
    -0.30278655886650085,
    8.566426549805328e-5,
    -0.0005339441122487187
  ],
  "index01_R": [
    0.9999976754188538,
    -0.00028978381305933,
    -0.00024184549693018198,
    0.0021534105762839317
  ],
  "calf_twist_R": [
    1.0,
    -3.725291186640334e-9,
    3.2596298993325945e-9,
    7.450583261459087e-9
  ],
  "ring01_R": [
    1.0,
    -7.196018123067915e-5,
    -0.00045313237933441997,
    -3.1734423828311265e-5
  ],
  "breast_L": [
    0.9989052414894104,
    0.04318787157535553,
    -0.00753105478361249,
    0.016321638599038124
  ],
  "lowerarm_twist_L": [
    0.9999979138374329,
    0.0007847255328670144,
    -2.122081605193671e-5,
    0.001897426089271903
  ],
  "spine02": [1.0, 9.313236404295822e-9, 1.3969851941908473e-9, 0.0],
  "thumb03_R": [
    0.9996771812438965,
    0.023935694247484207,
    0.00036902219289913774,
    -0.008515248075127602
  ],
  "middle00_R": [
    1.0,
    -1.1175874448099421e-8,
    -1.0244546544413424e-8,
    1.4901166522918174e-8
  ],
  "neck": [
    0.9991695880889893,
    -0.04042842984199524,
    -0.005006709601730108,
    -0.0007986136479303241
  ],
  "pinky01_R": [
    0.9946319460868835,
    -0.07900559157133102,
    0.004887938499450684,
    0.06664464622735977
  ],
  "middle03_R": [
    0.9981462359428406,
    -0.06083425506949425,
    -0.0003277342184446752,
    -0.0018050349317491055
  ],
  "toes_R": [
    0.9827227592468262,
    -0.18508389592170715,
    0.0002689861867111176,
    -8.941683336161077e-5
  ],
  "thumb03_L": [
    0.9996772408485413,
    0.023936308920383453,
    -0.000366722495527938,
    0.008514641784131527
  ],
  "middle01_L": [
    0.9999997019767761,
    0.0003579906770028174,
    0.00044030731078237295,
    -0.0006465768674388528
  ],
  "middle00_L": [
    1.0,
    -2.2351771988837754e-8,
    7.450593031421704e-9,
    2.04891179578226e-8
  ],
  "pinky00_R": [1.0, 0.0, 7.741619789669585e-9, -1.862645815364772e-9],
  "clavicle_L": [
    0.9969030618667603,
    -0.07864062488079071,
    7.473733631968571e-9,
    2.9894930975160605e-8
  ],
  "thigh_R": [
    0.9839605689048767,
    0.012539352290332317,
    0.1338030993938446,
    -0.11730760335922241
  ],
  "index03_L": [
    0.999987781047821,
    -0.0042291986756026745,
    -0.00018423017172608525,
    0.0025393497198820114
  ],
  "upperarm_twist_L": [
    0.9999147057533264,
    -0.009531763382256031,
    0.0009488404029980302,
    -0.008888361975550652
  ],
  "ring01_L": [
    0.9999999403953552,
    -4.988646833226085e-5,
    0.00045404728734865785,
    2.5765481041162275e-5
  ],
  "ring02_L": [
    0.9357634782791138,
    -0.3526251018047333,
    0.0003541287442203611,
    -0.0014712073607370257
  ],
  "upperarm_L": [
    0.9200698733329773,
    -0.014628957025706768,
    -0.007614728529006243,
    -0.39140745997428894
  ],
  "middle01_R": [
    0.9999997019767761,
    0.00033573221298865974,
    -0.00044025236275047064,
    0.0006431284709833562
  ],
  "thigh_twist_R": [
    0.9999841451644897,
    -0.00032575559453107417,
    -0.0003716636565513909,
    0.005610294174402952
  ],
  "pelvis": [
    0.9985625743865967,
    4.1475532270851545e-6,
    -0.02640475519001484,
    0.046644411981105804
  ],
  "pinky02_R": [
    0.9523959755897522,
    -0.3048611879348755,
    0.0011959009571000934,
    -0.00033452059142291546
  ],
  "toes_L": [
    0.9549552798271179,
    0.29541292786598206,
    0.010897110216319561,
    0.025941476225852966
  ],
  "foot_L": [
    0.9172784090042114,
    -0.3976641297340393,
    -0.008294017054140568,
    -0.01987021043896675
  ],