{"index03_R": [0.999984860420227, -0.0019418004667386413, 0.000853282050229609, -0.005082862917333841], "ring03_L": [0.5987614393234253, -0.793927788734436, 0.027998410165309906, -0.1018792912364006], "pinky03_R": [0.9862325191497803, -0.16535507142543793, -0.0011174329556524754, -0.0013492504367604852], "lowerarm_R": [0.9915866255760193, 0.04717816412448883, -0.00659986725077033, -0.12036103010177612], "index00_L": [0.9993768930435181, -0.0347294844686985, -0.00021897873375564814, -0.00630229152739048], "spine03": [0.960365891456604, -0.1975872963666916, -0.1879471242427826, -0.05772804096341133], "thumb01_L": [0.98722243309021, -0.06532060354948044, 0.053145717829465866, 0.13528047502040863], "foot_R": [0.9607596397399902, -0.2773798406124115, -0.0003777886158786714, 0.0011462965048849583], "index00_R": [1.0, -5.58793900040655e-09, 4.167672429389313e-08, 2.6077042747374435e-08], "lowerarm_twist_R": [0.9999916553497314, 0.0015694459434598684, 4.275420724297874e-05, -0.003794546704739332], "index01_L": [0.984548032283783, -0.17134419083595276, 0.008447964675724506, 0.0351448655128479], "index02_R": [0.9793772101402283, -0.20203827321529388, -0.0005067852907814085, 0.000794365769252181], "thigh_L": [0.9453839063644409, 0.021768677979707718, 0.2508929669857025, -0.20694951713085175], "upperarm_R": [0.8546949625015259, -0.10046958178281784, -0.13250797986984253, 0.4917764961719513], "pinky03_L": [0.662376880645752, -0.7491570711135864, 0.0032062793616205454, -0.0032015792094171047], "index02_L": [0.7935104966163635, -0.6085546016693115, 0.0015734814805909991, 7.370966341113672e-05], "middle02_R": [0.989719569683075, -0.14301258325576782, 7.837321754777804e-05, 0.0016100143548101187], "spine01": [0.9894475936889648, 0.026623014360666275, -0.13040074706077576, -0.057275790721178055], "ring00_R": [1.0, -3.725290742551124e-09, -5.407491698861122e-08, 7.916240107874728e-09], "head": [0.9898988604545593, 0.13410383462905884, 0.041629355400800705, -0.01958281174302101], "hand_L": [0.908866822719574, -0.29541727900505066, -0.19795428216457367, -0.21795400977134705], "ring00_L": [0.9991176724433899, -0.03877483308315277, -0.005928355734795332, -0.015014532953500748], "breast_R": [0.9997698068618774, 0.008321705274283886, 0.016692303121089935, -0.010608863085508347], "hand_R": [0.9968810677528381, 0.07713785022497177, 0.00016325961041729897, 0.01667550392448902], "pinky00_L": [0.9975485801696777, -0.06303012371063232, -0.006514343898743391, -0.02969241887331009], "ring02_R": [0.9608762860298157, -0.27696630358695984, -0.00030154973501339555, 0.0025002185720950365], "clavicle_R": [0.9929974675178528, -0.11813610792160034, -3.001250448164683e-08, -6.00250018578663e-08], "calf_R": [0.9189574718475342, -0.38232749700546265, -0.09098438918590546, 0.032630737870931625], "thumb01_R": [0.9987910389900208, 0.0490449033677578, -0.003131892066448927, 0.0011983995791524649], "pinky01_L": [0.9356048107147217, -0.3530418276786804, -3.637392001110129e-05, 0.0022901552729308605], "upperarm_twist_R": [0.999658465385437, -0.01906181313097477, -0.0018995479913428426, 0.017775239422917366], "middle03_L": [0.9544597268104553, -0.2983202338218689, -0.0013105159159749746, 0.003136899322271347], "root": [1.0, 0.0, -5.684335787443581e-14, -7.1054197343044766e-15], "ring03_R": [0.9999001026153564, -0.01410326175391674, 0.00014558083785232157, -0.0009770694887265563], "thumb02_R": [0.9964256882667542, -0.0747358500957489, -0.03897201642394066, 0.005627111066132784], "calf_L": [0.9911044836044312, -0.007917548529803753, 0.1326296329498291, 0.0076589761301875114], "middle02_L": [0.7088506817817688, -0.7053584456443787, 0.0002286513044964522, -0.00045989244244992733], "index01_R": [0.9933369755744934, -0.09986814111471176, -0.006432009860873222, 0.057155027985572815], "calf_twist_R": [1.0, -2.6645352591003757e-15, -1.8626464814985866e-09, 0.0], "ring01_R": [0.9732130765914917, -0.22990162670612335, -0.0012235335307195783, -0.00031772750662639737], "breast_L": [0.9942857623100281, 0.10397064685821533, 0.003889951156452298, 0.023890288546681404], "lowerarm_twist_L": [0.9999915957450867, 0.0015693452442064881, -4.228130273986608e-05, 0.003794803051277995], "spine02": [0.9993388056755066, 0.00022727865143679082, -0.03627008572220802, 0.0025299005210399628], "thumb03_R": [0.9349806904792786, 0.35429319739341736, -0.00449009146541357, -0.01634855940937996], "middle00_R": [1.0, 0.0, -5.448235640415078e-08, 5.5879372240497105e-09], "neck": [0.9963163733482361, -0.018780266866087914, 0.04197245091199875, 0.07238315790891647], "pinky01_R": [0.9500698447227478, -0.3120279610157013, -0.0002583875902928412, -0.0024118239525705576], "middle03_R": [0.999988317489624, -0.0037900202441960573, -0.0012934968108311296, -0.002712500747293234], "toes_R": [0.9509380459785461, -0.30722445249557495, -0.01955854520201683, 0.030780132859945297], "thumb03_L": [0.9503189921379089, 0.3108201324939728, 0.0035657540429383516, 0.016495028510689735], "middle01_L": [0.9822816848754883, -0.18740230798721313, 0.0013839284656569362, -0.0010554627515375614], "middle00_L": [1.0, 8.195650735842719e-08, -2.6077065840013347e-08, -7.450589478708025e-09], "pinky00_R": [1.0, 0.0, 5.379479262046516e-08, 9.604259609830024e-10], "clavicle_L": [0.8610681891441345, 0.1487821638584137, -0.4473099708557129, 0.19062863290309906], "thigh_R": [0.9986419677734375, 0.04664827138185501, -0.02201693505048752, -0.007314368151128292], "index03_L": [0.9477885365486145, -0.31885379552841187, -0.0009117171284742653, 0.00532885268330574], "upperarm_twist_L": [0.924943208694458, -0.010901369154453278, 0.37921378016471863, -0.023623168468475342], "ring01_L": [0.9486172199249268, -0.3164224922657013, 0.0013536454644054174, 0.0005935303051955998], "ring02_L": [0.5846807956695557, -0.8112553954124451, 0.0025918667670339346, -0.002515682252123952], "upperarm_L": [0.9596089720726013, 0.14287593960762024, -0.10029616951942444, -0.2206304520368576], "middle01_R": [0.9749531149864197, -0.2224033921957016, -0.0014853932661935687, 0.0010306985350325704], "thigh_twist_R": [0.999936580657959, -0.0006529986276291311, -0.0007431905250996351, 0.011220294050872326], "pelvis": [0.9951976537704468, 0.02462182007730007, -0.015470590442419052, 0.09346757084131241], "pinky02_R": [0.954886257648468, -0.2969670593738556, 0.0015397496754303575, -0.0005760648055002093], "toes_L": [0.9760559797286987, 0.17647519707679749, 0.12495569884777069, 0.02360953949391842], "foot_L": [0.9600088596343994, -0.27996721863746643, 0.0003681449161376804, -0.0011342266807332635], "calf_twist_L": [1.0, 1.862645815364772e-09, 1.949957351143894e-08, 3.7252920748187535e-09], "lowerarm_L": [0.39431023597717285, 0.898718535900116, 0.004151783883571625, 0.19185201823711395], "pinky02_L": [0.6628164649009705, -0.7487728595733643, -0.0026521580293774605, -0.0025647685397416353], "thumb02_L": [0.9384371042251587, -0.3451935648918152, 0.0002006094582611695, -0.013314817100763321], "thigh_twist_L": [0.999936580657959, -0.0006522758048959076, 0.0007434414583258331, -0.011220309883356094]}