{"lowerarm_R": [0.9454998970031738, 0.2450181394815445, 0.18470624089241028, -0.10899372398853302], "clavicle_L": [0.9776278734207153, 0.034876465797424316, -0.19880934059619904, 0.05918223783373833], "head": [0.9954418540000916, -0.045058708637952805, -0.08396949619054794, -0.0038008701521903276], "upperarm_R": [1.0, 0.0, 0.0, -0.0], "ring02_R": [1.0, 0.0, -0.0, 0.0], "hand_R": [0.9542289972305298, 0.04486504942178726, -0.2953663766384125, 0.013887275941669941], "upperarm_twist_R": [1.0, 0.0, 0.0, 0.0], "toes_L": [0.9842562079429626, 0.17674756050109863, 1.1354635454097206e-08, -1.0029930308519397e-07], "thumb02_R": [0.9744060039520264, -0.22479531168937683, -1.7204129676429147e-08, -1.8159914461080007e-08], "thigh_L": [0.9836708903312683, 0.11988923698663712, -0.08803608268499374, 0.10133176296949387], "pinky00_R": [1.0, 0.0, -0.0, 0.0], "ring01_L": [0.9902136921882629, -0.13955965638160706, -1.5048430057618134e-08, -1.7763568394002505e-15], "clavicle_R": [0.9776277542114258, 0.034876465797424316, 0.19880932569503784, -0.05918223038315773], "toes_R": [0.9987596273422241, -0.04979177191853523, 1.4919669055757367e-08, 2.2845743075095015e-08], "ring00_R": [1.0, 0.0, -0.0, 0.0], "upperarm_L": [1.0, 0.0, 0.0, 0.0], "middle03_R": [0.9993647933006287, 0.03563709557056427, 1.397871596253708e-09, -3.469446951953614e-18], "foot_R": [0.9980501532554626, -0.009077920578420162, 0.06175372749567032, -0.0005616730195470154], "ring01_R": [0.9902136921882629, -0.13955965638160706, 1.5048430057618134e-08, 1.5543122344752192e-15], "pinky02_R": [1.0, 0.0, -0.0, 0.0], "thigh_twist_R": [1.0, 0.0, 0.0, 0.0], "ring03_L": [0.9978529214859009, 0.06549449265003204, -1.8666534984390637e-09, 1.493322798751251e-08], "index01_L": [0.9933120608329773, 0.11546078324317932, 1.3126305375976699e-08, 2.2502238294919152e-08], "ring02_L": [1.0, 0.0, 0.0, -0.0], "pelvis": [1.0, 0.0, 0.0, 0.0], "index03_R": [0.9961965680122375, 0.08713432401418686, -3.9258527095853424e-08, 2.715196512070861e-09], "index00_R": [1.0, 0.0, -0.0, 0.0], "spine02": [0.9921804666519165, -0.025681592524051666, -0.05172084644436836, 0.11065086722373962], "middle01_L": [1.0, 0.0, 0.0, -0.0], "index02_L": [0.9874411225318909, 0.15798735618591309, 3.567392425907201e-08, 3.369391521346188e-08], "lowerarm_twist_L": [1.0, 0.0, 0.0, 0.0], "ring03_R": [0.9978529214859009, 0.06549450755119324, 1.8666539425282735e-09, -1.493323154022619e-08], "middle02_L": [1.0, 0.0, 0.0, -0.0], "spine03": [0.9863389134407043, -0.029434608295559883, -0.15912145376205444, 0.030825523659586906], "middle01_R": [1.0, 0.0, -0.0, 0.0], "middle00_L": [1.0, 0.0, 0.0, -0.0], "index03_L": [0.9961965680122375, 0.08713433146476746, 3.9258527095853424e-08, -2.715196734115466e-09], "thumb02_L": [0.9744060039520264, -0.22479531168937683, 1.7204129676429147e-08, 1.8159914461080007e-08], "index02_R": [0.9874411225318909, 0.15798738598823547, -3.567393136449937e-08, -3.369391876617556e-08], "pinky03_R": [0.9967094659805298, 0.08105726540088654, 1.4950359172871686e-08, 0.0], "pinky00_L": [1.0, 0.0, 0.0, -0.0], "pinky01_L": [0.9509177207946777, -0.3094438314437866, 1.5670293507241695e-08, -3.134058701448339e-08], "breast_L": [1.0, 0.0, 0.0, 0.0], "hand_L": [0.9542289972305298, 0.04486504942178726, 0.2953663766384125, -0.013887275941669941], "pinky03_L": [0.9967094659805298, 0.08105726540088654, -1.4950359172871686e-08, -1.1102230246251565e-16], "index01_R": [0.9933120608329773, 0.11546079069375992, -1.3126306264155119e-08, -2.2502240071275992e-08], "thumb01_L": [0.9983837008476257, -0.014430341310799122, 0.05424155667424202, 0.008921382948756218], "index00_L": [1.0, 0.0, 0.0, -0.0], "calf_R": [0.9973758459091187, 3.361582656680184e-08, 0.07239736616611481, -7.47018269464661e-09], "calf_twist_L": [1.0, 0.0, 0.0, 0.0], "spine01": [0.9912947416305542, 0.035610709339380264, -0.03499411791563034, -0.12182797491550446], "thumb01_R": [0.9983837008476257, -0.014430340379476547, -0.05424155667424202, -0.008921382017433643], "middle00_R": [1.0, 0.0, -0.0, 0.0], "pinky01_R": [0.9509177207946777, -0.3094438314437866, -1.5670293507241695e-08, 3.134058701448339e-08], "lowerarm_L": [0.9454998970031738, 0.2450180947780609, -0.18470622599124908, 0.10899369418621063], "middle02_R": [1.0, 0.0, -0.0, 0.0], "foot_L": [0.9548254609107971, -0.28413185477256775, -0.05198391526937485, 0.06982946395874023], "middle03_L": [0.9993647933006287, 0.03563709929585457, -1.3978717072760105e-09, 6.938893903907228e-18], "calf_twist_R": [1.0, 0.0, 0.0, 0.0], "pinky02_L": [1.0, 0.0, 0.0, -0.0], "neck": [0.9997125864028931, 0.0, 6.9869283692014506e-09, -0.023974426090717316], "lowerarm_twist_R": [1.0, 0.0, 0.0, 0.0], "thumb03_R": [0.9954642057418823, -0.09513675421476364, -1.403349547679511e-09, -3.742264276240803e-09], "thigh_twist_L": [1.0, 0.0, 0.0, 0.0], "calf_L": [0.9975464344024658, -0.05155663564801216, 0.005925469100475311, -0.04698939621448517], "root": [0.9542485475540161, -6.7148357629776e-07, -0.04637877643108368, -0.2953960597515106], "thumb03_L": [0.9954642057418823, -0.09513676166534424, 1.403349547679511e-09, 3.742264276240803e-09], "thigh_R": [0.9708731770515442, -0.0713452473282814, 0.22428666055202484, -0.04484393075108528], "ring00_L": [1.0, 0.0, 0.0, -0.0], "upperarm_twist_L": [1.0, 0.0, 0.0, 0.0], "breast_R": [1.0, 0.0, 0.0, 0.0]}