{"thumb02_R": [0.9666586518287659, -0.2388685792684555, -0.0897931158542633, 0.021215379238128662], "toes_L": [0.9775119423866272, 0.2108801156282425, -0.00018096640997100621, -6.952295370865613e-05], "pinky00_R": [1.0, -1.30385160446167e-08, 7.4505797087454084e-09, 1.4901159417490817e-08], "spine02": [0.9952987432479858, -0.09416495263576508, 0.021267635747790337, 0.007813808508217335], "index03_R": [0.9999948740005493, 0.002169559244066477, 5.010452514397912e-05, -0.0023614149540662766], "calf_twist_R": [1.0, -7.450582373280668e-09, -1.3038518709151958e-08, 3.7252894102834944e-09], "index02_L": [0.8599637746810913, -0.5103548169136047, 0.0002840873785316944, -0.0005271998816169798], "middle03_R": [0.9811686873435974, -0.19314679503440857, 7.933231972856447e-05, -0.001531635643914342], "thigh_L": [0.994007408618927, 0.08544428646564484, 0.05900662764906883, -0.03415793925523758], "middle01_R": [0.9954831004142761, -0.09493693709373474, -0.0004999462980777025, 0.0006145821535028517], "calf_R": [0.9756675958633423, -0.21922004222869873, 0.001329199643805623, -0.00367490341886878], "thumb02_L": [0.9666590094566345, -0.23886747658252716, 0.08979197591543198, -0.02121588960289955], "index01_R": [0.9965337514877319, -0.08316076546907425, -0.00041669217171147466, 0.0021385946311056614], "calf_L": [0.9969282746315002, -0.05201420187950134, 0.058549169450998306, 0.000763159419875592], "index00_L": [1.0, 0.0, -5.587935447692871e-09, -7.4505792646561986e-09], "upperarm_L": [0.847243070602417, -0.2644070088863373, -0.16526208817958832, -0.43006595969200134], "ring02_L": [0.7843266129493713, -0.6203469038009644, 0.0005978462286293507, -0.0011193810496479273], "lowerarm_twist_R": [0.9999979138374329, 0.0007844958454370499, 2.1461335563799366e-05, -0.0018972255056723952], "thigh_R": [0.9808615446090698, -0.008878050372004509, -0.1930609792470932, -0.02364959754049778], "ring00_R": [1.0, -1.303851515643828e-08, 7.916241884231567e-09, 3.725290298461914e-09], "neck": [0.9911315441131592, -0.03677898272871971, 0.12317609041929245, -0.0336637869477272], "pinky02_L": [0.8755167126655579, -0.4831877648830414, -0.00017286732327193022, 0.00021226749231573194], "middle00_R": [1.0, -3.725290298461914e-09, -9.313225746154785e-10, 0.0], "thigh_twist_L": [0.9999841451644897, -0.00032558076782152057, 0.0003716204664669931, -0.005610262509435415], "head": [0.975925862789154, 0.08038267493247986, 0.20261141657829285, -0.007479711435735226], "pinky03_L": [0.9873133301734924, -0.1587817221879959, 0.0006372929201461375, 0.0006305531715042889], "breast_L": [0.996100902557373, 0.05634357035160065, -0.006241713184863329, 0.06759753078222275], "toes_R": [0.9637374877929688, -0.2668519914150238, 0.00018376643129158765, -6.349052273435518e-05], "index03_L": [0.9999948740005493, 0.0021708603017032146, -5.03219198435545e-05, 0.0023614189121872187], "hand_L": [0.9999970197677612, 0.00191685080062598, 0.00027379862149246037, -0.00149278633762151], "clavicle_R": [1.0, -1.862645371275562e-09, -7.450585037815927e-09, 1.8626458597736928e-08], "ring01_R": [0.9979530572891235, -0.06395083665847778, -0.00045141016016714275, -4.400376201374456e-05], "pinky00_L": [1.0, 0.0, 3.3294774937076e-08, -1.7229462301315834e-08], "spine01": [0.9862543940544128, 0.06799666583538055, -0.012436285614967346, 0.1500803530216217], "thumb01_R": [0.9931406378746033, -0.09530171751976013, -0.007916408590972424, -0.06727968156337738], "clavicle_L": [0.9813831448554993, -0.18715503811836243, 0.022657720372080803, 0.03669914975762367], "ring03_R": [0.9628412127494812, -0.27006641030311584, 0.0001234841620316729, -0.0009708315483294427], "upperarm_R": [0.8662487864494324, -0.014259430579841137, 0.020299047231674194, 0.4989968240261078], "thumb01_L": [0.9931405186653137, -0.09530371427536011, 0.007915603928267956, 0.06727965176105499], "spine03": [0.9877049922943115, -0.053723257035017014, 0.007973412051796913, -0.1465916484594345], "pinky03_R": [0.9873205423355103, -0.15873609483242035, -0.0006103083142079413, -0.000794856867287308], "pelvis": [0.9997957348823547, 4.1036269067262765e-06, -0.010045160539448261, 0.017539221793413162], "calf_twist_L": [1.0, -4.656613428188905e-10, -1.8626460374093767e-09, -1.1175871783564162e-08], "root": [1.0, 0.0, -5.684335787443581e-14, 0.0], "middle02_R": [0.819220244884491, -0.573478639125824, -0.0002958262339234352, 0.0006406456232070923], "thumb03_L": [0.9996770024299622, 0.0239409152418375, -0.0003608796978369355, 0.008522605523467064], "ring03_L": [0.9628390073776245, -0.27007436752319336, -0.00011725276272045448, 0.0009501310996711254], "middle03_L": [0.9811790585517883, -0.19309431314468384, -7.24376441212371e-05, 0.0015019683632999659], "ring01_L": [0.9979529976844788, -0.06395185738801956, 0.0004515989276114851, 4.35489127994515e-05], "middle01_L": [0.995482861995697, -0.0949382558465004, 0.0004998627700842917, -0.0006143833161331713], "thigh_twist_R": [0.9951673150062561, -0.000877139566000551, 0.0980328917503357, 0.005550946108996868], "pinky01_L": [0.9837881922721863, -0.17933128774166107, 8.665076165925711e-05, 0.0011470470344647765], "index02_R": [0.8599901795387268, -0.510310173034668, -0.0002905211877077818, 0.000537233252543956], "foot_R": [0.9824416041374207, -0.18656982481479645, -0.0001168496091850102, 0.0005767483962699771], "index01_L": [0.9965333938598633, -0.08316531032323837, 0.0004165463615208864, -0.0021380516700446606], "upperarm_twist_R": [0.9911665916442871, -0.008284468203783035, -0.1319815069437027, 0.010060413740575314], "ring00_L": [1.0, 4.470350489782504e-08, -2.6077035641947077e-08, 2.79396972224788e-09], "breast_R": [0.9980159997940063, 0.06141921877861023, 0.002732096938416362, -0.013576386496424675], "pinky02_R": [0.8755213618278503, -0.48317939043045044, 0.00013843068154528737, -0.0001528032444184646], "lowerarm_L": [0.9911096692085266, 0.07371319085359573, 0.10886237025260925, 0.020425379276275635], "foot_L": [0.9594141840934753, -0.27904167771339417, 0.038983121514320374, -0.011852558702230453], "ring02_R": [0.7843095660209656, -0.6203683614730835, -0.000605327426455915, 0.0011275539873167872], "pinky01_R": [0.9838055968284607, -0.1792348027229309, -7.894136069808155e-05, -0.0011846533743664622], "middle02_L": [0.8192728757858276, -0.5734032988548279, 0.00034998456249013543, -0.0007164523121900856], "index00_R": [1.0, 3.725290298461914e-09, 4.656613428188905e-10, 7.450582373280668e-09], "middle00_L": [1.0, 0.0, -3.725297403889272e-09, -1.0244551873483942e-08], "lowerarm_R": [0.9998195171356201, 0.014013106934726238, -0.0019320101710036397, -0.012683083303272724], "thumb03_R": [0.9996770620346069, 0.023939412087202072, 0.00036084186285734177, -0.008522422052919865], "upperarm_twist_L": [0.9777275919914246, -0.007468402851372957, 0.20947283506393433, -0.010680747218430042], "lowerarm_twist_L": [0.9999979138374329, 0.0007844250649213791, -2.112617585225962e-05, 0.001897391863167286], "hand_R": [0.9999970197677612, 0.001918555935844779, -0.00027299034991301596, 0.0014937445521354675]}