{"lowerarm_R": [1.0, 0.0, 0.0, 0.0], "clavicle_L": [0.8610682487487793, 0.1487821638584137, -0.44731003046035767, 0.19062870740890503], "head": [0.9898989200592041, 0.13410387933254242, 0.041629377752542496, -0.019582800567150116], "upperarm_R": [0.8665897846221924, -0.08368930220603943, -0.15116307139396667, 0.46815431118011475], "ring02_R": [0.9608773589134216, -0.27697426080703735, -9.93628503920263e-08, -5.614526443764589e-08], "hand_R": [0.997215747833252, 0.07331279665231705, 0.0005750171840190887, 0.013638290576636791], "upperarm_twist_R": [1.0, 0.0, 0.0, 0.0], "toes_L": [0.9759528040885925, 0.1765279620885849, 0.12584081292152405, 0.022762006148695946], "thumb02_R": [0.9981502890586853, -0.06079563498497009, -1.611422639768989e-08, 1.1768622520946792e-08], "thigh_L": [0.9467228651046753, 0.02785564586520195, 0.25285011529922485, -0.1975013166666031], "pinky00_R": [1.0, 0.0, 0.0, 0.0], "ring01_L": [0.9486129283905029, -0.3164388835430145, 1.5732959823822057e-08, 6.196952728743099e-09], "clavicle_R": [0.9929974675178528, -0.11813610792160034, -9.003748147051738e-08, -6.75280915629628e-08], "toes_R": [0.9509650468826294, -0.30713632702827454, -0.020078208297491074, 0.030493468046188354], "ring00_R": [1.0, 0.0, 0.0, 0.0], "upperarm_L": [0.9631791710853577, 0.1681203842163086, -0.0539337657392025, -0.20276197791099548], "middle03_R": [1.0, 0.0, 0.0, 0.0], "foot_R": [0.9608452320098877, -0.27708563208580017, 6.421441867132671e-08, -7.075705354964157e-08], "ring01_R": [0.9732293486595154, -0.22983700037002563, 9.740541884184495e-08, 3.313095930934651e-08], "pinky02_R": [0.9538710713386536, -0.30021652579307556, -7.200663532103135e-08, -3.514898949674716e-08], "thigh_twist_R": [1.0, 0.0, 0.0, 0.0], "ring03_L": [0.6209626197814941, -0.7816222906112671, 0.03616749867796898, -0.04651989787817001], "index01_L": [0.984501302242279, -0.17083777487277985, 0.0067785452120006084, 0.0390632301568985], "ring02_L": [0.584439754486084, -0.8114370703697205, -1.8369767929016234e-08, -3.365422074352864e-08], "pelvis": [1.0, 0.0, 0.0, 0.0], "index03_R": [1.0, 0.0, 0.0, 0.0], "index00_R": [1.0, 0.0, 0.0, 0.0], "spine02": [0.9993388652801514, 0.0002272767451358959, -0.03627007082104683, 0.0025298986583948135], "middle01_L": [0.9821460843086243, -0.18812042474746704, -1.9281980456753445e-08, 3.7029217025974503e-08], "index02_L": [0.7934683561325073, -0.6086117625236511, -4.804151387816091e-08, 1.7363188220542725e-08], "lowerarm_twist_L": [1.0, 0.0, 0.0, 0.0], "ring03_R": [1.0, 0.0, 0.0, 0.0], "middle02_L": [0.7098087668418884, -0.7043944597244263, -1.2960065909339846e-08, -1.860871456926816e-08], "spine03": [0.9603658318519592, -0.1975872665643692, -0.18794701993465424, -0.05772801861166954], "middle01_R": [0.9747903943061829, -0.22312310338020325, -6.877635172486407e-08, 6.786432305005974e-09], "middle00_L": [1.0, 0.0, 0.0, 0.0], "index03_L": [0.9422257542610168, -0.3349788784980774, -5.930570257106638e-09, 1.5814855203188927e-08], "thumb02_L": [0.9478294253349304, -0.3187780976295471, -6.724469159280488e-08, -2.3381515390497043e-08], "index02_R": [0.9795351624488831, -0.20127353072166443, -8.807621298956292e-08, -4.276096632338522e-08], "pinky03_R": [0.9923716187477112, -0.1232825443148613, -2.4400526044132675e-08, -1.8652322353318596e-08], "pinky00_L": [0.9975486397743225, -0.06303009390830994, -0.006514360196888447, -0.029692450538277626], "pinky01_L": [0.9359134435653687, -0.3522300124168396, -2.9242679389085424e-08, 3.5900573180924766e-08], "breast_L": [0.9961696863174438, 0.08428367972373962, -0.001963375136256218, 0.023205313831567764], "hand_L": [0.9084035158157349, -0.29770511388778687, -0.20031669735908508, -0.21458764374256134], "pinky03_L": [0.6897050142288208, -0.7240904569625854, 1.341538222732197e-07, -5.735538977091892e-08], "index01_R": [0.9936472773551941, -0.09925349056720734, -0.005272701382637024, 0.05278569087386131], "thumb01_L": [0.9877609610557556, -0.05934187024831772, 0.048987820744514465, 0.1356741487979889], "index00_L": [0.9993768930435181, -0.034729551523923874, -0.00021897663827985525, -0.00630225008353591], "calf_R": [0.9188467264175415, -0.38101762533187866, -0.09486337751150131, 0.03933695703744888], "calf_twist_L": [1.0, 0.0, 0.0, 0.0], "spine01": [0.9898012280464172, -0.0021660313941538334, -0.13201205432415009, -0.0534958578646183], "thumb01_R": [0.998467743396759, 0.05533742904663086, 6.942313035551706e-08, -2.0435852121636344e-08], "middle00_R": [1.0, 0.0, 0.0, 0.0], "pinky01_R": [0.9503191113471985, -0.3112777769565582, 5.328394081516308e-08, 4.4371798679776475e-08], "lowerarm_L": [0.4245142936706543, 0.8862342834472656, -0.013851840049028397, 0.18489260971546173], "middle02_R": [0.9900335669517517, -0.14083310961723328, -6.260182061623709e-08, -2.1274948025507e-08], "foot_L": [0.9600948095321655, -0.27967512607574463, -3.490129074634751e-08, 2.4040039647843514e-07], "middle03_L": [0.95069819688797, -0.3101177513599396, -3.345925136954975e-08, 2.7083361331392553e-08], "calf_twist_R": [1.0, 0.0, 0.0, 0.0], "pinky02_L": [0.6599476337432861, -0.7513116598129272, -1.2065817145412439e-07, -8.749481850145457e-08], "neck": [0.9954276084899902, 0.061496663838624954, 0.03556863218545914, 0.06385565549135208], "lowerarm_twist_R": [1.0, 0.0, 0.0, 0.0], "thumb03_R": [0.9510056376457214, 0.30917415022850037, 1.5565097655212412e-08, -6.766909876887439e-08], "thigh_twist_L": [1.0, 0.0, 0.0, 0.0], "calf_L": [0.9910088181495667, -0.006206233520060778, 0.13365262746810913, 6.842202856205404e-05], "root": [0.9951975345611572, 0.024672232568264008, 0.09396570175886154, -0.011985686607658863], "thumb03_L": [0.9642470479011536, 0.2650051414966583, 3.863418918115258e-09, 7.726837836230516e-09], "thigh_R": [0.9981227517127991, 0.0549592562019825, -0.0223463736474514, -0.015216445550322533], "ring00_L": [0.9991176724433899, -0.03877485543489456, -0.005928396712988615, -0.015014490112662315], "upperarm_twist_L": [0.9259726405143738, 9.633648687668028e-07, 0.37759071588516235, -1.4084843087402987e-06], "breast_R": [0.9999545812606812, -0.006766030099242926, -4.543498289422132e-05, -0.006715625058859587]}