{"index03_R": [0.9980431795120239, 0.06198861449956894, 0.0010871527483686805, -0.008119073696434498], "ring03_L": [0.9995711445808411, -0.029255615547299385, -0.0010205843718722463, 0.0008360584615729749], "pinky03_R": [0.9993123412132263, -0.036978743970394135, -3.155391095788218e-05, -0.0027169776149094105], "lowerarm_R": [0.9793270230293274, 0.19259916245937347, -0.020171811804175377, -0.05845772475004196], "index00_L": [1.0, 2.2351748896198842e-08, 7.916244548766826e-09, 2.7939686120248552e-09], "spine03": [0.9931337833404541, -0.006077918224036694, -0.012624339200556278, 0.11614236235618591], "thumb01_L": [0.9999464750289917, -0.009436007589101791, 0.004139232914894819, -0.0009818957187235355], "foot_R": [0.9309132695198059, -0.3587816655635834, 0.05101684480905533, -0.04553712531924248], "index00_R": [1.0, 1.490117540470237e-08, -6.519268236360176e-09, -7.450582373280668e-09], "lowerarm_twist_R": [0.9999811053276062, 0.0023546190932393074, 6.382676656357944e-05, -0.005691897589713335], "index01_L": [0.99004727602005, 0.140584796667099, -0.00038931184099055827, -0.006493309047073126], "index02_R": [0.9999983310699463, -0.0005417363136075437, 5.3218871471472085e-05, 0.001796351047232747], "thigh_L": [0.9575329422950745, 0.1976718157529831, -0.0613211989402771, 0.20073983073234558], "upperarm_R": [0.9340471625328064, -0.017095288261771202, 0.04053265228867531, 0.3544301390647888], "pinky03_L": [0.9988023042678833, -0.048897773027420044, 0.0010602023685351014, 0.0013189881574362516], "index02_L": [0.9999982118606567, -0.0006929220398887992, -7.501601066906005e-05, -0.001755460281856358], "middle02_R": [0.9999946355819702, -0.002511773956939578, 0.0004008018004242331, 0.0020807841792702675], "spine01": [0.9966806769371033, 0.029968589544296265, 0.020025184378027916, 0.07299717515707016], "ring00_R": [1.0, 3.7252894102834944e-09, 8.381902283360887e-09, -3.7252894102834944e-09], "head": [0.9995193481445312, -0.0002866946451831609, -0.001611900283023715, -0.030959051102399826], "hand_L": [0.9677619338035583, -0.16754846274852753, -0.005886286497116089, -0.18796205520629883], "ring00_L": [1.0, -4.4703490686970326e-08, -3.7252898543727042e-09, 3.2596296772879896e-09], "breast_R": [0.9995573163032532, 0.026076972484588623, 0.010297038592398167, 0.00995880737900734], "hand_R": [0.9905650019645691, 0.13696639239788055, -0.0003461057203821838, 0.004596796818077564], "pinky00_L": [1.0, 0.0, -4.6566106526313433e-10, -3.958120053937364e-09], "ring02_R": [0.9999905824661255, 0.002022078260779381, 0.000697186856996268, 0.0037918295711278915], "clavicle_R": [0.9958054423332214, -0.09149610251188278, -1.8704922055690076e-08, -2.99278788418178e-08], "calf_R": [0.9937428832054138, -0.11107557266950607, 0.0027507483027875423, -0.0113940155133605], "thumb01_R": [0.999946653842926, -0.009420223534107208, -0.004121620673686266, 0.0009719631634652615], "pinky01_L": [0.9824392795562744, -0.1865486055612564, 0.00044008830445818603, 0.0035444204695522785], "upperarm_twist_R": [0.9992316365242004, -0.028588417917490005, -0.002847110852599144, 0.02665902115404606], "middle03_L": [0.9999200105667114, -0.01188117079436779, 0.00037359868292696774, 0.004342739004641771], "root": [1.0, 0.0, -5.684335787443581e-14, -7.1054197343044766e-15], "ring03_R": [0.9999037384986877, -0.013724157586693764, 6.015309736540075e-06, -0.0020785017404705286], "thumb02_R": [0.9989261627197266, -0.04201073199510574, 0.004789095371961594, 0.01894484832882881], "calf_L": [0.9987770915031433, -0.04803132265806198, -0.002021423075348139, 0.01154850423336029], "middle02_L": [0.9999948143959045, -0.002150485524907708, -0.0003486153145786375, -0.0023692219983786345], "index01_R": [0.9900410175323486, 0.140629380941391, 0.0004509944701567292, 0.006485789082944393], "calf_twist_R": [1.0, 0.0, 3.725292518907963e-09, -1.3322676295501878e-15], "ring01_R": [0.9915182590484619, -0.12995707988739014, -0.0016453027492389083, -0.0002725052763707936], "breast_L": [0.9951245784759521, 0.08332502841949463, -0.007704919204115868, 0.05219929292798042], "lowerarm_twist_L": [0.9999811053276062, 0.0023541192058473825, -6.329178722808138e-05, 0.005692292004823685], "spine02": [0.9938303828239441, -0.004795134998857975, -0.09475274384021759, 0.05744696035981178], "thumb03_R": [0.9970961809158325, 0.07174444198608398, 0.0011168350465595722, -0.025508316233754158], "middle00_R": [1.0, 2.980233304583635e-08, 2.2351734685344127e-08, -2.9802315282267955e-08], "neck": [0.9916118383407593, -0.12215865403413773, 0.006820973474532366, -0.0416736900806427], "pinky01_R": [0.982486367225647, -0.18629933893680573, -0.0005749019328504801, -0.0035717880818992853], "middle03_R": [0.9999837875366211, -0.003556356066837907, -0.0014826592523604631, -0.0041898395866155624], "toes_R": [0.9573644399642944, -0.28888192772865295, 0.0007678733672946692, -0.00018517868011258543], "thumb03_L": [0.997096061706543, 0.0717439278960228, -0.0010988089488819242, 0.025518260896205902], "middle01_L": [0.9999966025352478, 0.0011247624643146992, 0.0013205171562731266, -0.001967265736311674], "middle00_L": [1.0, 7.450601025027481e-09, -3.562313466431988e-08, 1.0826635588045974e-08], "pinky00_R": [1.0, -7.45057526785331e-09, -2.514570951461792e-08, -3.725278752142458e-09], "clavicle_L": [0.9958054423332214, -0.09149610251188278, 1.8704930937474273e-08, 1.3093448103518313e-08], "thigh_R": [0.9478507041931152, -0.21420590579509735, 0.18549422919750214, 0.1458999216556549], "index03_L": [0.9981732368469238, 0.05994637310504913, -0.0003920706221833825, 0.007508376147598028], "upperarm_twist_L": [0.9992316961288452, -0.028588542714715004, 0.0028421420138329268, -0.026658762246370316], "ring01_L": [0.9915242791175842, -0.12991240620613098, 0.001528020016849041, 0.00029340715263970196], "ring02_L": [0.9999904036521912, 0.0021731271408498287, -0.000735403795260936, -0.003749535419046879], "upperarm_L": [0.8629258871078491, 0.016203489154577255, 0.05653589963912964, -0.5018965005874634], "middle01_R": [0.9999967217445374, 0.0011027479777112603, -0.0013230787590146065, 0.001958161825314164], "thigh_twist_R": [0.9998573064804077, -0.0009797827806323767, -0.0011153339873999357, 0.016829531639814377], "pelvis": [0.9865900874137878, 0.00011243383778491989, 0.022809522226452827, -0.1616162210702896], "pinky02_R": [0.9951210021972656, -0.09865785390138626, 0.0006661153165623546, -0.0006028539501130581], "toes_L": [0.9671275019645691, 0.25429046154022217, -0.0008345655514858663, -0.00023347690876107663], "foot_L": [0.949413001537323, -0.31103160977363586, -0.024938169866800308, -0.0353899747133255], "calf_twist_L": [1.0, 7.450583261459087e-09, 6.519262907289658e-09, -1.117587622445626e-08], "lowerarm_L": [0.9780880808830261, 0.19809339940547943, 0.015501669608056545, 0.06214839220046997], "pinky02_L": [0.9951395988464355, -0.09847072511911392, -0.0006451003137044609, 0.0006322865374386311], "thumb02_L": [0.9989271759986877, -0.04199494421482086, -0.004756325855851173, -0.018932964652776718], "thigh_twist_L": [0.9998573660850525, -0.0009770317701622844, 0.0011151584330946207, -0.01682993210852146]}