{"lowerarm_R": [0.987105667591095, -6.2506111397908626e-09, 0.160070538520813, 2.2643723340820543e-08], "clavicle_L": [1.0, 0.0, 0.0, 0.0], "head": [0.9999315142631531, -0.011704388074576855, -5.179441320279921e-10, -2.2882812311664225e-10], "upperarm_R": [0.8974356055259705, -0.061772700399160385, 0.07314575463533401, 0.4306313991546631], "ring02_R": [0.9509493708610535, -0.30934658646583557, 1.9587222510608626e-08, -1.9587222510608626e-08], "hand_R": [0.9604523777961731, 0.009353527799248695, 0.26894500851631165, 0.07150067389011383], "upperarm_twist_R": [1.0, 0.0, 0.0, 0.0], "toes_L": [0.9699540138244629, 0.21663054823875427, 0.10479897260665894, 0.035751886665821075], "thumb02_R": [0.993127703666687, -0.11579537391662598, -0.0025818957947194576, -0.01679764874279499], "thigh_L": [0.9862720966339111, 0.07870282232761383, 0.022803770378232002, -0.14336659014225006], "pinky00_R": [1.0, 0.0, 0.0, -0.0], "ring01_L": [0.9500515460968018, -0.3075135350227356, -0.01640406623482704, -0.050679609179496765], "clavicle_R": [1.0, 0.0, 0.0, 0.0], "toes_R": [0.9445345401763916, -0.32558149099349976, -0.0024784437846392393, 0.04295475780963898], "ring00_R": [1.0, 0.0, 0.0, -0.0], "upperarm_L": [0.9113667011260986, -0.11826875805854797, -0.04751242697238922, -0.39136460423469543], "middle03_R": [0.9873634576797485, -0.15847191214561462, 1.3635284012991633e-08, -1.0807967854020717e-08], "foot_R": [0.9756410717964172, -0.21743372082710266, 0.0037991327699273825, 0.02886211685836315], "ring01_R": [0.9734624624252319, -0.222560852766037, 0.020808054134249687, 0.04903613030910492], "pinky02_R": [0.9639886617660522, -0.2659434378147125, 9.66113589129236e-09, -1.5457816360253673e-08], "thigh_twist_R": [1.0, 0.0, 0.0, 0.0], "ring03_L": [0.9451339840888977, -0.3266829252243042, -3.153237315700608e-08, -1.2563679874233458e-08], "index01_L": [0.9893277287483215, -0.13221202790737152, -0.00811226200312376, 0.06070294231176376], "ring02_L": [0.9509493708610535, -0.30934658646583557, -1.9587220734251787e-08, 1.9587220734251787e-08], "pelvis": [0.9976919293403625, 0.027418671175837517, -0.006043919827789068, 0.061830516904592514], "index03_R": [1.0, 0.0, 0.0, -0.0], "index00_R": [1.0, 0.0, 0.0, -0.0], "spine02": [1.0, 0.0, 0.0, 0.0], "middle01_L": [0.9610006809234619, -0.2765462398529053, -2.6748971038159652e-08, 3.9385494865484816e-09], "index02_L": [0.9554979801177979, -0.2949976623058319, -4.970963018990915e-08, 2.3392768611074644e-08], "lowerarm_twist_L": [1.0, 0.0, 0.0, 0.0], "ring03_R": [0.9740644693374634, -0.22627079486846924, 1.596471577158809e-08, 1.066967314500289e-08], "middle02_L": [0.9180724620819092, -0.3964127004146576, -1.6528991508835134e-08, 6.2150578017394764e-09], "spine03": [0.994465172290802, -0.0916159451007843, -0.00038693391252309084, -0.051436688750982285], "middle01_R": [0.9935929179191589, -0.11141860485076904, 0.014255954883992672, -0.012485329061746597], "middle00_L": [1.0, 0.0, 0.0, 0.0], "index03_L": [1.0, 0.0, 0.0, 0.0], "thumb02_L": [0.978772759437561, -0.2042439728975296, 0.0010676465462893248, 0.016961343586444855], "index02_R": [0.9554979801177979, -0.2949976623058319, 4.970963018990915e-08, -2.3392768611074644e-08], "pinky03_R": [0.9519889950752258, -0.3061322271823883, 7.826332470983743e-09, -3.130531922579394e-08], "pinky00_L": [1.0, 0.0, 0.0, 0.0], "pinky01_L": [0.949190616607666, -0.2897704243659973, -0.12143861502408981, -0.017978206276893616], "breast_L": [1.0, 0.0, 0.0, 0.0], "hand_L": [0.963006317615509, -0.06378791481256485, -0.26170113682746887, 0.007903983816504478], "pinky03_L": [0.9519890546798706, -0.3061322271823883, -7.826332470983743e-09, 3.130531922579394e-08], "index01_R": [0.9981227517127991, -0.0005874459748156369, 3.6055222153663635e-05, -0.06124258041381836], "thumb01_L": [0.9727897644042969, -0.1667434126138687, 0.012556327506899834, 0.16037297248840332], "index00_L": [1.0, 0.0, 0.0, 0.0], "calf_R": [0.9992995858192444, -7.455803086031665e-09, -0.037421781569719315, -1.491160972477701e-08], "calf_twist_L": [1.0, 0.0, 0.0, 0.0], "spine01": [0.9995546936988831, -0.0006413130322471261, -0.007708781398832798, -0.02882380038499832], "thumb01_R": [0.9727895855903625, -0.16674338281154633, -0.012556318193674088, -0.16037291288375854], "middle00_R": [1.0, 0.0, 0.0, -0.0], "pinky01_R": [0.9709601998329163, -0.20764093101024628, 0.11795593053102493, -0.014423954300582409], "lowerarm_L": [0.9623240828514099, -1.4516772672834577e-08, -0.27190515398979187, -7.742278818057002e-09], "middle02_R": [0.9488017559051514, -0.3158720135688782, 1.3179542790453525e-08, -2.0674301381973237e-08], "foot_L": [0.9421816468238831, -0.33394497632980347, 0.027610737830400467, 0.003527647815644741], "middle03_L": [0.9873635768890381, -0.158471941947937, -1.3635286677526892e-08, 1.0807969630377556e-08], "calf_twist_R": [1.0, 0.0, 0.0, 0.0], "pinky02_L": [0.963988721370697, -0.2659434974193573, -9.6611376676492e-09, 1.5457818136610513e-08], "neck": [0.999838650226593, -0.00024163904890883714, -0.00031321842106990516, 0.017964661121368408], "lowerarm_twist_R": [1.0, 0.0, 0.0, 0.0], "thumb03_R": [0.9999547004699707, 0.009527929127216339, 1.523773462963618e-08, 5.699188676544509e-09], "thigh_twist_L": [1.0, 0.0, 0.0, 0.0], "calf_L": [1.0, 0.0, 0.0, 0.0], "root": [1.0, 0.0, 0.0, 0.0], "thumb03_L": [0.9930233955383301, -0.11791793256998062, -1.3130120102289311e-08, -1.500585078417771e-08], "thigh_R": [0.9916654825210571, -0.05085127055644989, -0.012226002290844917, -0.11774712055921555], "ring00_L": [1.0, 0.0, 0.0, 0.0], "upperarm_twist_L": [1.0, 0.0, 0.0, 0.0], "breast_R": [1.0, 0.0, 0.0, 0.0]}