{"lowerarm_R": [0.9878916144371033, 0.15514583885669708, -1.0605799793950155e-08, 1.508380442771795e-08], "clavicle_L": [0.9958054423332214, -0.09149608761072159, 0.0, 1.4963928762767864e-08], "head": [0.9995193481445312, -0.00028669924358837306, -0.0016119118081405759, -0.030959049239754677], "upperarm_R": [0.9401360750198364, 0.006478861905634403, 0.006685278378427029, 0.3406721353530884], "ring02_R": [1.0, 0.0, 0.0, 0.0], "hand_R": [0.9913484454154968, 0.1312563419342041, -5.636701772004926e-09, -1.8789005906683087e-08], "upperarm_twist_R": [1.0, 0.0, 0.0, 0.0], "toes_L": [0.9671803116798401, 0.2540913224220276, -7.703405913161987e-09, 3.851701180224154e-09], "thumb02_R": [1.0, 0.0, 0.0, 0.0], "thigh_L": [0.952549159526825, 0.21057197451591492, -0.061499666422605515, 0.21101610362529755], "pinky00_R": [1.0, 0.0, 0.0, 0.0], "ring01_L": [0.9915397763252258, -0.1298033744096756, -1.2210498390174962e-08, -7.514152855492284e-09], "clavicle_R": [0.9958054423332214, -0.09149608761072159, 0.0, -1.4963928762767864e-08], "toes_R": [0.9574204087257385, -0.2886977195739746, -7.17816774908897e-08, -1.4646013823949033e-07], "ring00_R": [1.0, 0.0, 0.0, 0.0], "upperarm_L": [0.838451087474823, 0.04519187659025192, 0.09857337176799774, -0.5340796113014221], "middle03_R": [1.0, 0.0, 0.0, 0.0], "foot_R": [0.9309931397438049, -0.3582628071308136, 0.051782891154289246, -0.04709814488887787], "ring01_R": [0.9915397763252258, -0.1298033744096756, 1.2210497501996542e-08, 7.514151967313865e-09], "pinky02_R": [0.994558572769165, -0.1041790023446083, 8.930378477185232e-16, 7.491344433674385e-09], "thigh_twist_R": [1.0, 0.0, 0.0, 0.0], "ring03_L": [1.0, 0.0, 0.0, -0.0], "index01_L": [0.9899654388427734, 0.1413096934556961, -1.3170677881646498e-08, -2.220446049250313e-16], "ring02_L": [1.0, 0.0, 0.0, -0.0], "pelvis": [1.0, 0.0, 0.0, 0.0], "index03_R": [0.9982330799102783, 0.059420596808195114, 1.865942067524884e-09, 1.492753654019907e-08], "index00_R": [1.0, 0.0, 0.0, 0.0], "spine02": [0.9938305020332336, -0.004795144312083721, -0.09475275874137878, 0.057446956634521484], "middle01_L": [1.0, 0.0, 0.0, -0.0], "index02_L": [1.0, 0.0, 0.0, -0.0], "lowerarm_twist_L": [1.0, 0.0, 0.0, 0.0], "ring03_R": [1.0, 0.0, 0.0, 0.0], "middle02_L": [1.0, 0.0, 0.0, -0.0], "spine03": [0.9931337237358093, -0.006077916827052832, -0.01262433361262083, 0.11614236235618591], "middle01_R": [1.0, 0.0, 0.0, 0.0], "middle00_L": [1.0, 0.0, 0.0, -0.0], "index03_L": [0.9982330203056335, 0.05942060053348541, -1.865942289569489e-09, -1.492753654019907e-08], "thumb02_L": [1.0, 0.0, 0.0, -0.0], "index02_R": [1.0, 0.0, 0.0, 0.0], "pinky03_R": [1.0, 0.0, 0.0, 0.0], "pinky00_L": [1.0, 0.0, 0.0, -0.0], "pinky01_L": [0.9827364087104797, -0.1850113719701767, -9.88579440530657e-09, -1.4818319016285386e-08], "breast_L": [0.9979075193405151, 0.054770126938819885, -0.0018833359936252236, 0.03431428596377373], "hand_L": [0.9676561951637268, -0.17275920510292053, -0.008361157961189747, -0.18364594876766205], "pinky03_L": [1.0, 0.0, 0.0, -0.0], "index01_R": [0.9899654388427734, 0.1413097083568573, 1.3170677881646498e-08, 0.0], "thumb01_L": [1.0, 0.0, 0.0, -0.0], "index00_L": [1.0, 0.0, 0.0, -0.0], "calf_R": [0.9939244389533997, -0.11006559431552887, -1.56950065388628e-07, -2.248838271157183e-08], "calf_twist_L": [1.0, 0.0, 0.0, 0.0], "spine01": [0.9970428943634033, -0.01352648250758648, 0.023189585655927658, 0.07200661301612854], "thumb01_R": [1.0, 0.0, 0.0, 0.0], "middle00_R": [1.0, 0.0, 0.0, 0.0], "pinky01_R": [0.9827364087104797, -0.1850113719701767, 9.88579440530657e-09, 1.4818318128106966e-08], "lowerarm_L": [0.9848699569702148, 0.17314615845680237, -0.0009742857073433697, -0.0071355742402374744], "middle02_R": [1.0, 0.0, 0.0, 0.0], "foot_L": [0.9496090412139893, -0.3105657696723938, -0.025601832196116447, -0.03370889276266098], "middle03_L": [1.0, 0.0, 0.0, -0.0], "calf_twist_R": [1.0, 0.0, 0.0, 0.0], "pinky02_L": [0.994558572769165, -0.1041790023446083, -8.881784197001252e-16, -7.491344433674385e-09], "neck": [0.9991051554679871, -0.0003911292878910899, -0.002095912816002965, -0.04224185273051262], "lowerarm_twist_R": [1.0, 0.0, 0.0, 0.0], "thumb03_R": [1.0, 0.0, 0.0, 0.0], "thigh_twist_L": [1.0, 0.0, 0.0, 0.0], "calf_L": [0.9988943338394165, -0.04701267555356026, 2.237648288883065e-08, -7.458828221729163e-09], "root": [0.9865888953208923, 4.767111150272285e-08, -0.16137459874153137, 0.024507569149136543], "thumb03_L": [1.0, 0.0, 0.0, -0.0], "thigh_R": [0.9521424174308777, -0.19994691014289856, 0.1860441416501999, 0.1372372955083847], "ring00_L": [1.0, 0.0, 0.0, -0.0], "upperarm_twist_L": [1.0, 0.0, 0.0, 0.0], "breast_R": [1.0, 0.0, 0.0, 0.0]}