{"thumb02_R": [0.9998809099197388, -0.013997793197631836, 0.0015661600045859814, 0.006308772135525942], "toes_L": [0.9607703685760498, 0.2773449122905731, -0.00018690363503992558, -5.71826531086117e-05], "pinky00_R": [1.0, 1.4901158529312397e-08, -2.2351748896198842e-08, -1.4901154976598718e-08], "spine02": [1.0, 9.313221305262687e-10, -3.2188836485147476e-08, -9.313227522511625e-09], "index03_R": [0.9999948740005493, 0.0021685324609279633, 5.146595140104182e-05, -0.0023615409154444933], "calf_twist_R": [1.0, -7.450581485102248e-09, -1.1175872671742582e-08, 3.725290742551124e-09], "index02_L": [0.9910585284233093, -0.13342724740505219, 5.353839878807776e-05, -0.0005971216596662998], "middle03_R": [0.9999985694885254, 0.0007293371018022299, -0.00022178399376571178, -0.0015136772999539971], "thigh_L": [0.9931384921073914, 0.08094926923513412, -0.08431538194417953, 0.003756296820938587], "middle01_R": [0.9999996423721313, 0.00039507559267804027, -0.000438291288446635, 0.0006587124662473798], "calf_R": [0.999992311000824, -0.00034225985291413963, 0.0004920641076751053, -0.0038764362689107656], "thumb02_L": [0.9998809099197388, -0.01399911753833294, -0.0015665175160393119, -0.006307144183665514], "index01_R": [0.9949196577072144, -0.00027692876756191254, -0.0002123567246599123, 0.10067160427570343], "calf_L": [0.999992311000824, -0.00034123932709917426, -0.0004919323837384582, 0.003877372946590185], "index00_L": [1.0, 4.9825771952782816e-08, -9.546035073526582e-09, -2.2351741790771484e-08], "upperarm_L": [0.8084545731544495, -0.003868344472721219, -0.03277549520134926, -0.5876325964927673], "ring02_L": [0.90984708070755, -0.4149418771266937, 0.00031288733589462936, -0.00122943171299994], "lowerarm_twist_R": [0.9999979138374329, 0.0007845703512430191, 2.1517333152587526e-05, -0.0018972652032971382], "thigh_R": [0.9813542366027832, -0.12404533475637436, 0.14532960951328278, 0.02088255248963833], "ring00_R": [1.0, 3.725290298461914e-08, 1.4901161193847656e-08, 0.0], "neck": [0.9800431132316589, 0.15450093150138855, 0.12492234259843826, -0.006278682965785265], "pinky02_L": [0.9335722923278809, -0.35838913917541504, -0.0001418643951183185, 0.00023387474357150495], "middle00_R": [1.0, -7.450581485102248e-09, 7.450580596923828e-09, 2.9802322387695312e-08], "thigh_twist_L": [0.9999841451644897, -0.0003256031486671418, 0.00037159069324843585, -0.005610202439129353], "head": [0.9192022085189819, 0.1319524645805359, 0.3619233965873718, -0.0816536694765091], "pinky03_L": [0.9522185921669006, -0.30541616678237915, 0.0005356257315725088, 0.0007168875308707356], "breast_L": [0.9989534616470337, 0.032962486147880554, -0.002440497511997819, 0.031615763902664185], "toes_R": [0.9822959899902344, -0.18733559548854828, 0.0001788606750778854, -7.811323303030804e-05], "index03_L": [0.9999949336051941, 0.0021684460807591677, -5.058736860519275e-05, 0.002361321821808815], "hand_L": [0.996842622756958, 0.07938845455646515, 0.00015710495063103735, -0.001511355279944837], "clavicle_R": [0.9973801970481873, -0.011297416873276234, -0.07128729671239853, -0.004820168949663639], "ring01_R": [0.9976898431777954, 1.9254750441177748e-05, -0.0004508053243625909, -0.06793255358934402], "pinky00_L": [0.9991388320922852, -0.04149463400244713, 7.806554513933861e-09, 7.4570039032551e-09], "spine01": [0.9998942613601685, 0.014541426673531532, -2.733728763359977e-07, 1.7034722986863926e-05], "thumb01_R": [0.9789159893989563, 0.20425820350646973, -0.0013169640442356467, 0.0006426910404115915], "clavicle_L": [0.9898167252540588, -2.528680909108516e-08, 4.516342855254152e-08, 0.14234758913516998], "ring03_R": [0.9999986290931702, -0.0013363257749006152, -0.00014327936514746398, -0.00096872728317976], "upperarm_R": [0.8243807554244995, -0.3060576319694519, -0.21478329598903656, 0.4249628186225891], "thumb01_L": [0.9999939799308777, -0.003156574908643961, 0.00141310750041157, -0.00035020537325181067], "spine03": [0.9967879056930542, -0.08008653670549393, 2.7328974638862746e-08, 8.408917118174486e-09], "pinky03_R": [0.9999973773956299, -0.0021027817856520414, -0.0007262913859449327, -0.0006907182978466153], "pelvis": [0.4192855954170227, 0.027968646958470345, -0.8987357020378113, -0.12526559829711914], "calf_twist_L": [1.0, -4.440892098500626e-16, -9.546058166165494e-09, 3.725290742551124e-09], "root": [1.0, 0.0, -5.684335787443581e-14, -7.1054197343044766e-15], "middle02_R": [0.9952128529548645, -0.09772973507642746, 5.67562528885901e-05, 0.0006990618421696126], "thumb03_L": [0.9996770620346069, 0.023940101265907288, -0.0003611270512919873, 0.00852170865982771], "ring03_L": [0.9328140020370483, -0.36035701632499695, -0.00021185848163440824, 0.0009298914228565991], "middle03_L": [0.9775483012199402, -0.2107064574956894, -0.00010051499702967703, 0.0015005700988695025], "ring01_L": [0.9974855184555054, -0.07087065279483795, 0.0004191090411040932, 4.350619201431982e-05], "middle01_L": [0.997421145439148, -0.07176641374826431, 0.000516950327437371, -0.0006162122008390725], "thigh_twist_R": [0.9999841451644897, -0.00032637795084156096, -0.00037148516275919974, 0.0056102219969034195], "pinky01_L": [0.9970216751098633, -0.07711414247751236, 0.00022886939404997975, 0.0010950657306239009], "index02_R": [0.994768500328064, -0.10215401649475098, -3.662591188913211e-05, 0.0006145569495856762], "foot_R": [0.9713919162750244, -0.23748157918453217, -0.00014875925262458622, 0.0005697601591236889], "index01_L": [0.9999976754188538, -0.0002601965970825404, 0.0002378680947003886, -0.00216503138653934], "upperarm_twist_R": [0.9658516645431519, -0.011511414311826229, 0.2587677240371704, 0.006108085159212351], "ring00_L": [0.9999528527259827, 0.00972098670899868, -1.7754178571749435e-08, 3.5528822383570045e-15], "breast_R": [0.9969373941421509, 0.07814183831214905, 0.002774598076939583, -0.0014204427134245634], "pinky02_R": [0.9999973773956299, 0.0022950712591409683, 4.381086182547733e-05, -0.00019725001766346395], "lowerarm_L": [0.9973960518836975, 0.07098359614610672, 0.0026446159463375807, 0.01247114222496748], "foot_L": [0.9437866806983948, -0.31434085965156555, -0.03227563202381134, 0.09702993929386139], "ring02_R": [0.9960514903068542, -0.08876804262399673, 0.00011194492981303483, 0.001275522168725729], "pinky01_R": [0.9920355081558228, -0.00036200767499394715, -0.0003343006537761539, -0.12595778703689575], "middle02_L": [0.9752275347709656, -0.22120288014411926, 5.352825974114239e-05, -0.0007972849998623133], "index00_R": [1.0, 7.450582373280668e-09, -2.980232594040899e-08, -7.450582373280668e-09], "middle00_L": [0.999987006187439, -0.005100755020976067, 9.779010490262863e-09, 7.450679184728415e-09], "lowerarm_R": [0.8016451597213745, 0.59700608253479, -0.007237047888338566, -0.02994266152381897], "thumb03_R": [0.9996770620346069, 0.023939745500683784, 0.00036152181564830244, -0.008522259071469307], "upperarm_twist_L": [0.9999146461486816, -0.009531702846288681, 0.0009499487350694835, -0.008888130076229572], "lowerarm_twist_L": [0.9999979138374329, 0.0007845479995012283, -2.1222102077445015e-05, 0.0018973974511027336], "hand_R": [0.9738336801528931, -0.20370741188526154, 0.05636969953775406, -0.0835096538066864]}