{"lowerarm_R": [0.8029982447624207, 0.5959813594818115, 5.103148836838045e-08, 3.015496119473937e-08], "clavicle_L": [0.9898167252540588, -2.72862230588089e-08, -4.704519884768388e-09, 0.14234758913516998], "head": [0.9192022681236267, 0.13195249438285828, 0.3619234263896942, -0.08165368437767029], "upperarm_R": [0.8281304240226746, -0.3073185384273529, -0.22544223070144653, 0.4110128879547119], "ring02_R": [0.9960041046142578, -0.0893077626824379, 1.2155765283239361e-08, -7.480470465281996e-09], "hand_R": [0.9732995629310608, -0.2055150717496872, 0.056779585778713226, -0.08501873910427094], "upperarm_twist_R": [0.9656866788864136, 5.940809728599561e-07, 0.2597099244594574, -1.4697645838168683e-06], "toes_L": [0.9607937335968018, 0.2772642970085144, 3.683438976054276e-08, -1.7447872480147453e-08], "thumb02_R": [1.0, 0.0, 0.0, 0.0], "thigh_L": [0.9927660822868347, 0.08549277484416962, -0.08398979157209396, 0.007232802454382181], "pinky00_R": [1.0, 0.0, 0.0, 0.0], "ring01_L": [0.997486412525177, -0.070859394967556, -1.6572636596379198e-08, 7.469358465073128e-09], "clavicle_R": [0.9973803162574768, -0.011297433637082577, -0.07128730416297913, -0.004820158239454031], "toes_R": [0.9823116064071655, -0.18725410103797913, -1.7065671542582095e-08, -1.3273301568972329e-08], "ring00_R": [1.0, 0.0, 0.0, 0.0], "upperarm_L": [0.8045898079872131, 1.9869428768970465e-08, 4.488038385375148e-08, -0.5938311219215393], "middle03_R": [1.0, 0.0, 0.0, 0.0], "foot_R": [0.9714284539222717, -0.23733264207839966, 1.3901360951251718e-08, 1.2827488404809628e-08], "ring01_R": [0.9976909756660461, -5.600868213662125e-09, -5.600868213662125e-09, -0.06791716814041138], "pinky02_R": [1.0, 0.0, 0.0, 0.0], "thigh_twist_R": [1.0, 0.0, 0.0, 0.0], "ring03_L": [0.9332982897758484, -0.35910212993621826, -3.105616741549966e-08, 3.296668893426613e-08], "index01_L": [1.0, 0.0, 0.0, 0.0], "ring02_L": [0.9096126556396484, -0.415457546710968, 1.90756699325334e-09, 1.72710290513578e-08], "pelvis": [1.0, 0.0, 0.0, 0.0], "index03_R": [1.0, 0.0, 0.0, 0.0], "index00_R": [1.0, 0.0, 0.0, 0.0], "spine02": [1.0, 0.0, 0.0, 0.0], "middle01_L": [0.9973930716514587, -0.07216037809848785, 3.875090825999905e-08, 1.8675136104207013e-08], "index02_L": [0.9910908341407776, -0.1331876516342163, 1.1746180916816229e-08, 7.517555467018155e-09], "lowerarm_twist_L": [1.0, 0.0, 0.0, 0.0], "ring03_R": [1.0, 0.0, 0.0, 0.0], "middle02_L": [0.9754011034965515, -0.2204374372959137, 3.306119822354958e-08, 2.7114905876146622e-08], "spine03": [0.9967879056930542, -0.0800865963101387, 1.7765437121397554e-08, 5.377815526230734e-09], "middle01_R": [1.0, 0.0, 0.0, 0.0], "middle00_L": [0.999987006187439, -0.005100741516798735, 0.0, -1.490135659309999e-08], "index03_L": [1.0, 0.0, 0.0, 0.0], "thumb02_L": [1.0, 0.0, 0.0, 0.0], "index02_R": [0.9947879910469055, -0.10196491330862045, -2.3405051230440677e-09, 7.489616926648068e-09], "pinky03_R": [1.0, 0.0, 0.0, 0.0], "pinky00_L": [0.9991388320922852, -0.04149463027715683, 1.2117630454611117e-08, 1.49140078065102e-08], "pinky01_L": [0.9970609545707703, -0.07661274075508118, 5.7559823574138136e-08, -1.319233500218786e-09], "breast_L": [0.9992749094963074, 0.023021968081593513, 0.0006984567153267562, 0.03031684271991253], "hand_L": [0.9969940185546875, 0.07747826725244522, 5.137717806746878e-09, -3.736522202757442e-09], "pinky03_L": [0.9528729915618896, -0.3033698797225952, 9.86855663853703e-09, 2.37910602329805e-09], "index01_R": [0.9951353669166565, -9.358751995591774e-09, 1.8717505323451178e-09, 0.09851691126823425], "thumb01_L": [1.0, 0.0, 0.0, 0.0], "index00_L": [1.0, 0.0, 0.0, 0.0], "calf_R": [1.0, 0.0, 0.0, 0.0], "calf_twist_L": [1.0, 0.0, 0.0, 0.0], "spine01": [1.0, 0.0, 0.0, 0.0], "thumb01_R": [0.9782670736312866, 0.20734930038452148, 7.616101527219143e-09, -1.8088242015323885e-08], "middle00_R": [1.0, 0.0, 0.0, 0.0], "pinky01_R": [0.9921800494194031, 1.5018608578998283e-08, 6.570640920244841e-09, -0.12481489777565002], "lowerarm_L": [0.9983782172203064, 0.05692967027425766, -4.664177044588769e-09, -3.731342346213751e-09], "middle02_R": [0.9952982068061829, -0.09685835242271423, 4.678613052533365e-10, -7.485777331339705e-09], "foot_L": [0.9437766671180725, -0.31418004631996155, -0.032483406364917755, 0.09757766872644424], "middle03_L": [0.9773848056793213, -0.21146869659423828, -6.670105801021009e-09, -3.634918226331531e-15], "calf_twist_R": [1.0, 0.0, 0.0, 0.0], "pinky02_L": [0.9327511787414551, -0.360521137714386, -2.2740302085821895e-08, -1.736290933251894e-08], "neck": [0.9728019833564758, 0.19496603310108185, 0.12507504224777222, -0.0010971629526466131], "lowerarm_twist_R": [1.0, 0.0, 0.0, 0.0], "thumb03_R": [1.0, 0.0, 0.0, 0.0], "thigh_twist_L": [1.0, 0.0, 0.0, 0.0], "calf_L": [1.0, 0.0, 0.0, 0.0], "root": [0.41928598284721375, 0.027887551113963127, 0.13777707517147064, 0.8969055414199829], "thumb03_L": [1.0, 0.0, 0.0, 0.0], "thigh_R": [0.9819481372833252, -0.11931214481592178, 0.14570239186286926, 0.017703745514154434], "ring00_L": [0.9999527931213379, 0.009720967151224613, 3.2830669738359575e-08, -1.2107765456903508e-08], "upperarm_twist_L": [1.0, 0.0, 0.0, 0.0], "breast_R": [0.9976763129234314, 0.06813298910856247, 4.317399771025521e-09, 1.953769057649879e-08]}