{"lowerarm_R": [0.9575859308242798, -0.022587042301893234, 0.2865947484970093, 0.01955335959792137], "clavicle_L": [0.8620244264602661, 3.513146040745596e-08, 2.5010598037056297e-08, 0.5068667531013489], "head": [0.9907078742980957, -0.13600724935531616, -1.6004351177656417e-09, 6.243956818252627e-08], "upperarm_R": [0.7853149175643921, 0.29387539625167847, 0.45274618268013, -0.3032141327857971], "ring02_R": [1.0, 0.0, 0.0, -0.0], "hand_R": [0.9822454452514648, -0.17602671682834625, -0.060436926782131195, 0.0235784649848938], "upperarm_twist_R": [1.0, 0.0, 0.0, 0.0], "toes_L": [1.0, 0.0, 0.0, 0.0], "thumb02_R": [1.0, 0.0, 0.0, -0.0], "thigh_L": [0.9701908826828003, 0.18224681913852692, -0.10860887914896011, -0.11713318526744843], "pinky00_R": [0.9236735701560974, 0.37172791361808777, 0.09179817140102386, 0.01478319987654686], "ring01_L": [0.9908178448677063, 0.11199762672185898, -0.013741615228354931, 0.07448377460241318], "clavicle_R": [0.8620244264602661, 3.513146040745596e-08, -2.5010599813413137e-08, -0.5068667531013489], "toes_R": [1.0, 0.0, 0.0, 0.0], "ring00_R": [0.8916213512420654, 0.4505941569805145, 0.04444802179932594, 0.0007506459951400757], "upperarm_L": [0.7739770412445068, 0.30927225947380066, -0.44990840554237366, 0.3207694888114929], "middle03_R": [1.0, 0.0, 0.0, -0.0], "foot_R": [0.90053790807724, -0.41905733942985535, -0.10575385391712189, -0.04731273651123047], "ring01_R": [0.9908177852630615, 0.11199762672185898, 0.013741615228354931, -0.07448378950357437], "pinky02_R": [1.0, 0.0, 0.0, -0.0], "thigh_twist_R": [1.0, 0.0, 0.0, 0.0], "ring03_L": [1.0, 0.0, 0.0, 0.0], "index01_L": [0.9622892141342163, 0.1781347692012787, 0.06366822868585587, -0.19548431038856506], "ring02_L": [1.0, 0.0, 0.0, 0.0], "pelvis": [-0.23781055212020874, 0.971311628818512, -1.6709500449962889e-10, -1.637105526697269e-07], "index03_R": [1.0, 0.0, 0.0, -0.0], "index00_R": [0.9218533039093018, 0.3822658658027649, -0.06364798545837402, -0.0028610974550247192], "spine02": [0.987082839012146, -0.16021141409873962, -5.684495842789294e-13, 2.3542803262444068e-08], "middle01_L": [0.9878802299499512, 0.13851696252822876, 0.015299206599593163, -0.06835104525089264], "index02_L": [1.0, 0.0, 0.0, 0.0], "lowerarm_twist_L": [1.0, 0.0, 0.0, 0.0], "ring03_R": [1.0, 0.0, 0.0, -0.0], "middle02_L": [1.0, 0.0, 0.0, 0.0], "spine03": [0.9771093130111694, -0.21273823082447052, -7.594577636042821e-13, 4.659137431417548e-08], "middle01_R": [0.9878800511360168, 0.13851696252822876, -0.015299201011657715, 0.06835103780031204], "middle00_L": [0.8940300941467285, 0.44654029607772827, 0.03576509281992912, 0.005762194748967886], "index03_L": [1.0, 0.0, 0.0, 0.0], "thumb02_L": [1.0, 0.0, 0.0, 0.0], "index02_R": [1.0, 0.0, 0.0, -0.0], "pinky03_R": [1.0, 0.0, 0.0, -0.0], "pinky00_L": [0.9236737489700317, 0.37172794342041016, -0.09179817885160446, -0.014783201739192009], "pinky01_L": [0.9716723561286926, 0.1468202769756317, -0.05118311196565628, 0.17798157036304474], "breast_L": [0.963355541229248, 0.26822784543037415, 3.866994280343761e-09, 1.6040100359049347e-09], "hand_L": [0.9822459816932678, -0.1760268211364746, 0.06043696776032448, -0.023578478023409843], "pinky03_L": [1.0, 0.0, 0.0, 0.0], "index01_R": [0.962289035320282, 0.1781347393989563, -0.06366822123527527, 0.19548429548740387], "thumb01_L": [0.978280246257782, 0.19741882383823395, -0.04797886312007904, 0.041130900382995605], "index00_L": [0.9218536019325256, 0.38226601481437683, 0.06364800781011581, 0.0028610993176698685], "calf_R": [0.9983543753623962, 1.8657160261170702e-09, 0.057347800582647324, -1.7724300249710723e-08], "calf_twist_L": [1.0, 0.0, 0.0, 0.0], "spine01": [1.0, 0.0, 0.0, 0.0], "thumb01_R": [0.9782801866531372, 0.19741888344287872, 0.04797886312007904, -0.041130904108285904], "middle00_R": [0.8940299153327942, 0.4465402066707611, -0.03576509281992912, -0.005762193351984024], "pinky01_R": [0.971671998500824, 0.14682024717330933, 0.05118311196565628, -0.17798151075839996], "lowerarm_L": [0.9575860500335693, -0.022587038576602936, -0.2865947484970093, -0.019553357735276222], "middle02_R": [1.0, 0.0, 0.0, -0.0], "foot_L": [0.9005382657051086, -0.4190573990345001, 0.10575388371944427, 0.04731273651123047], "middle03_L": [1.0, 0.0, 0.0, 0.0], "calf_twist_R": [1.0, 0.0, 0.0, 0.0], "pinky02_L": [1.0, 0.0, 0.0, 0.0], "neck": [0.9825275540351868, -0.1861172765493393, -2.6015796183997963e-09, 4.7654424406573526e-08], "lowerarm_twist_R": [1.0, 0.0, 0.0, 0.0], "thumb03_R": [0.9799920916557312, 0.19903643429279327, -1.7106064120753217e-08, -7.60269536215219e-09], "thigh_twist_L": [1.0, 0.0, 0.0, 0.0], "calf_L": [0.9941263198852539, 7.494601383939425e-09, -0.10822618007659912, 2.716793190415956e-08], "root": [1.0, 0.0, 0.0, 0.0], "thumb03_L": [0.9799920916557312, 0.19903643429279327, 1.7106064120753217e-08, 7.60269536215219e-09], "thigh_R": [0.9663695096969604, 0.18061302602291107, 0.12840934097766876, 0.13046103715896606], "ring00_L": [0.8916215896606445, 0.4505941867828369, -0.04444802552461624, -0.0007506487891077995], "upperarm_twist_L": [1.0, 0.0, 0.0, 0.0], "breast_R": [0.9633554816246033, 0.26822784543037415, -3.866994280343761e-09, -1.6040101469272372e-09]}