{"thumb02_R": [0.9998809099197388, -0.013997262343764305, 0.0015676600160077214, 0.006308150012046099], "toes_L": [1.0, 8.2072161603719e-05, -0.00016238736861851066, -0.0001064098032657057], "pinky00_R": [0.9236735701560974, 0.37172800302505493, 0.09179820120334625, 0.014783196151256561], "spine02": [0.987082839012146, -0.16021138429641724, 1.566329357882701e-11, 2.3547221061903656e-08], "index03_R": [0.9999949336051941, 0.0021688647102564573, 5.099777627037838e-05, -0.002361738122999668], "calf_twist_R": [1.0, 0.0, 1.9790606931024968e-09, -9.31322685637781e-10], "index02_L": [0.9999998211860657, -0.0002419535449007526, -2.754844717856031e-05, -0.0005990297649987042], "middle03_R": [0.9999986290931702, 0.000729230756405741, -0.000219970679609105, -0.0015134367858991027], "thigh_L": [0.970493495464325, 0.17770542204380035, -0.10983678698539734, -0.12041192501783371], "middle01_R": [0.9878330826759338, 0.13925601541996002, -0.013002278283238411, 0.06800486892461777], "calf_R": [0.9960078597068787, 0.020390892401337624, 0.07496193796396255, -0.043973226100206375], "thumb02_L": [0.9998809099197388, -0.013997535221278667, -0.0015675676986575127, -0.006307858508080244], "index01_R": [0.9621099233627319, 0.17863968014717102, -0.0614074282348156, 0.19662505388259888], "calf_L": [0.9930900931358337, 0.004148736596107483, -0.11552563309669495, 0.020221035927534103], "index00_L": [0.9218533635139465, 0.3822658956050873, 0.06364797800779343, 0.002861130516976118], "upperarm_L": [0.7764126062393188, 0.2758946120738983, -0.463003009557724, 0.3266405463218689], "ring02_L": [0.9999990463256836, 0.0005693769198842347, -0.00022611439635511488, -0.001247031381353736], "lowerarm_twist_R": [0.9999979138374329, 0.0007843724451959133, 2.143719575542491e-05, -0.0018971837125718594], "thigh_R": [0.9666137099266052, 0.17601123452186584, 0.12968528270721436, 0.13364064693450928], "ring00_R": [0.8916214108467102, 0.4505942165851593, 0.04444802179932594, 0.0007506388355977833], "neck": [0.9739753007888794, -0.22665464878082275, 1.6419059534200642e-07, 1.5193462843399175e-07], "pinky02_L": [0.9999974370002747, 0.0022875892464071512, -4.526916745817289e-05, 0.0002689769316930324], "middle00_R": [0.8940299153327942, 0.44654032588005066, -0.035765085369348526, -0.00576216634362936], "thigh_twist_L": [0.9999841451644897, -0.00032570198527537286, 0.0003716758219525218, -0.005610178224742413], "head": [0.9907078742980957, -0.13600723445415497, -1.5753351956249162e-09, 6.244959394052785e-08], "pinky03_L": [0.9999972581863403, -0.002151786582544446, 0.0007279537967406213, 0.0005230741226114333], "breast_L": [0.9606108069419861, 0.2778798043727875, -0.0024292718153446913, 0.001952264690771699], "toes_R": [1.0, -7.829156675143167e-05, 0.00016134091129060835, -0.00010974222095683217], "index03_L": [0.9999948740005493, 0.0021704426035284996, -5.129171404405497e-05, 0.002361544407904148], "hand_L": [0.9825286865234375, -0.1740579456090927, 0.06100878119468689, -0.024883287027478218], "clavicle_R": [0.8620244264602661, 5.185873064306179e-08, -3.025093420205849e-08, -0.5068667531013489], "ring01_R": [0.9907574653625488, 0.11194741725921631, 0.014584967866539955, -0.07519883662462234], "pinky00_L": [0.9236736297607422, 0.3717278838157654, -0.09179818630218506, -0.014783195219933987], "spine01": [0.9998942613601685, 0.014543331228196621, -2.4982620061564376e-07, 1.7056951037375256e-05], "thumb01_R": [0.9789851307868958, 0.19435541331768036, 0.046509917825460434, -0.04063211753964424], "clavicle_L": [0.8620244264602661, 4.7537199066027824e-08, 3.0250948412913203e-08, 0.5068668127059937], "ring03_R": [0.9999986290931702, -0.0013367068022489548, -0.0001431625132681802, -0.0009686011471785605], "upperarm_R": [0.7870551943778992, 0.2605670392513275, 0.46640029549598694, -0.30841484665870667], "thumb01_L": [0.9789848923683167, 0.19435608386993408, -0.046511970460414886, 0.04063144698739052], "spine03": [0.9771093130111694, -0.21273832023143768, -1.0907830763845841e-13, 4.658850727423669e-08], "pinky03_R": [0.9999973177909851, -0.0021037801634520292, -0.0007266560569405556, -0.0006904813926666975], "pelvis": [0.23781158030033112, -0.9713113307952881, -3.5799689879212337e-09, 1.6717329742732545e-07], "calf_twist_L": [1.0, -3.7252898543727042e-09, -7.639754606714177e-09, -6.984919864727601e-10], "root": [1.0, 0.0, -5.684335787443581e-14, -7.1054197343044766e-15], "middle02_R": [0.999999463558197, -0.0008765695383772254, 0.00012332225742284209, 0.0006893869140185416], "thumb03_L": [0.9749107956886292, 0.2224327176809311, 0.0013391852844506502, 0.008422593586146832], "ring03_L": [0.9999986886978149, -0.0013482440263032913, 0.00014354455925058573, 0.000947250344324857], "middle03_L": [0.9999985694885254, 0.0007796267746016383, 0.0002198637230321765, 0.001487218076363206], "ring01_L": [0.9907615184783936, 0.11191116273403168, -0.014582735486328602, 0.07519908994436264], "middle01_L": [0.9878334403038025, 0.13925328850746155, 0.013001248240470886, -0.06800495088100433], "thigh_twist_R": [0.9999841451644897, -0.00032580294646322727, -0.000371559988707304, 0.005610294174402952], "pinky01_L": [0.9714943170547485, 0.1464991271495819, -0.05058760941028595, 0.1793818473815918], "index02_R": [0.9999998211860657, -0.00019044094369746745, 2.8025388019159436e-05, 0.0006164736114442348], "foot_R": [0.9005019068717957, -0.41913071274757385, -0.1060110479593277, -0.046769242733716965], "index01_L": [0.9621109962463379, 0.17863436043262482, 0.061403848230838776, -0.19662615656852722], "upperarm_twist_R": [0.9999146461486816, -0.009531430900096893, -0.0009507745271548629, 0.008888471871614456], "ring00_L": [0.891621470451355, 0.45059412717819214, -0.04444801062345505, -0.0007506575784645975], "breast_R": [0.9606108665466309, 0.27787959575653076, 0.0024295018520206213, -0.001952006365172565], "pinky02_R": [0.9999974370002747, 0.0022949164267629385, 4.432853529579006e-05, -0.00019698389223776758], "lowerarm_L": [0.9585310220718384, -0.005520178936421871, -0.28470349311828613, -0.011481383815407753], "foot_L": [0.9005019664764404, -0.4191305637359619, 0.1060127392411232, 0.04676872491836548], "ring02_R": [0.9999990463256836, 0.0005407052231021225, 0.0002256195293739438, 0.0012606531381607056], "pinky01_R": [0.9714696407318115, 0.14662492275238037, 0.05060674995183945, -0.1794070601463318], "middle02_L": [0.999999463558197, -0.0007832361152395606, -0.00012418028200045228, -0.0007908284896984696], "index00_R": [0.9218533039093018, 0.38226598501205444, -0.0636480376124382, -0.002861081389710307], "middle00_L": [0.8940298557281494, 0.44654032588005066, 0.03576510027050972, 0.00576217845082283], "lowerarm_R": [0.9585313200950623, -0.005566769279539585, 0.28470557928085327, 0.011382078751921654], "thumb03_R": [0.9749107360839844, 0.22243280708789825, -0.0013398301089182496, -0.008422891609370708], "upperarm_twist_L": [0.9999147057533264, -0.00953144021332264, 0.0009496502461843193, -0.00888817198574543], "lowerarm_twist_L": [0.9999979138374329, 0.0007844243664294481, -2.1381363694672473e-05, 0.0018974592676386237], "hand_R": [0.9825291633605957, -0.17405611276626587, -0.06100792437791824, 0.024883754551410675]}
