{"lowerarm_R": [0.9680010676383972, 5.772654354530005e-09, 0.25094619393348694, 1.5393743169056506e-08], "clavicle_L": [0.9968452453613281, -0.07937029749155045, -1.697443607895366e-08, -7.531501644564287e-09], "head": [0.974213719367981, 0.007640073541551828, -0.22359895706176758, -0.029208112508058548], "upperarm_R": [0.9644983410835266, -0.03168530762195587, 0.1365390568971634, 0.22382190823554993], "ring02_R": [1.0, 0.0, 0.0, 0.0], "hand_R": [1.0, 0.0, 0.0, 0.0], "upperarm_twist_R": [1.0, 0.0, 0.0, 0.0], "toes_L": [1.0, 0.0, 0.0, 0.0], "thumb02_R": [0.9744060039520264, -0.22479531168937683, -1.7204129676429147e-08, -1.8159914461080007e-08], "thigh_L": [0.9567660689353943, 0.21290911734104156, 0.15310217440128326, -0.12581220269203186], "pinky00_R": [1.0, 0.0, 0.0, 0.0], "ring01_L": [0.9598143696784973, -0.2806355655193329, -5.82189407793976e-09, 2.328757098268852e-08], "clavicle_R": [0.998898983001709, -0.046913690865039825, -1.732129639719915e-08, 7.458791806413956e-09], "toes_R": [1.0, 0.0, 0.0, 0.0], "ring00_R": [1.0, 0.0, 0.0, 0.0], "upperarm_L": [0.9069277048110962, -0.17942218482494354, 0.07397491484880447, -0.3739220201969147], "middle03_R": [0.9993648529052734, 0.03563709929585457, 1.3978717072760105e-09, 0.0], "foot_R": [0.929309070110321, -0.36930301785469055, -8.41819982611014e-08, -2.9864565931347897e-07], "ring01_R": [0.9902136921882629, -0.13955965638160706, 1.5048428281261295e-08, 1.79391265602328e-15], "pinky02_R": [1.0, 0.0, 0.0, 0.0], "thigh_twist_R": [1.0, 0.0, 0.0, 0.0], "ring03_L": [0.938481867313385, -0.34532853960990906, 2.3530084547473962e-08, -1.056263165821747e-08], "index01_L": [1.0, 0.0, 0.0, -0.0], "ring02_L": [0.49124178290367126, -0.8710232377052307, -1.0790203219812611e-07, 3.755112487624501e-08], "pelvis": [1.0, 0.0, 0.0, 0.0], "index03_R": [0.988421618938446, 0.15173237025737762, -2.6382496187693505e-08, -1.5075713122314482e-08], "index00_R": [1.0, 0.0, 0.0, 0.0], "spine02": [0.9966517686843872, -0.0031107778195291758, 0.0676364004611969, 0.04583827406167984], "middle01_L": [0.9868190884590149, -0.16182732582092285, 6.60633547866496e-09, 1.5100191319561418e-08], "index02_L": [0.7125037908554077, -0.7016683220863342, -5.176726958211475e-08, 6.1481735258439585e-09], "lowerarm_twist_L": [1.0, 0.0, 0.0, 0.0], "ring03_R": [0.9978530406951904, 0.06549450010061264, 1.8666534984390637e-09, -1.493322976386935e-08], "middle02_L": [0.6522258520126343, -0.7580246925354004, -8.451668520592648e-08, 5.665867419679671e-08], "spine03": [0.9808329939842224, -0.03578640893101692, 0.1891292780637741, 0.030271945521235466], "middle01_R": [1.0, 0.0, 0.0, 0.0], "middle00_L": [1.0, 0.0, 0.0, -0.0], "index03_L": [0.6528583765029907, -0.7574800252914429, 2.282449429458211e-08, -8.844493493143091e-08], "thumb02_L": [0.9796265959739685, -0.12693628668785095, 0.09133820235729218, 0.12600089609622955], "index02_R": [0.9983291029930115, 0.05778509005904198, -1.4926103020229675e-08, -2.2389151865809254e-08], "pinky03_R": [0.9967095255851746, 0.08105727285146713, 1.4950362725585364e-08, 0.0], "pinky00_L": [0.9976679682731628, -0.06825408339500427, 7.467995111198888e-09, -5.551115123125783e-17], "pinky01_L": [0.9232001304626465, -0.3843195140361786, -2.1184753506986453e-08, 1.614076872158421e-08], "breast_L": [0.9989128708839417, 0.044300321489572525, 0.007787715177983046, 0.012239107862114906], "hand_L": [0.8613603711128235, -0.444385826587677, 0.1856343150138855, 0.161614790558815], "pinky03_L": [0.9607376456260681, -0.27745839953422546, 2.374988383735399e-08, -7.755062370051746e-09], "index01_R": [0.9933120608329773, 0.11546077579259872, -1.312630448779828e-08, -2.2502236518562313e-08], "thumb01_L": [0.9832490086555481, -0.182267427444458, -3.788753755173957e-09, 8.881784197001252e-16], "index00_L": [0.9999374747276306, 0.009750166907906532, 0.0022311187349259853, -0.004995028488337994], "calf_R": [0.9992623925209045, -0.038401342928409576, 8.752156333002858e-09, -3.0756325486436253e-08], "calf_twist_L": [1.0, 0.0, 0.0, 0.0], "spine01": [0.9999151825904846, 0.0, 0.0, 0.01302439346909523], "thumb01_R": [0.9577330350875854, -0.14858347177505493, -0.03776159882545471, 0.24340200424194336], "middle00_R": [1.0, 0.0, 0.0, 0.0], "pinky01_R": [0.9509177207946777, -0.3094438314437866, -1.5670293507241695e-08, 3.134058701448339e-08], "lowerarm_L": [1.0, 0.0, 0.0, 0.0], "middle02_R": [1.0, 0.0, 0.0, 0.0], "foot_L": [0.9501826763153076, -0.31038394570350647, 0.0019860262982547283, 0.028478633612394333], "middle03_L": [0.723666787147522, -0.6901495456695557, -5.1867658612536616e-08, -1.2050406894559273e-07], "calf_twist_R": [1.0, 0.0, 0.0, 0.0], "pinky02_L": [0.5302379727363586, -0.8478488326072693, -7.025695225593154e-08, -1.6861663709732966e-07], "neck": [0.9995391368865967, 1.1181024994755262e-08, -0.030356431379914284, 3.727008479614824e-09], "lowerarm_twist_R": [1.0, 0.0, 0.0, 0.0], "thumb03_R": [0.9954642057418823, -0.09513676911592484, -1.403349547679511e-09, -3.742264276240803e-09], "thigh_twist_L": [1.0, 0.0, 0.0, 0.0], "calf_L": [0.8357288241386414, -0.5491424202919006, -7.441590810230991e-08, 3.6757987231794687e-07], "root": [0.9990277886390686, 1.1177779590809678e-08, -0.0440860278904438, -1.9641788640001323e-08], "thumb03_L": [0.9832852482795715, 0.182071715593338, 1.8943080437594517e-09, 7.577231286859387e-09], "thigh_R": [0.990994930267334, -0.05642041191458702, -0.006131586618721485, 0.12127913534641266], "ring00_L": [0.9975414276123047, -0.07007964700460434, -1.867236365526992e-09, 7.468946350286387e-09], "upperarm_twist_L": [1.0, 0.0, 0.0, 0.0], "breast_R": [0.9998834729194641, 0.015266679227352142, -9.314310434049844e-10, -9.547169277368539e-09]}