{"thumb02_R": [0.9711428880691528, -0.23841030895709991, 0.00011437023931648582, 0.006497411988675594], "toes_L": [1.0, 8.19651540950872e-05, -0.0001615655201021582, -0.00010635145736159757], "pinky00_R": [1.0, -7.4505797087454084e-09, -1.1175870895385742e-08, 0.0], "spine02": [0.9966517686843872, -0.0031107754912227392, 0.0676364079117775, 0.045838285237550735], "index03_R": [0.9880874752998352, 0.15387514233589172, -0.0003032786480616778, -0.002360861049965024], "calf_twist_R": [1.0, -1.3322676295501878e-15, 1.0768420599660544e-09, 1.1641533570472262e-10], "index02_L": [0.7123342156410217, -0.7018402218818665, 0.00040970693225972354, -0.0004096237535122782], "middle03_R": [0.9993374347686768, 0.03636486083269119, -0.0002772703010123223, -0.0014974951045587659], "thigh_L": [0.956808865070343, 0.21379727125167847, 0.17630308866500854, -0.08789180219173431], "middle01_R": [0.9999997019767761, 0.0003957136068493128, -0.0004383617779240012, 0.0006589723052456975], "calf_R": [0.9992416501045227, -0.03874240070581436, 0.0006409476627595723, -0.0038548563607037067], "thumb02_L": [0.9786731004714966, -0.14024652540683746, 0.09234807640314102, 0.11832868307828903], "index01_R": [0.9933391809463501, 0.11520650237798691, 1.6234538634307683e-05, 0.0021776810754090548], "calf_L": [0.8355359435081482, -0.5494219660758972, -0.0025417362339794636, 0.002970142522826791], "index00_L": [0.9999374747276306, 0.009750176221132278, 0.002231108257547021, -0.004995043855160475], "upperarm_L": [0.8981708884239197, -0.18468576669692993, 0.06555499136447906, -0.39355161786079407], "ring02_L": [0.49174031615257263, -0.870741069316864, 0.001005660742521286, -0.000825121533125639], "lowerarm_twist_R": [0.9999979138374329, 0.0007846079533919692, 2.1547146388911642e-05, -0.001897232374176383], "thigh_R": [0.9902700781822205, -0.06060641258955002, -0.005818076431751251, 0.12513306736946106], "ring00_R": [1.0, 1.4901164746561335e-08, 4.842878098543224e-08, -2.2351736461700966e-08], "neck": [0.9986875653266907, -0.03993379697203636, -0.03167060762643814, -0.005049460101872683], "pinky02_L": [0.5321776866912842, -0.846632719039917, -0.0002893341879826039, 3.961117545259185e-05], "middle00_R": [1.0, 0.0, 1.4901161193847656e-08, 2.2351743567128324e-08], "thigh_twist_L": [0.9999841451644897, -0.0003249630972277373, 0.30000001192092896, 0.10000000149011612], "head": [0.9742135405540466, 0.007640064228326082, -0.22359895706176758, -0.029208114370703697], "pinky03_L": [0.9601373672485352, -0.2795276343822479, 0.0005559594137594104, 0.0006930059171281755], "breast_L": [0.998587429523468, 0.05130060017108917, -0.0010446604574099183, 0.013803400099277496], "toes_R": [1.0, -8.421052916673943e-05, 0.0001602937263669446, -0.00011000021186191589], "index03_L": [0.6544957160949707, -0.7560620903968811, -0.0017921054968610406, 0.0015194581355899572], "hand_L": [0.8624060153961182, -0.44241252541542053, 0.18618732690811157, 0.16081470251083374], "clavicle_R": [0.998898983001709, -0.046913713216781616, -1.8647000388227752e-08, -3.729400344099076e-09], "ring01_R": [0.9902123212814331, -0.13956892490386963, -0.0004499499045778066, -7.798744627507403e-05], "pinky00_L": [0.9976679682731628, -0.06825406849384308, -1.120200110449332e-08, 1.8670009982457714e-09], "spine01": [0.9998092651367188, 0.014540188014507294, -0.00018968690710607916, 0.013039834797382355], "thumb01_R": [0.9571309089660645, -0.15191295742988586, -0.03835438936948776, 0.2436225861310959], "clavicle_L": [0.9968452453613281, -0.07937031984329224, -1.1211252370912916e-08, -1.1211248818199238e-08], "ring03_R": [0.9979392290115356, 0.06416037678718567, -0.00021074955293443054, -0.0009581865160726011], "upperarm_R": [0.961269736289978, -0.037879589945077896, 0.1484788954257965, 0.22908467054367065], "thumb01_L": [0.9826668500900269, -0.1853751540184021, 0.0014041784452274442, -7.101785740815103e-05], "spine03": [0.9808329343795776, -0.03578641638159752, 0.1891293078660965, 0.030271947383880615], "pinky03_R": [0.9968773126602173, 0.07895976305007935, -0.0007774700061418116, -0.0006394340889528394], "pelvis": [0.9990277886390686, 3.0355440685525537e-05, 0.012645513750612736, -0.04223277419805527], "calf_twist_L": [1.0, 7.450581485102248e-09, 1.1175870895385742e-08, -1.862645371275562e-09], "root": [1.0, 0.0, -5.684335787443581e-14, -7.1054197343044766e-15], "middle02_R": [0.999999463558197, -0.0008764772210270166, 0.0001240307610714808, 0.0006893667159602046], "thumb03_L": [0.978609025478363, 0.2055521458387375, 0.0011944432044401765, 0.00844532623887062], "ring03_L": [0.9380145072937012, -0.3465949296951294, -0.00021551540703512728, 0.000916372227948159], "middle03_L": [0.7242026925086975, -0.6895855665206909, -0.0008788881241343915, 0.001220131409354508], "ring01_L": [0.959806501865387, -0.280661940574646, 0.0006526496144942939, 0.00023709845845587552], "middle01_L": [0.9868817329406738, -0.1614433377981186, 0.0005436369101516902, -0.0005797505145892501], "thigh_twist_R": [0.9999841451644897, -0.00032663106685504317, -0.0003715499769896269, 0.005610262043774128], "pinky01_L": [0.9230049252510071, -0.38478684425354004, -9.644976671552286e-05, 0.0011001087259501219], "index02_R": [0.9983398914337158, 0.057595595717430115, 6.538735033245757e-05, 0.0006183814257383347], "foot_R": [0.9292517900466919, -0.36944660544395447, -0.00023057089128997177, 0.000547977106180042], "index01_L": [0.9999976754188538, -0.0002504890435375273, 0.0001806519430829212, -0.002172178588807583], "upperarm_twist_R": [0.9999147057533264, -0.009531657211482525, -0.0009513617260381579, 0.008888520300388336], "ring00_L": [0.9975414872169495, -0.07007967680692673, -1.4937892700572775e-08, 2.6141309561467097e-08], "breast_R": [0.9996803998947144, 0.02495657280087471, -0.0037552437279373407, -0.0014945759903639555], "pinky02_R": [0.9999974370002747, 0.002295186510309577, 4.406835796544328e-05, -0.00019708339823409915], "lowerarm_L": [0.9998195171356201, 0.014086265116930008, 0.001931262668222189, 0.012601395137608051], "foot_L": [0.9501522779464722, -0.3105257451534271, 0.002180136041715741, 0.02792203240096569], "ring02_R": [0.9999990463256836, 0.0005410996964201331, 0.00022558376076631248, 0.0012606028467416763], "pinky01_R": [0.9507935643196106, -0.30982306599617004, 7.347836071858183e-05, -0.0011821010848507285], "middle02_L": [0.6516317129135132, -0.7585350871086121, 0.0004858827160205692, -0.0005756301106885076], "index00_R": [1.0, 4.4703490686970326e-08, 0.0, 7.450582373280668e-09], "middle00_L": [1.0, -7.450590366886445e-09, -1.490118073377289e-08, 9.313229298868464e-09], "lowerarm_R": [0.9683114290237427, 0.016752079129219055, 0.2490297555923462, -0.00875385943800211], "thumb03_R": [0.9974201321601868, -0.07127691060304642, 0.001169454539194703, -0.008449305780231953], "upperarm_twist_L": [0.9999146461486816, -0.009531447663903236, 0.0009495214326307178, -0.00888818223029375], "lowerarm_twist_L": [0.9999979138374329, 0.0007843936909921467, -2.123514423146844e-05, 0.001897407346405089], "hand_R": [0.9999970197677612, 0.0019184674602001905, -0.0002751614083535969, 0.0014960458502173424]}