{
  "index03_R": [
    0.9999663829803467,
    0.0037190113216638565,
    0.0006442774902097881,
    -0.007281390018761158
  ],
  "ring03_L": [
    0.9986799955368042,
    -0.05131674185395241,
    -0.0005412758328020573,
    0.002141269389539957
  ],
  "pinky03_R": [
    0.9998455047607422,
    -0.017386574298143387,
    -0.0012896371772512794,
    -0.002246179850772023
  ],
  "lowerarm_R": [
    0.9747586846351624,
    0.07139964401721954,
    -0.0013865504879504442,
    -0.21153268218040466
  ],
  "index00_L": [1.0, -3.725293851175593e-9, -1.2107203239963837e-8, 0.0],
  "spine03": [
    0.986245334148407,
    -0.10610740631818771,
    -0.06729057431221008,
    -0.10739316046237946
  ],
  "thumb01_L": [
    0.9999459981918335,
    -0.009464102797210217,
    0.004178626928478479,
    -0.001001013326458633
  ],
  "foot_R": [
    0.9604719281196594,
    -0.2610341012477875,
    -0.07005215436220169,
    -0.06668999791145325
  ],
  "index00_R": [1.0, -1.024455720255446e-8, -1.0244550985305523e-8, 0.0],
  "lowerarm_twist_R": [
    0.9999811053276062,
    0.002353483811020851,
    6.419110286515206e-5,
    -0.005691686179488897
  ],
  "index01_L": [
    0.9999784231185913,
    -0.000790660094935447,
    0.0007214568322524428,
    -0.006493015214800835
  ],
  "index02_R": [
    0.9746674299240112,
    -0.22365444898605347,
    -0.00066218530992046,
    0.0013432748382911086
  ],
  "thigh_L": [
    0.994105339050293,
    -0.01607239805161953,
    0.10166136175394058,
    0.03407766669988632
  ],
  "upperarm_R": [
    0.8025858402252197,
    -0.1396367996931076,
    -0.08539281785488129,
    0.573642373085022
  ],
  "pinky03_L": [
    0.999744176864624,
    -0.02251068502664566,
    0.0016907384851947427,
    0.0014176726108416915
  ],
  "index02_L": [
    0.9746204018592834,
    -0.22385764122009277,
    0.0007102546514943242,
    -0.00156319176312536
  ],
  "middle02_R": [
    0.9525277614593506,
    -0.30444177985191345,
    -0.0003199636994395405,
    0.002482040086761117
  ],
  "spine01": [
    0.9982048273086548,
    0.043573860079050064,
    0.016656743362545967,
    0.03756267949938774
  ],
  "ring00_R": [
    1.0,
    -1.1175870007207322e-8,
    3.445892815534535e-8,
    1.2107189917287542e-8
  ],
  "head": [
    0.9772445559501648,
    0.06215754896402359,
    0.1519298255443573,
    0.1343388557434082
  ],
  "hand_L": [
    0.9743255376815796,
    -0.09125274419784546,
    -0.20338758826255798,
    0.03156217187643051
  ],
  "ring00_L": [
    1.0,
    1.862645326866641e-8,
    1.3038517820973539e-8,
    5.2154071283894154e-8
  ],
  "breast_R": [
    0.9991587996482849,
    0.03980262577533722,
    -0.009143263101577759,
    -0.0037232558242976665
  ],
  "hand_R": [
    0.992090106010437,
    0.12544485926628113,
    -0.0003475132107269019,
    0.004568766802549362
  ],
  "pinky00_L": [
    1.0,
    -1.1175871783564162e-8,
    -7.450587702351186e-9,
    7.450587702351186e-9
  ],
  "ring02_R": [
    0.9361557364463806,
    -0.3515646755695343,
    -0.0007174848578870296,
    0.0037508048117160797
  ],
  "clavicle_R": [
    0.9636136293411255,
    -0.26729923486709595,
    7.73191999314804e-9,
    1.8423721215299338e-8
  ],
  "calf_R": [
    0.999930739402771,
    -0.0010260717244818807,
    0.001476373872719705,
    -0.011629710905253887
  ],
  "thumb01_R": [
    0.999946117401123,
    -0.009455343708395958,
    -0.004180616233497858,
    0.0009912480600178242
  ],
  "pinky01_L": [
    0.9999929070472717,
    -0.0015148452948778868,
    0.0008674418204464018,
    0.003341613570228219
  ],
  "upperarm_twist_R": [
    0.9992316365242004,
    -0.028588533401489258,
    -0.002848387463018298,
    0.02665901556611061
  ],
  "middle03_L": [
    0.9980769157409668,
    -0.061824966222047806,
    7.625747821293771e-5,
    0.004481975920498371
  ],
  "root": [1.0, 0.0, -5.684335787443581e-14, -7.1054197343044766e-15],
  "ring03_R": [
    0.9989879727363586,
    -0.044901344925165176,
    8.022221300052479e-5,
    -0.002622294472530484
  ],
  "thumb02_R": [
    0.9761516451835632,
    -0.16649408638477325,
    -0.09381705522537231,
    -0.10298612713813782
  ],
  "calf_L": [
    0.9999307990074158,
    -0.0010234531946480274,
    -0.0014759936602786183,
    0.011632559821009636
  ],
  "middle02_L": [
    0.9525741338729858,
    -0.30430060625076294,
    0.00029564675060100853,
    -0.001925020944327116
  ],
  "index01_R": [
    0.9999784231185913,
    -0.000777203356847167,
    -0.0007226921734400094,
    0.0064924657344818115
  ],
  "calf_twist_R": [
    1.0,
    8.881784197001252e-16,
    1.4551915228366852e-10,
    1.164152940713592e-10
  ],
  "ring01_R": [
    0.9999991059303284,
    -5.5554926802869886e-5,
    -0.0013602263061329722,
    -5.1037586672464386e-5
  ],
  "breast_L": [
    0.9982541799545288,
    0.0346984900534153,
    0.02752108685672283,
    -0.039079178124666214
  ],
  "lowerarm_twist_L": [
    0.9999810457229614,
    0.002353268675506115,
    -6.32902083452791e-5,
    0.005692153237760067
  ],
  "spine02": [
    0.9966086149215698,
    -0.002704781712964177,
    -0.06790516525506973,
    -0.046399686485528946
  ],
  "thumb03_R": [
    0.9970963001251221,
    0.07174327969551086,
    0.0011176182888448238,
    -0.0255091842263937
  ],
  "middle00_R": [
    1.0,
    -2.6077035641947077e-8,
    8.149090291453831e-10,
    2.7939657254449912e-9
  ],
  "neck": [
    0.9996953010559082,
    -0.017168724909424782,
    0.009870157577097416,
    0.014736531302332878
  ],
  "pinky01_R": [
    0.9999929666519165,
    -0.0012163352221250534,
    -0.000863920315168798,
    -0.0034629851579666138
  ],
  "middle03_R": [
    0.9983381032943726,
    -0.05740887671709061,
    -0.0002847899158950895,
    -0.0050163548439741135
  ],
  "toes_R": [
    0.9826892018318176,
    -0.1852605640888214,
    0.0006267960998229682,
    -0.0002539224224165082
  ],
  "thumb03_L": [
    0.9970954656600952,
    0.07174953818321228,
    -0.0011095843510702252,
    0.02552209608256817
  ],
  "middle01_L": [
    0.999996542930603,
    0.001161671243607998,
    0.0013199890963733196,
    -0.001975066727027297
  ],
  "middle00_L": [
    1.0,
    2.2351770212480915e-8,
    -9.313217974593613e-10,
    -1.4901170075631853e-8
  ],
  "pinky00_R": [
    1.0,
    5.587932339068402e-9,
    -7.450577044210149e-9,
    -9.313216864370588e-10
  ],
  "clavicle_L": [
    0.9636135697364807,
    -0.26729923486709595,
    1.5463852420793955e-8,
    -1.1597882831893003e-7
  ],
  "thigh_R": [
    0.9969003200531006,
    -0.012919018045067787,
    0.0028882152400910854,
    0.07755357772111893
  ],
  "index03_L": [
    0.9999726414680481,
    0.0012213473673909903,
    -0.0005141239962540567,
    0.007272444199770689
  ],
  "upperarm_twist_L": [
    0.9992316365242004,
    -0.028588522225618362,
    0.0028439920861274004,
    -0.026658911257982254
  ],
  "ring01_L": [
    0.9999991059303284,
    -5.639267328660935e-5,
    0.0013610752066597342,
    4.50074985565152e-5
  ],
  "ring02_L": [
    0.9361631870269775,
    -0.35154008865356445,
    0.0008687567315064371,
    -0.004147857893258333
  ],
  "upperarm_L": [
    0.8402721285820007,
    -0.12983709573745728,
    0.10286274552345276,
    -0.516240656375885
  ],
  "middle01_R": [
    0.999996542930603,
    0.0011646919883787632,
    -0.0013203707057982683,
    0.001972632249817252
  ],
  "thigh_twist_R": [
    0.9998573660850525,
    -0.000979543081484735,
    -0.001115146093070507,
    0.016829712316393852
  ],
  "pelvis": [
    0.9999712109565735,
    1.2413290278345812e-5,
    -0.0037382720038294792,
    0.006603596732020378
  ],
  "pinky02_R": [
    0.9999756813049316,
    0.006971791386604309,
    8.266689837910235e-5,
    -0.0005151293007656932
  ],
  "toes_L": [
    0.9549071788787842,
    0.29558783769607544,
    0.010483404621481895,
    0.025887029245495796
  ],
  "foot_L": [
    0.9171343445777893,
    -0.3979511857032776,
    -0.007766880095005035,
    -0.020959675312042236
  ],