{
  "thumb02_R": [
    0.9971805214881897,
    -0.07475963979959488,
    0.0011722804047167301,
    0.00639026565477252
  ],
  "toes_L": [
    0.9126769304275513,
    -0.40868180990219116,
    -8.584506576880813e-5,
    -0.0001396776206092909
  ],
  "pinky00_R": [
    1.0,
    -5.401668801141568e-8,
    5.587935891782081e-9,
    -1.4901157641133977e-8
  ],
  "spine02": [
    0.9985779523849487,
    2.834378065585952e-9,
    0.053250689059495926,
    0.0025400836020708084
  ],
  "index03_R": [
    0.9968461990356445,
    0.07932230830192566,
    -0.00011905012797797099,
    -0.002382904291152954
  ],
  "calf_twist_R": [1.0, -1.1102230246251565e-15, -3.422611172254619e-8, 0.0],
  "index02_L": [
    0.793320894241333,
    -0.6088034510612488,
    0.00036952918162569404,
    -0.0004388299712445587
  ],
  "middle03_R": [
    0.9983146786689758,
    0.058013685047626495,
    -0.00031959472107701004,
    -0.0014603764284402132
  ],
  "thigh_L": [
    0.9748103022575378,
    0.16486811637878418,
    0.09198261052370071,
    -0.11875494569540024
  ],
  "middle01_R": [
    0.9987602233886719,
    -0.049774959683418274,
    -0.00047514730249531567,
    0.0006359100225381553
  ],
  "calf_R": [
    0.999992311000824,
    -0.00034202809911221266,
    0.0004920397186651826,
    -0.003876608796417713
  ],
  "thumb02_L": [
    0.9432543516159058,
    -0.3320077359676361,
    0.0004920462961308658,
    -0.006478057708591223
  ],
  "index01_R": [
    0.9984747171401978,
    -0.00026730619720183313,
    -0.0002312526776222512,
    0.05521083250641823
  ],
  "calf_L": [
    0.21730856597423553,
    -0.9760685563087463,
    -0.000411438086302951,
    -0.008185036480426788
  ],
  "index00_L": [
    0.9993768930435181,
    -0.03472956642508507,
    -0.00021898325940128416,
    -0.0063022407703101635
  ],
  "upperarm_L": [
    0.7733097672462463,
    -0.1316593438386917,
    0.11001712828874588,
    -0.6103721857070923
  ],
  "ring02_L": [
    0.5848990082740784,
    -0.8111051321029663,
    0.0009329780004918575,
    -0.0009482514578849077
  ],
  "lowerarm_twist_R": [
    0.9999979138374329,
    0.0007843361236155033,
    2.150151522073429e-5,
    -0.0018972493708133698
  ],
  "thigh_R": [
    0.9954711198806763,
    -0.004230508580803871,
    0.0004035781021229923,
    0.09496954828500748
  ],
  "ring00_R": [1.0, -1.3969842171945857e-8, 9.313227966600834e-10, 0.0],
  "neck": [
    0.9895200729370117,
    0.14435897767543793,
    -0.0031633679755032063,
    -0.0007296020048670471
  ],
  "pinky02_L": [
    0.6616629362106323,
    -0.7498013973236084,
    -0.0003210930444765836,
    3.554517388693057e-5
  ],
  "middle00_R": [
    1.0,
    1.4551915228366852e-9,
    7.334164386918474e-9,
    7.450578820566989e-9
  ],
  "thigh_twist_L": [
    0.9999841451644897,
    -0.0003254548937547952,
    0.00037160428473725915,
    -0.00561025133356452
  ],
  "head": [
    0.9814042448997498,
    0.04898018017411232,
    0.17631323635578156,
    0.05796874687075615
  ],
  "pinky03_L": [
    0.6881193518638611,
    -0.7255971431732178,
    0.0002394728799117729,
    0.00076810218160972
  ],
  "breast_L": [
    0.9904792308807373,
    0.13758066296577454,
    -0.004664410371333361,
    -0.000843046058434993
  ],
  "toes_R": [
    1.0,
    -8.436411008005962e-5,
    0.00016023109492380172,
    -0.00011005388660123572
  ],
  "index03_L": [
    0.9429572820663452,
    -0.33290529251098633,
    -0.0008048955933190882,
    0.002222742885351181
  ],
  "hand_L": [
    0.908695638179779,
    -0.29635730385780334,
    -0.19918441772460938,
    -0.2162638008594513
  ],
  "clavicle_R": [
    0.9077188968658447,
    0.06313226372003555,
    0.10089182108640671,
    -0.4023451805114746
  ],
  "ring01_R": [
    0.9948846101760864,
    -0.1010175347328186,
    -0.00045755875180475414,
    -6.133892020443454e-5
  ],
  "pinky00_L": [
    0.9975485801696777,
    -0.06303006410598755,
    -0.006514357402920723,
    -0.029692448675632477
  ],
  "spine01": [
    0.9998942613601685,
    0.014541509561240673,
    -2.3774671831233718e-7,
    1.7023483451339416e-5
  ],
  "thumb01_R": [
    0.9986364841461182,
    0.05218225717544556,
    -0.0014169078785926104,
    0.00045183926704339683
  ],
  "clavicle_L": [
    0.9299242496490479,
    8.012040808580423e-9,
    -6.409631225778867e-8,
    0.36775121092796326
  ],
  "ring03_R": [
    0.9849252104759216,
    -0.17297832667827606,
    8.974700176622719e-5,
    -0.0009504563640803099
  ],
  "upperarm_R": [
    0.8684324026107788,
    0.4098796844482422,
    0.2737388610839844,
    -0.053767818957567215
  ],
  "thumb01_L": [
    0.9875407218933105,
    -0.06226837635040283,
    0.050834186375141144,
    0.1352842152118683
  ],
  "spine03": [
    0.9686356782913208,
    -0.2209356129169464,
    0.04251451417803764,
    -0.10547494888305664
  ],
  "pinky03_R": [
    0.9506497979164124,
    -0.310264527797699,
    -0.0005843285471200943,
    -0.0007289652712643147
  ],
  "pelvis": [
    0.9180222749710083,
    0.020371049642562866,
    -0.3958768844604492,
    -0.010082628577947617
  ],
  "calf_twist_L": [
    1.0,
    -7.450582373280668e-9,
    -9.546061718879173e-9,
    -8.847566235203885e-9
  ],
  "root": [1.0, 0.0, -5.684335787443581e-14, -7.1054197343044766e-15],
  "middle02_R": [
    0.9962643980979919,
    0.08635330200195312,
    0.0001825144572649151,
    0.000668712193146348
  ],
  "thumb03_L": [
    0.9575918316841125,
    0.2880024015903473,
    0.001893416279926896,
    0.00831056572496891
  ],
  "ring03_L": [
    0.61972975730896,
    -0.7826087474822998,
    0.035116296261548996,
    -0.04717316851019859
  ],
  "middle03_L": [
    0.9509456753730774,
    -0.30935442447662354,
    -0.00028272607596591115,
    0.0014851103769615293
  ],
  "ring01_L": [
    0.9486064910888672,
    -0.3164578378200531,
    0.0005665163625963032,
    0.00022099152556620538
  ],
  "middle01_L": [
    0.9822198152542114,
    -0.187732994556427,
    0.0005684277275577188,
    -0.0005671370890922844
  ],
  "thigh_twist_R": [
    0.9999841451644897,
    -0.00032653938978910446,
    -0.0003715103957802057,
    0.0056102764792740345
  ],
  "pinky01_L": [
    0.9357463717460632,
    -0.35267195105552673,
    -4.613940473063849e-5,
    0.0011141900904476643
  ],
  "index02_R": [
    0.9999998807907104,
    -0.00019362276361789554,
    2.6335639631724916e-5,
    0.000616101489868015
  ],
  "foot_R": [
    0.9608026146888733,
    -0.2772331237792969,
    -0.00017624326574150473,
    0.0005669843521900475
  ],
  "index01_L": [
    0.9845388531684875,
    -0.17103636264801025,
    0.007583459373563528,
    0.03704436123371124
  ],
  "upperarm_twist_R": [
    0.9999146461486816,
    -0.0095315370708704,
    -0.0009507709182798862,
    0.008888513781130314
  ],
  "ring00_L": [
    0.9991176724433899,
    -0.03877490013837814,
    -0.005928384140133858,
    -0.015014474280178547
  ],
  "breast_R": [
    0.9903358221054077,
    0.13863025605678558,
    0.0005324038211256266,
    -0.004048305097967386
  ],
  "pinky02_R": [
    0.9871373176574707,
    -0.1598748415708542,
    0.00010493662557564676,
    -0.00020666306954808533
  ],
  "lowerarm_L": [
    0.9887242913246155,
    -0.027667080983519554,
    0.03627059981226921,
    0.1426307111978531
  ],
  "foot_L": [
    0.9195766448974609,
    -0.39291033148765564,
    0.00024608170497231185,
    -0.0005401886301115155
  ],
  "ring02_R": [
    0.9923571348190308,
    -0.12339241057634354,
    6.624845264013857e-5,
    0.0012761965626850724
  ],
  "pinky01_R": [
    0.9902068376541138,
    -0.1396036297082901,
    -0.00013567415589932352,
    -0.001177666592411697
  ],
  "middle02_L": [
    0.7092570662498474,
    -0.7049494981765747,
    0.0004183757700957358,
    -0.0005868427688255906
  ],
  "index00_R": [
    1.0,
    1.8626495901230555e-9,
    1.1102230246251565e-16,
    -9.313227522511625e-9
  ],
  "middle00_L": [1.0, 7.450589478708025e-9, 0.0, 7.450589478708025e-9],