{"lowerarm_R": [0.5712463855743408, 0.8066786527633667, 0.12362545728683472, -0.08754484355449677], "clavicle_L": [0.9859471917152405, -0.16705787181854248, -8.832163445049446e-09, 4.762788385903605e-09], "head": [0.998516857624054, 0.054443880915641785, 8.404827944730187e-10, -1.4573529882877523e-11], "upperarm_R": [0.908310055732727, -0.05724728852510452, 0.10209321975708008, 0.4015877842903137], "ring02_R": [0.49124184250831604, -0.8710232377052307, 1.0790203219812611e-07, -3.755112842895869e-08], "hand_R": [0.8613605499267578, -0.4443858861923218, -0.18563434481620789, -0.1616148054599762], "upperarm_twist_R": [0.9894653558731079, -3.5296432088216534e-07, -0.1447698473930359, 7.529903811587246e-09], "toes_L": [0.9880563616752625, 0.1540929675102234, -7.163610149518718e-08, -1.885160827441723e-08], "thumb02_R": [0.9796266555786133, -0.12693628668785095, -0.09133819490671158, -0.12600089609622955], "thigh_L": [0.9869193434715271, 0.07710808515548706, 0.14150139689445496, 0.004699764773249626], "pinky00_R": [0.9976679682731628, -0.06825409084558487, -7.467995111198888e-09, 0.0], "ring01_L": [1.0, 0.0, 0.0, 0.0], "clavicle_R": [0.990484356880188, -0.13077063858509064, 0.011053879745304585, -0.04144666716456413], "toes_R": [0.979659914970398, -0.20066525042057037, 1.2655746672862733e-07, -2.9394140454996887e-08], "ring00_R": [0.9975414872169495, -0.07007964700460434, 1.867236143482387e-09, -7.468944573929548e-09], "upperarm_L": [0.8663011193275452, -0.03781522437930107, 0.019148822873830795, -0.4977206289768219], "middle03_R": [0.7236668467521667, -0.6901495456695557, 5.186766571796397e-08, 1.2050406894559273e-07], "foot_R": [0.987710177898407, -0.1408327966928482, -0.038636524230241776, -0.05569968745112419], "ring01_R": [0.9598144888877869, -0.2806355655193329, 5.82189318976134e-09, -2.328757098268852e-08], "pinky02_R": [0.5302380323410034, -0.8478489518165588, 7.02569593613589e-08, 1.6861665130818437e-07], "thigh_twist_R": [1.0, 0.0, 0.0, 0.0], "ring03_L": [0.9993259906768799, -0.03670860454440117, -7.455605910422491e-09, -1.4911210044488143e-08], "index01_L": [1.0, 0.0, 0.0, 0.0], "ring02_L": [0.9356385469436646, -0.35295969247817993, -2.3889290545753283e-08, -1.1944643496519802e-08], "pelvis": [0.9997183084487915, 1.4857505448162556e-08, 0.011691287159919739, -0.020653052255511284], "index03_R": [0.6528583765029907, -0.7574800252914429, -2.282449251822527e-08, 8.844492782600355e-08], "index00_R": [0.9999374747276306, 0.009750166907906532, -0.0022311185020953417, 0.004995029419660568], "spine02": [0.9999842047691345, -3.7107383832335472e-09, 0.0011193363461643457, -0.005504320375621319], "middle01_L": [1.0, 0.0, 0.0, 0.0], "index02_L": [0.9748391509056091, -0.22290989756584167, 2.2928652754217183e-08, -1.5285767318573562e-08], "lowerarm_twist_L": [1.0, 0.0, 0.0, 0.0], "ring03_R": [0.9384818077087402, -0.34532850980758667, -2.3530077442046604e-08, 1.056262988186063e-08], "middle02_L": [0.9533690214157104, -0.3018074333667755, 9.316210454989038e-16, 4.493627514534637e-08], "spine03": [0.9939904808998108, 0.0038972727488726377, -0.05228886008262634, 0.0960947573184967], "middle01_R": [0.9868190884590149, -0.16182732582092285, -6.60633592275417e-09, -1.5100191319561418e-08], "middle00_L": [1.0, 0.0, 0.0, 0.0], "index03_L": [1.0, 0.0, 0.0, 0.0], "thumb02_L": [0.9796266555786133, -0.12693627178668976, 0.09133819490671158, 0.12600088119506836], "index02_R": [0.8137444853782654, -0.5812228322029114, 5.4935526350163855e-08, -1.831184626155391e-08], "pinky03_R": [0.9607377052307129, -0.2774583697319031, -2.374988383735399e-08, 7.755063258230166e-09], "pinky00_L": [1.0, 0.0, 0.0, 0.0], "pinky01_L": [1.0, 0.0, 0.0, 0.0], "breast_L": [1.0, 0.0, 0.0, 0.0], "hand_L": [0.9715601205825806, 0.17584851384162903, 0.1580645740032196, -0.012800782918930054], "pinky03_L": [1.0, 0.0, 0.0, 0.0], "index01_R": [1.0, 0.0, 0.0, 0.0], "thumb01_L": [1.0, 0.0, 0.0, 0.0], "index00_L": [1.0, 0.0, 0.0, 0.0], "calf_R": [0.9917137026786804, -0.1284676045179367, -1.4079229337937704e-08, -8.733668721561116e-08], "calf_twist_L": [1.0, 0.0, 0.0, 0.0], "spine01": [0.999430775642395, -7.425703607566447e-09, -0.015023189596831799, -0.030206920579075813], "thumb01_R": [0.9832490086555481, -0.182267427444458, 3.788753755173957e-09, -9.033097103907576e-16], "middle00_R": [1.0, 0.0, 0.0, 0.0], "pinky01_R": [0.9232001900672913, -0.3843194842338562, 2.1184751730629614e-08, -1.614076872158421e-08], "lowerarm_L": [0.9870344996452332, 0.03516816347837448, 0.15650998055934906, 0.005576476454734802], "middle02_R": [0.652225911617279, -0.7580246925354004, 8.451667810049912e-08, -5.665867774951039e-08], "foot_L": [0.9835115075111389, -0.15958893299102783, -0.012344934046268463, 0.08416912704706192], "middle03_L": [0.9983649253845215, -0.05716174840927124, -8.896329870287977e-16, 0.0], "calf_twist_R": [1.0, 0.0, 0.0, 0.0], "pinky02_L": [1.0, 0.0, 0.0, 0.0], "neck": [0.9989117383956909, 0.0, 6.99252877822687e-10, -0.04664067551493645], "lowerarm_twist_R": [1.0, 0.0, 0.0, 0.0], "thumb03_R": [0.9832852482795715, 0.182071715593338, -1.8943080437594517e-09, -7.577231286859387e-09], "thigh_twist_L": [1.0, 0.0, 0.0, 0.0], "calf_L": [0.9917137026786804, -0.1284676045179367, 1.4079228449759285e-08, 8.733668721561116e-08], "root": [1.0, 0.0, 0.0, 0.0], "thumb03_L": [1.0, 0.0, 0.0, 0.0], "thigh_R": [0.985000491142273, 0.014110180549323559, -0.14115875959396362, 0.09823062270879745], "ring00_L": [1.0, 0.0, 0.0, 0.0], "upperarm_twist_L": [0.9999049305915833, 1.1176933156775704e-08, -0.013790231198072433, 7.451289363302749e-09], "breast_R": [0.9993159174919128, 0.03698237985372543, 3.727840258704873e-09, 1.0717541520932627e-08]}