{"lowerarm_R": [1.0, 0.0, 0.0, 0.0], "clavicle_L": [0.9636136293411255, -0.26729923486709595, 1.6771048549912848e-08, -3.1779956444211166e-09], "head": [0.9772446155548096, 0.06215757131576538, 0.1519297957420349, 0.1343388557434082], "upperarm_R": [0.8285256028175354, -0.13322095572948456, -0.12131434679031372, 0.5301700830459595], "ring02_R": [0.9356385469436646, -0.35295969247817993, 2.3889290545753283e-08, 1.1944643496519802e-08], "hand_R": [0.9928061366081238, 0.11973293125629425, 1.313299424765546e-08, 8.946141760333634e-16], "upperarm_twist_R": [1.0, 0.0, 0.0, 0.0], "toes_L": [0.95496666431427, 0.2953752279281616, 0.011235687881708145, 0.025805937126278877], "thumb02_R": [0.9796266555786133, -0.12693628668785095, -0.09133819490671158, -0.12600089609622955], "thigh_L": [0.9937593936920166, -0.004575569182634354, 0.10110893100500107, 0.046889789402484894], "pinky00_R": [1.0, 0.0, 0.0, -0.0], "ring01_L": [1.0, 0.0, 0.0, 0.0], "clavicle_R": [0.9636135697364807, -0.26729923486709595, -1.6771048549912848e-08, 3.1779952003319067e-09], "toes_R": [0.982734739780426, -0.18502065539360046, 6.254719409071186e-08, -5.686108917046795e-09], "ring00_R": [1.0, 0.0, 0.0, -0.0], "upperarm_L": [0.8490669131278992, -0.12826238572597504, 0.12654545903205872, -0.4966088533401489], "middle03_R": [0.9983649253845215, -0.05716174840927124, 8.896329870287977e-16, 0.0], "foot_R": [0.9604674577713013, -0.26071566343307495, -0.06961829960346222, -0.06843370944261551], "ring01_R": [1.0, 0.0, 0.0, -0.0], "pinky02_R": [1.0, 0.0, 0.0, -0.0], "thigh_twist_R": [1.0, 0.0, 0.0, 0.0], "ring03_L": [0.9993259906768799, -0.03670860454440117, -7.455605910422491e-09, -1.4911210044488143e-08], "index01_L": [1.0, 0.0, 0.0, 0.0], "ring02_L": [0.9356385469436646, -0.35295969247817993, -2.3889290545753283e-08, -1.1944643496519802e-08], "pelvis": [0.9999712705612183, 5.163019523024559e-08, -0.0037383425515145063, 0.006603941787034273], "index03_R": [1.0, 0.0, 0.0, -0.0], "index00_R": [1.0, 0.0, 0.0, -0.0], "spine02": [0.9966086745262146, -0.0027047726325690746, -0.06790515780448914, -0.046399690210819244], "middle01_L": [1.0, 0.0, 0.0, 0.0], "index02_L": [0.9748391509056091, -0.22290989756584167, 2.2928652754217183e-08, -1.5285767318573562e-08], "lowerarm_twist_L": [1.0, 0.0, 0.0, 0.0], "ring03_R": [0.9993259906768799, -0.03670860081911087, 7.455605910422491e-09, 1.4911210044488143e-08], "middle02_L": [0.9533690214157104, -0.3018074333667755, 9.316210454989038e-16, 4.493627514534637e-08], "spine03": [0.9862455129623413, -0.1061074286699295, -0.06729056686162949, -0.10739316046237946], "middle01_R": [1.0, 0.0, 0.0, -0.0], "middle00_L": [1.0, 0.0, 0.0, 0.0], "index03_L": [1.0, 0.0, 0.0, 0.0], "thumb02_L": [0.9796266555786133, -0.12693627178668976, 0.09133819490671158, 0.12600088119506836], "index02_R": [0.9748390913009644, -0.2229098528623581, -2.2928649201503504e-08, 1.5285767318573562e-08], "pinky03_R": [1.0, 0.0, 0.0, -0.0], "pinky00_L": [1.0, 0.0, 0.0, 0.0], "pinky01_L": [1.0, 0.0, 0.0, 0.0], "breast_L": [0.9991286396980286, 0.005806789267808199, 0.02296595834195614, -0.03436305373907089], "hand_L": [0.9784675240516663, -1.815448045190747e-15, -0.20640107989311218, 3.807270498867865e-09], "pinky03_L": [1.0, 0.0, 0.0, 0.0], "index01_R": [1.0, 0.0, 0.0, -0.0], "thumb01_L": [1.0, 0.0, 0.0, 0.0], "index00_L": [1.0, 0.0, 0.0, 0.0], "calf_R": [1.0, 0.0, 0.0, 0.0], "calf_twist_L": [1.0, 0.0, 0.0, 0.0], "spine01": [0.9991573095321655, 7.456864459243207e-09, 0.018278053030371666, 0.03675142303109169], "thumb01_R": [1.0, 0.0, 0.0, -0.0], "middle00_R": [1.0, 0.0, 0.0, 0.0], "pinky01_R": [1.0, 0.0, 0.0, -0.0], "lowerarm_L": [0.9970095753669739, 0.07727926969528198, -5.519365942063814e-08, -2.7279745129504818e-09], "middle02_R": [0.9533689022064209, -0.30180737376213074, -8.881784197001252e-16, -4.4936268039919014e-08], "foot_L": [0.9173485636711121, -0.3975236117839813, -0.008582591079175472, -0.019319772720336914], "middle03_L": [0.9983649253845215, -0.05716174840927124, -8.896329870287977e-16, 0.0], "calf_twist_R": [1.0, 0.0, 0.0, 0.0], "pinky02_L": [1.0, 0.0, 0.0, 0.0], "neck": [0.9944369196891785, 0.1041807234287262, 0.015289990231394768, 0.0027994902338832617], "lowerarm_twist_R": [1.0, 0.0, 0.0, 0.0], "thumb03_R": [1.0, 0.0, 0.0, -0.0], "thigh_twist_L": [1.0, 0.0, 0.0, 0.0], "calf_L": [1.0, 0.0, 0.0, 0.0], "root": [1.0, 0.0, 0.0, 0.0], "thumb03_L": [1.0, 0.0, 0.0, 0.0], "thigh_R": [0.9978166222572327, -0.00017778015171643347, 0.0020001621451228857, 0.06602324545383453], "ring00_L": [1.0, 0.0, 0.0, 0.0], "upperarm_twist_L": [1.0, 0.0, 0.0, 0.0], "breast_R": [0.9994392991065979, 0.014542628079652786, -0.02830694057047367, 0.010416550561785698]}