{"thumb02_R": [0.9786673188209534, -0.14027193188667297, -0.09237845242023468, -0.11832323670387268], "toes_L": [0.9880432486534119, 0.15417665243148804, -0.00018531338719185442, -8.28933043521829e-05], "pinky00_R": [0.9976679682731628, -0.06825406849384308, -3.733996223331815e-09, 5.974396088959111e-08], "spine02": [0.9999842643737793, -6.521406969994814e-09, 0.001119336229749024, -0.005504321772605181], "index03_R": [0.6544964909553528, -0.7560619115829468, 0.0016297288239002228, -0.0014433481264859438], "calf_twist_R": [1.0, 1.4901162970204496e-08, 5.529726898600984e-09, 2.3283064365386963e-09], "index02_L": [0.9747843146324158, -0.22314876317977905, 0.00012084347690688446, -0.0005801243823952973], "middle03_R": [0.7241676449775696, -0.6896215677261353, 0.001152381650172174, -0.001400914043188095], "thigh_L": [0.9872527718544006, 0.07346007972955704, 0.14119398593902588, 0.00028793286764994264], "middle01_R": [0.9868829250335693, -0.16143600642681122, -0.0005475994548760355, 0.0005801195511594415], "calf_R": [0.9916624426841736, -0.1288042962551117, 0.000986930332146585, -0.0037814320530742407], "thumb02_L": [0.9786756634712219, -0.14023540914058685, 0.09233547747135162, 0.11833121627569199], "index01_R": [0.999997615814209, -0.0002445965074002743, -0.00018038376583717763, 0.0021727406419813633], "calf_L": [0.9916625022888184, -0.12880373001098633, -0.0009864192688837647, 0.003782277926802635], "index00_L": [1.0, -3.725291630729544e-09, -2.0489103746967885e-08, 8.881784197001252e-16], "upperarm_L": [0.9226511716842651, -0.04004521295428276, 0.051865555346012115, -0.38002800941467285], "ring02_L": [0.9358370900154114, -0.3524305820465088, 0.00023665977641940117, -0.0012635415187105536], "lowerarm_twist_R": [0.9999979138374329, 0.0007846080115996301, 2.1474506866070442e-05, -0.0018973331898450851], "thigh_R": [0.9846669435501099, 0.010469488799571991, -0.14066925644874573, 0.10263403505086899], "ring00_R": [0.9975414872169495, -0.07007967680692673, -9.336179829233515e-09, -5.975154948600903e-08], "neck": [0.9980567097663879, -0.04121554642915726, 0.0008731685229577124, -0.04672803729772568], "pinky02_L": [0.9999973773956299, 0.002288147807121277, -4.530731530394405e-05, 0.0002693392161745578], "middle00_R": [1.0, -3.725291186640334e-09, -1.4901164746561335e-08, 1.4901160305669237e-08], "thigh_twist_L": [0.9999841451644897, -0.0003257901407778263, 0.0003715782077051699, -0.005610304418951273], "head": [0.998516857624054, 0.05444386601448059, 1.9583185073557274e-10, 2.1860299681542017e-10], "pinky03_L": [0.9999972581863403, -0.002190554281696677, 0.0007255615200847387, 0.000521070440299809], "breast_L": [0.99993896484375, 0.009997976012527943, -0.0024833206553012133, 0.0040142834186553955], "toes_R": [0.9796429872512817, -0.2007477730512619, 0.0001874903537100181, -7.787560753058642e-05], "index03_L": [0.9999949932098389, 0.0021483367308974266, -5.5992419220274314e-05, 0.002362112747505307], "hand_L": [0.9850425124168396, -0.01709519512951374, 0.16587825119495392, 0.04339997470378876], "clavicle_R": [0.9904842376708984, -0.13077066838741302, 0.011053884401917458, -0.041446708142757416], "ring01_R": [0.9598088264465332, -0.28065383434295654, -0.0006640669307671487, -0.00023773573047947139], "pinky00_L": [1.0, -1.8626442610525373e-09, 4.423785338047992e-09, 3.7252885221050747e-09], "spine01": [0.9993256330490112, 0.014533479698002338, -0.014582500793039799, -0.03040464222431183], "thumb01_R": [0.9826669692993164, -0.18537522852420807, -0.0013692897045984864, 4.25470425398089e-05], "clavicle_L": [0.9859471917152405, -0.1670578569173813, -9.008379623715512e-16, -1.889195244686448e-09], "ring03_R": [0.9380237460136414, -0.34656986594200134, 0.00026866092230193317, -0.0009134717402048409], "upperarm_R": [0.900408148765564, -0.06219969317317009, 0.11228260397911072, 0.41567912697792053], "thumb01_L": [0.9999939799308777, -0.0031595141626894474, 0.0014094680082052946, -0.000347794295521453], "spine03": [0.9939901828765869, 0.0038972790353000164, -0.05228884890675545, 0.09609473496675491], "pinky03_R": [0.9601529836654663, -0.27947360277175903, -0.0005564834573306143, -0.0007857661694288254], "pelvis": [0.9997183680534363, 4.142532361584017e-06, 0.011691215448081493, -0.020652685314416885], "calf_twist_L": [1.0, 3.725291186640334e-09, 2.79396883406946e-09, 7.450582373280668e-09], "root": [1.0, 0.0, -5.684335787443581e-14, -7.1054197343044766e-15], "middle02_R": [0.6515613198280334, -0.7585956454277039, -0.0004884384106844664, 0.0005988824414089322], "thumb03_L": [0.9996771216392517, 0.023939236998558044, -0.00036067364271730185, 0.008521784096956253], "ring03_L": [0.9992737174034119, -0.03809617832303047, 9.193381993100047e-05, 0.0009427324985153973], "middle03_L": [0.9984059929847717, -0.05642010644078255, 0.00012638956832233816, 0.0014975614612922072], "ring01_L": [1.0, -1.3626548025058582e-05, 0.00045381474774330854, 1.4577533875126392e-05], "middle01_L": [0.9999997019767761, 0.00039222047780640423, 0.0004393076233100146, -0.0006590749835595489], "thigh_twist_R": [0.9999841451644897, -0.00032673124223947525, -0.0003714830963872373, 0.005610113497823477], "pinky01_L": [0.9999992251396179, -0.0005012743058614433, 0.0002903136773966253, 0.00111298356205225], "index02_R": [0.8136340379714966, -0.5813772082328796, -0.00032557733356952667, 0.00043935520807281137], "foot_R": [0.9877208471298218, -0.1409628838300705, -0.03872937336564064, -0.05511114001274109], "index01_L": [0.999997615814209, -0.0002605514309834689, 0.00023827588302083313, -0.002165144542232156], "upperarm_twist_R": [0.9892432689666748, -0.008143558166921139, -0.14569857716560364, 0.010173945687711239], "ring00_L": [1.0, 0.0, -3.608875687177715e-08, -9.313227522511625e-09], "breast_R": [0.9989135265350342, 0.04647325724363327, 0.0031842051539570093, 0.0014024283736944199], "pinky02_R": [0.5321812629699707, -0.8466304540634155, 0.00041451797005720437, -1.9732164219021797e-05], "lowerarm_L": [0.9832137227058411, 0.0900416448712349, 0.14735664427280426, 0.05890218913555145], "foot_L": [0.9835360646247864, -0.15974514186382294, -0.01223692111670971, 0.08359790593385696], "ring02_R": [0.4917117953300476, -0.8707571029663086, -0.0009677287889644504, 0.000797922897618264], "pinky01_R": [0.9230427742004395, -0.38469600677490234, 9.295307245338336e-05, -0.0011312164133414626], "middle02_L": [0.9531307220458984, -0.30255770683288574, 0.00011667350918287411, -0.0007690463098697364], "index00_R": [0.9999374747276306, 0.009750178083777428, -0.0022311233915388584, 0.004995010793209076], "middle00_L": [1.0, 1.8626473696770063e-09, 1.4028049832859324e-08, -9.31322685637781e-10], "lowerarm_R": [0.5589547157287598, 0.8162832856178284, 0.11353468149900436, -0.09143893420696259], "thumb03_R": [0.9786089062690735, 0.20555251836776733, -0.0012030252255499363, -0.008449569344520569], "upperarm_twist_L": [0.9998327493667603, -0.009653501212596893, -0.012839561328291893, -0.008755906485021114], "lowerarm_twist_L": [0.9999979138374329, 0.0007843788480386138, -2.1293817553669214e-05, 0.001897426089271903], "hand_R": [0.862411379814148, -0.4424058496952057, -0.18617244064807892, -0.1608218103647232]}