{"lowerarm_R": [0.46061834692955017, 0.8786624073982239, 0.05833055451512337, -0.11126966029405594], "clavicle_L": [0.9976370334625244, -0.06149996072053909, -0.030628269538283348, -4.0373121009906754e-05], "head": [0.986274003982544, 0.07202287018299103, 0.09234226495027542, 0.11640210449695587], "upperarm_R": [0.8677988052368164, 0.3392242193222046, 0.16729478538036346, 0.3222809135913849], "ring02_R": [0.556323230266571, -0.830966055393219, -1.908437212705394e-07, 6.361456428294332e-08], "hand_R": [0.9264073967933655, -0.3624632954597473, 0.03713982552289963, 0.09492424130439758], "upperarm_twist_R": [1.0, 0.0, 0.0, 0.0], "toes_L": [0.9953078627586365, -0.09675882011651993, -1.1228556751063934e-08, 4.117138630022055e-08], "thumb02_R": [0.9981502890586853, -0.06079563498497009, -1.611422639768989e-08, 1.1768622520946792e-08], "thigh_L": [0.9002603888511658, 0.4095379412174225, 0.06115202233195305, -0.13442648947238922], "pinky00_R": [1.0, 0.0, 0.0, 0.0], "ring01_L": [0.9486129283905029, -0.3164388835430145, 1.5732959823822057e-08, 6.196952728743099e-09], "clavicle_R": [0.9975992441177368, -1.0240030157149249e-08, 5.48468870320562e-09, -0.06925173848867416], "toes_R": [1.0, 0.0, 0.0, 0.0], "ring00_R": [1.0, 0.0, 0.0, 0.0], "upperarm_L": [0.9122486114501953, -0.11110633611679077, -0.16653788089752197, -0.35738420486450195], "middle03_R": [0.998357355594635, 0.05729398876428604, 3.28831362139681e-08, 1.865710697046552e-09], "foot_R": [0.9608452320098877, -0.27708563208580017, 6.421441867132671e-08, -7.075705354964157e-08], "ring01_R": [0.8915960192680359, -0.4528321325778961, 9.458744898438454e-09, 5.027264649015706e-08], "pinky02_R": [0.6070049405097961, -0.7946981191635132, -1.1354295281762461e-07, 3.3394123022389977e-08], "thigh_twist_R": [1.0, 0.0, 0.0, 0.0], "ring03_L": [0.6209626197814941, -0.7816222906112671, 0.03616749867796898, -0.04651989787817001], "index01_L": [0.984501302242279, -0.17083777487277985, 0.0067785452120006084, 0.0390632301568985], "ring02_L": [0.584439754486084, -0.8114370703697205, -1.8369767929016234e-08, -3.365422074352864e-08], "pelvis": [1.0, 0.0, 0.0, 0.0], "index03_R": [0.9970186352729797, 0.07716242223978043, 2.4286801902917432e-08, -5.604646524659529e-09], "index00_R": [1.0, 0.0, 0.0, 0.0], "spine02": [0.9985779523849487, 9.253625088412321e-10, 0.053250715136528015, 0.002540084533393383], "middle01_L": [0.9821460843086243, -0.18812042474746704, -1.9281980456753445e-08, 3.7029217025974503e-08], "index02_L": [0.7934683561325073, -0.6086117625236511, -4.804151387816091e-08, 1.7363188220542725e-08], "lowerarm_twist_L": [1.0, 0.0, 0.0, 0.0], "ring03_R": [0.9851646423339844, -0.17161239683628082, -2.336177296058395e-08, -1.601726040689755e-08], "middle02_L": [0.7098087668418884, -0.7043944597244263, -1.2960065909339846e-08, -1.860871456926816e-08], "spine03": [0.9924749135971069, -0.04539899528026581, 0.023106882348656654, -0.11134863644838333], "middle01_R": [0.9987408518791199, -0.050168219953775406, -1.0257464211349543e-08, -4.446490986281977e-16], "middle00_L": [1.0, 0.0, 0.0, 0.0], "index03_L": [0.9422257542610168, -0.3349788784980774, -5.930570257106638e-09, 1.5814855203188927e-08], "thumb02_L": [0.9478294253349304, -0.3187780976295471, -6.724469159280488e-08, -2.3381515390497043e-08], "index02_R": [1.0, 0.0, 0.0, 0.0], "pinky03_R": [0.9512903094291687, -0.3082965016365051, -5.641790323807072e-08, -7.381104438763941e-08], "pinky00_L": [0.9975486397743225, -0.06303009390830994, -0.006514360196888447, -0.029692450538277626], "pinky01_L": [0.9359134435653687, -0.3522300124168396, -2.9242679389085424e-08, 3.5900573180924766e-08], "breast_L": [1.0, 0.0, 0.0, 0.0], "hand_L": [0.9084035158157349, -0.29770511388778687, -0.20031669735908508, -0.21458764374256134], "pinky03_L": [0.6897050142288208, -0.7240904569625854, 1.341538222732197e-07, -5.735538977091892e-08], "index01_R": [0.998591959476471, 7.461085971272041e-09, 2.2616417183485282e-08, 0.05304834619164467], "thumb01_L": [0.9877609610557556, -0.05934187024831772, 0.048987820744514465, 0.1356741487979889], "index00_L": [0.9993768930435181, -0.034729551523923874, -0.00021897663827985525, -0.00630225008353591], "calf_R": [0.938785195350647, -0.344503253698349, 1.3027769796281063e-07, -6.618747505626743e-08], "calf_twist_L": [1.0, 0.0, 0.0, 0.0], "spine01": [1.0, 0.0, 0.0, 0.0], "thumb01_R": [0.998467743396759, 0.05533742904663086, 6.942313035551706e-08, -2.0435852121636344e-08], "middle00_R": [1.0, 0.0, 0.0, 0.0], "pinky01_R": [0.880551278591156, -0.4739510416984558, 2.915510677325983e-08, 7.21587269936208e-08], "lowerarm_L": [0.9511592388153076, 0.2468181699514389, -0.15027153491973877, 0.10860791802406311], "middle02_R": [0.9961887001991272, 0.08722430467605591, 9.816301549392392e-09, 9.348857687996315e-09], "foot_L": [0.9196358323097229, -0.392772376537323, 2.7596293250553572e-08, 2.0861793359472358e-07], "middle03_L": [0.95069819688797, -0.3101177513599396, -3.345925136954975e-08, 2.7083361331392553e-08], "calf_twist_R": [1.0, 0.0, 0.0, 0.0], "pinky02_L": [0.6599476337432861, -0.7513116598129272, -1.2065817145412439e-07, -8.749481850145457e-08], "neck": [0.9912419319152832, 0.0410655215382576, 0.023050779476761818, 0.12337809056043625], "lowerarm_twist_R": [1.0, 0.0, 0.0, 0.0], "thumb03_R": [0.9510056376457214, 0.30917415022850037, 1.5565097655212412e-08, -6.766909876887439e-08], "thigh_twist_L": [1.0, 0.0, 0.0, 0.0], "calf_L": [0.5482810735702515, -0.8362941741943359, 1.528760265046003e-07, -1.0191731014685956e-08], "root": [0.9242582321166992, 3.8794274814790697e-07, 0.05805321782827377, 0.37732845544815063], "thumb03_L": [0.9642470479011536, 0.2650051414966583, 3.863418918115258e-09, 7.726837836230516e-09], "thigh_R": [0.9958395957946777, 2.2445126646175595e-08, 2.2562025137062847e-08, 0.09112352877855301], "ring00_L": [0.9991176724433899, -0.03877485543489456, -0.005928396712988615, -0.015014490112662315], "upperarm_twist_L": [1.0, 0.0, 0.0, 0.0], "breast_R": [1.0, 0.0, 0.0, 0.0]}