{"index03_R": [0.9999839067459106, 0.0029509200248867273, 0.00032550303149037063, -0.004814560059458017], "ring03_L": [0.9999732375144958, -0.007159335073083639, 1.814865754568018e-05, 0.001496672979556024], "pinky03_R": [0.9999488592147827, -0.009953578002750874, -0.0009798069950193167, -0.0014846569392830133], "lowerarm_R": [0.9852375388145447, 0.1665441393852234, -0.007828595116734505, -0.03884422034025192], "index00_L": [1.0, -2.23517560016262e-08, -7.450588590529605e-09, 9.313231963403723e-09], "spine03": [0.9919889569282532, -0.0006198324845172465, -0.011712571606040001, 0.12577921152114868], "thumb01_L": [0.9999759793281555, -0.006313944701105356, 0.002790370024740696, -0.0006885313778184354], "foot_R": [0.9607706665992737, -0.27734190225601196, -0.00037530751433223486, 0.0011489917524158955], "index00_R": [1.0, 2.235175244891252e-08, -1.1175874448099421e-08, 1.117587622445626e-08], "lowerarm_twist_R": [0.9999916553497314, 0.0015690645668655634, 4.280373832443729e-05, -0.0037945022340863943], "index01_L": [0.9930712580680847, -0.11743292212486267, 0.0010494269663468003, -0.0042414795607328415], "index02_R": [0.9999992847442627, -0.0003717898216564208, 4.576813444145955e-05, 0.0012195121962577105], "thigh_L": [0.7891151309013367, 0.5080255270004272, 0.3438100516796112, -0.031655192375183105], "upperarm_R": [0.9739840030670166, -0.03386064991354942, -0.13376624882221222, 0.17976491153240204], "pinky03_L": [0.9998806118965149, -0.015385610051453114, 0.0011243964545428753, 0.0009623888181522489], "index02_L": [0.9999992251396179, -0.0004708208725787699, -5.182772292755544e-05, -0.0011831152951344848], "middle02_R": [0.999997615814209, -0.0017183112213388085, 0.00025618498330004513, 0.0013824051711708307], "spine01": [0.9734591841697693, 0.22507186233997345, 0.019148945808410645, 0.03678586333990097], "ring00_R": [1.0, -5.215405707303944e-08, 7.916240107874728e-09, -2.3283057704048815e-09], "head": [0.9895140528678894, 0.05165369436144829, -0.13306573033332825, 0.022077316418290138], "hand_L": [0.7822878360748291, 0.2093411535024643, -0.5703705549240112, 0.1374026983976364], "ring00_L": [1.0, 2.0489096641540527e-08, -2.9802318834981634e-08, -4.656611096720553e-09], "breast_R": [0.999814510345459, 0.015065368264913559, 0.004715112969279289, 0.011032837443053722], "hand_R": [0.9969947934150696, 0.03160902485251427, 0.07052817195653915, 0.005306092090904713], "pinky00_L": [1.0, -9.313222193441106e-09, 7.450587702351186e-09, 9.313194659910096e-10], "ring02_R": [0.9999960064888, 0.0011891403701156378, 0.00045775450416840613, 0.0025233409833163023], "clavicle_R": [0.9982509016990662, -0.0027414318174123764, -0.007640803698450327, 0.05856190249323845], "calf_R": [0.9999693036079407, -0.0006858012638986111, 0.0009854633826762438, -0.0077540078200399876], "thumb01_R": [0.9999759793281555, -0.006305844988673925, -0.002797767985612154, 0.0006705339183099568], "pinky01_L": [0.9579200744628906, -0.2870255708694458, 6.13349984632805e-05, 0.0023812418803572655], "upperarm_twist_R": [0.9977617263793945, -0.020155299454927444, 0.06158118695020676, 0.016528530046343803], "middle03_L": [0.9999949932098389, -0.0011261604959145188, 0.0003676911583170295, 0.0029398370534181595], "root": [1.0, 0.0, -5.684335787443581e-14, -7.1054197343044766e-15], "ring03_R": [0.9999905824661255, -0.003937883302569389, -0.00021905383619014174, -0.0018164400244131684], "thumb02_R": [0.9995231628417969, -0.02799953520298004, 0.003167225979268551, 0.012626460753381252], "calf_L": [0.7873154282569885, -0.6165007948875427, -0.005560093559324741, 0.005496358964592218], "middle02_L": [0.9928465485572815, -0.11938808858394623, -4.239620830048807e-05, -0.0014797052135691047], "index01_R": [0.9887084364891052, -0.14978814125061035, -0.0012131923576816916, 0.004200985189527273], "calf_twist_R": [1.0, -5.551115123125783e-16, -4.656614649434232e-09, 7.450578820566989e-09], "ring01_R": [0.9999996423721313, -3.516782817314379e-05, -0.0009051221422851086, -3.383026705705561e-05], "breast_L": [0.9997097253799438, 0.016819367185235023, -0.0050730775110423565, 0.016493476927280426], "lowerarm_twist_L": [0.9549939632415771, 0.0026209403295069933, -0.2965970039367676, 0.0031420807354152203], "spine02": [0.9630800485610962, -0.18495792150497437, -0.05929373577237129, 0.1864180564880371], "thumb03_R": [0.998708963394165, 0.04785346984863281, 0.0007381648174487054, -0.01702648401260376], "middle00_R": [1.0, -2.980232949312267e-08, -2.5145702409190562e-08, -2.1886082279820585e-08], "neck": [0.9964300990104675, -0.0797743946313858, 0.011512239463627338, 0.025114756077528], "pinky01_R": [0.9999969005584717, -0.0008102782303467393, -0.0005754531011916697, -0.002308383584022522], "middle03_R": [0.9999952912330627, 0.0005920380353927612, -0.0005459467647597194, -0.00296256085857749], "toes_R": [0.9999999403953552, -0.0001806744112400338, 0.0003206355031579733, -0.0002190586383221671], "thumb03_L": [0.9987087845802307, 0.04785768687725067, -0.0007348391809500754, 0.017028843984007835], "middle01_L": [0.9903184771537781, -0.1388041079044342, 0.001159411622211337, -0.0011693540727719665], "middle00_L": [1.0, 3.1665010169490415e-08, 9.769962616701378e-15, 3.07336769367339e-08], "pinky00_R": [1.0, -2.9802308176840597e-08, 9.255017197062898e-09, -7.916237443339469e-09], "clavicle_L": [0.8687536120414734, -0.011974499560892582, 0.07138041406869888, 0.48992717266082764], "thigh_R": [0.9943450093269348, -0.008472948335111141, 0.0008649487281218171, 0.10585583746433258], "index03_L": [0.9999870657920837, 0.0016334850806742907, -0.0002580021391622722, 0.004811587277799845], "upperarm_twist_L": [0.8534430265426636, -0.007031688466668129, 0.5205365419387817, -0.02504761517047882], "ring01_L": [0.9364006519317627, -0.3509310781955719, 0.001046370598487556, 0.00048787856940180063], "ring02_L": [0.9517349600791931, -0.30690866708755493, 0.00044175342191010714, -0.0027417417149990797], "upperarm_L": [0.6806236505508423, 0.268460214138031, -0.603587806224823, 0.3168003261089325], "middle01_R": [0.9937708973884583, -0.042305078357458115, -0.09913240373134613, 0.02832913212478161], "thigh_twist_R": [0.999936580657959, -0.0006523380288854241, -0.0007435021689161658, 0.01122046634554863], "pelvis": [0.9151040315628052, -0.0039255800656974316, 0.12333085387945175, -0.38387325406074524], "pinky02_R": [0.9999892115592957, 0.004632384516298771, 6.202046643011272e-05, -0.0003537168668117374], "toes_L": [0.9999998807907104, 0.0001877282338682562, -0.0003230432921554893, -0.00021296937484294176], "foot_L": [0.8885167837142944, -0.4474717080593109, -0.10110010206699371, 0.009270014241337776], "calf_twist_L": [1.0, 2.7939686120248552e-09, 1.1175874448099421e-08, 0.0], "lowerarm_L": [0.6891294717788696, 0.7228533625602722, 0.03213651850819588, 0.039382677525281906], "pinky02_L": [0.9473787546157837, -0.3201136291027069, -0.0008861727546900511, 0.0002559215354267508], "thumb02_L": [0.9995233416557312, -0.027996085584163666, -0.0031548822298645973, -0.012627811171114445], "thigh_twist_L": [0.9672532677650452, -0.003480002284049988, -0.2535649240016937, -0.010677688755095005]}