{
  "thumb02_R": [0.9353657960891724, -0.3493391275405884, -0.004120244644582272, 0.0551002100110054],
  "toes_L": [1.0, 8.351034193765372e-05, -0.00016221372061409056, -0.00010519167699385434],
  "pinky00_R": [1.0, 4.470347292340193e-08, -1.4901161193847656e-08, -7.45057526785331e-09],
  "spine02": [1.0, 1.8626469255877964e-09, 4.547473508864641e-13, -7.275961083630378e-12],
  "index03_R": [0.9983668923377991, -0.057080723345279694, 0.00018556953000370413, -0.002329764189198613],
  "calf_twist_R": [1.0, -1.862645593320167e-09, 1.4901164746561335e-08, 5.587934559514451e-09],
  "index02_L": [0.9676288366317749, -0.25237715244293213, 0.0001736402919050306, -0.0005532309296540916],
  "middle03_R": [0.9749454855918884, -0.2224370837211609, 0.0002552807272877544, -0.0017408622661605477],
  "thigh_L": [0.6899176836013794, 0.6075042486190796, -0.37810179591178894, 0.10950464755296707],
  "middle01_R": [0.9426630735397339, -0.33301451802253723, -0.008082850836217403, -0.020552461966872215],
  "calf_R": [0.25422847270965576, -0.9204484224319458, 0.1199670284986496, 0.27157062292099],
  "thumb02_L": [0.9353595972061157, -0.3493519425392151, 0.00403371499851346, -0.05513221025466919],
  "index01_R": [0.9888363480567932, -0.14898963272571564, -0.0005739881889894605, 0.0021053559612482786],
  "calf_L": [0.3397581875324249, -0.8592913150787354, -0.22361265122890472, -0.31012964248657227],
  "index00_L": [1.0, -7.450584149637507e-09, 2.9802343703977385e-08, 7.450584149637507e-09],
  "upperarm_L": [0.8309971690177917, 0.09153679758310318, -0.3904731273651123, -0.38548099994659424],
  "ring02_L": [0.9313406348228455, -0.36414676904678345, 0.0002647901710588485, -0.001284709433093667],
  "lowerarm_twist_R": [0.9999979138374329, 0.000784615520387888, 2.1528525394387543e-05, -0.0018972570542246103],
  "thigh_R": [0.6899238228797913, 0.6075021028518677, 0.3780952990055084, -0.10950025916099548],
  "ring00_R": [1.0, -3.725290298461914e-08, 0.0, 0.0],
  "neck": [0.9991416931152344, -0.0414259172976017, 1.9216145119571593e-07, -1.0153246421396034e-07],
  "pinky02_L": [0.9129538536071777, -0.40806272625923157, -0.00026989259640686214, 0.00017149656196124852],
  "middle00_R": [1.0, 8.881784197001252e-16, 1.4901157641133977e-08, -3.72529100900465e-08],
  "thigh_twist_L": [0.8770137429237366, 0.0024092153180390596, 0.4804324805736542, -0.005077654030174017],
  "head": [1.0, 9.313229298868464e-09, 4.547474050965727e-13, -3.637978373410844e-12],
  "pinky03_L": [0.864963710308075, -0.5018337965011597, 0.0004607345617841929, 0.0006169459084048867],
  "breast_L": [0.999944806098938, 0.01003814022988081, -0.0028652555774897337, 0.0012284056283533573],
  "toes_R": [1.0, -8.304494258482009e-05, 0.00015993516717571765, -0.00010989881411660463],
  "index03_L": [0.9983607530593872, -0.057185981422662735, -0.00019327479822095484, 0.0023574705701321363],
  "hand_L": [0.9220943450927734, 0.26819583773612976, -0.2774506211280823, -0.0288828257471323],
  "clavicle_R": [1.0, 3.7252920748187535e-09, 0.0, -3.725292962997173e-09],
  "ring01_R": [0.9537923336029053, -0.3004663288593292, -0.0004731828812509775, -0.00016155872435774654],
  "pinky00_L": [1.0, 7.450587702351186e-09, 7.450587702351186e-09, 7.450600136849062e-09],
  "spine01": [0.9983237385749817, 0.057876523584127426, 4.914605256089999e-07, 1.700221764622256e-05],
  "thumb01_R": [0.9961736798286438, -0.0873858630657196, -0.0013580953236669302, 0.0001791895047063008],
  "clavicle_L": [1.0, 3.725293851175593e-09, -3.7252978479784815e-09, 2.235175955433988e-08],
  "ring03_R": [0.9650306701660156, -0.262135773897171, 0.000267863244516775, -0.0008918275707401335],
  "upperarm_R": [0.8309563994407654, 0.09159978479146957, 0.39043986797332764, 0.3855874240398407],
  "thumb01_L": [0.9961735606193542, -0.08738607168197632, 0.001367972232401371, -0.00018940884910989553],
  "spine03": [1.0, -1.1175872671742582e-08, 1.3642431368615648e-12, -3.637981409176927e-12],
  "pinky03_R": [0.8649256825447083, -0.5018991827964783, -0.0007440656772814691, -0.0005554194212891161],
  "pelvis": [0.9971520900726318, -0.07541830837726593, -1.9385318239528715e-07, -4.682938742917031e-05],
  "calf_twist_L": [1.0, -5.587935891782081e-09, -2.6645352591003757e-15, -3.725291630729544e-09],
  "root": [1.0, 0.0, -5.684335787443581e-14, -7.1054197343044766e-15],
  "middle02_R": [0.9369924068450928, -0.3493490219116211, -0.00014040239329915494, 0.0007670637569390237],
  "thumb03_L": [0.9889366030693054, -0.14809289574623108, -0.0018039155984297395, 0.008340711705386639],
  "ring03_L": [0.9650173187255859, -0.2621845304965973, -0.00031489419052377343, 0.00079719367204234],
  "middle03_L": [0.9749462604522705, -0.22243529558181763, -0.00016712570504751056, 0.0015032810624688864],
  "ring01_L": [0.9537916779518127, -0.300468772649765, 0.00045253848657011986, 0.0001678273401921615],
  "middle01_L": [0.94266277551651, -0.3330160677433014, 0.00807193387299776, 0.02054419368505478],
  "thigh_twist_R": [0.8770138025283813, 0.002408974338322878, -0.48043230175971985, 0.005080205854028463],
  "pinky01_L": [0.9698428511619568, -0.24174897372722626, -0.007725720759481192, -0.030043913051486015],
  "index02_R": [0.9676423072814941, -0.25232574343681335, -0.00016481030615977943, 0.0005165868788026273],
  "foot_R": [0.8606436848640442, -0.44231483340263367, -0.04449271410703659, 0.2483355700969696],
  "index01_L": [0.9888357520103455, -0.1489945352077484, 0.0005701082991436124, -0.0021062109153717756],
  "upperarm_twist_R": [0.8574228882789612, -0.003606594866141677, -0.5144476890563965, 0.012514341622591019],
  "ring00_L": [1.0, 1.4901161193847656e-08, -7.450585037815927e-09, 5.21540641784668e-08],
  "breast_R": [0.9999447464942932, 0.010038051754236221, 0.002865087240934372, -0.00122806744184345],
  "pinky02_R": [0.9129579067230225, -0.40805354714393616, 0.00031154966563917696, -0.000216829648707062],
  "lowerarm_L": [0.9965421557426453, 0.08210545033216476, 0.0027822572737932205, 0.01244243886321783],
  "foot_L": [0.9569448828697205, -0.2902567982673645, 0.0005007951403968036, -0.0027429626788944006],
  "ring02_R": [0.9313302040100098, -0.36417362093925476, -0.00025063278735615313, 0.0012429573107510805],
  "pinky01_R": [0.9698678851127625, -0.24165181815624237, 0.007717068772763014, 0.03002183511853218],
  "middle02_L": [0.9370250105857849, -0.3492615818977356, 0.0001445084053557366, -0.0007197515806183219],
  "index00_R": [1.0, 0.0, 7.450580596923828e-09, 7.450583261459087e-09],
  "middle00_L": [1.0, -4.470353687224815e-08, 7.450580596923828e-09, -7.450598360492222e-09],
  "lowerarm_R": [0.9965471029281616, 0.08203218132257462, -0.0027892200741916895, -0.012523929588496685],
  "thumb03_R": [0.9889369010925293, -0.14809191226959229, 0.0018257893389090896, -0.008325650356709957],
  "upperarm_twist_L": [0.8574234843254089, -0.0036067324690520763, 0.5144467353820801, -0.012514102272689342],
  "lowerarm_twist_L": [0.9999979138374329, 0.0007845164509490132, -2.1290001313900575e-05, 0.00189745903480798],
  "hand_R": [0.9221020936965942, 0.26819127798080444, 0.2774255871772766, 0.02891898714005947]
}
