{"lowerarm_R": [0.9275269508361816, 0.37140002846717834, -0.012549884617328644, 0.03998100757598877], "clavicle_L": [1.0, 0.0, 0.0, 0.0], "head": [1.0, 0.0, 0.0, 0.0], "upperarm_R": [0.8957151174545288, 1.0397531724493092e-09, -2.7033586036395718e-08, 0.44462850689888], "ring02_R": [0.9174506068229675, -0.3978497087955475, 3.654432134680974e-08, 2.233264773110477e-08], "hand_R": [0.9945769906044006, -0.10400374233722687, 4.3893790824256484e-09, 3.745603383009666e-09], "upperarm_twist_R": [1.0, 0.0, 0.0, 0.0], "toes_L": [1.0, 0.0, 0.0, 0.0], "thumb02_R": [0.9471476078033447, -0.2968616783618927, -0.03636576235294342, -0.11602634936571121], "thigh_L": [0.7517279982566833, 0.6594734787940979, -1.6072287678525754e-07, -1.4861988972825202e-07], "pinky00_R": [1.0, 0.0, 0.0, -0.0], "ring01_L": [0.85773766040802, -0.5083217024803162, -0.03914506733417511, -0.06605283915996552], "clavicle_R": [0.998543918132782, -0.05394501984119415, -1.8653611988384e-09, 3.7307223976768e-09], "toes_R": [1.0, 0.0, 0.0, 0.0], "ring00_R": [1.0, 0.0, 0.0, -0.0], "upperarm_L": [0.9027934074401855, 0.1664896011352539, 0.021037235856056213, -0.39598363637924194], "middle03_R": [0.9574066996574402, -0.28874269127845764, 3.813118354401013e-08, 8.815697505326625e-09], "foot_R": [1.0, 0.0, 0.0, 0.0], "ring01_R": [0.8602771162986755, -0.5098267197608948, 8.660675376859217e-08, -6.062472834855726e-08], "pinky02_R": [0.8840900659561157, -0.46731650829315186, 3.2176579622955614e-08, 2.9164123560576627e-08], "thigh_twist_R": [1.0, 0.0, 0.0, 0.0], "ring03_L": [0.8544397950172424, -0.5195505023002625, -8.719844402094168e-09, -8.283851116175356e-08], "index01_L": [0.8972920775413513, -0.4414375424385071, -4.214284921033595e-09, -1.9836283726704096e-08], "ring02_L": [0.9174506068229675, -0.3978497087955475, -3.654432134680974e-08, -2.233264773110477e-08], "pelvis": [1.0, 0.0, 0.0, 0.0], "index03_R": [0.9979032874107361, -0.06472255289554596, -7.729452633498113e-09, -4.7046095907887775e-09], "index00_R": [0.9966240525245667, -0.0821002647280693, -3.7379095374490134e-09, -9.344776064068583e-10], "spine02": [0.9994580745697021, 0.032919179648160934, -3.1225185621424874e-15, -9.07928602227959e-15], "middle01_L": [0.8724319338798523, -0.48873576521873474, -2.3076323074633365e-08, 3.353665789518345e-08], "index02_L": [0.8875479102134705, -0.45755958557128906, -0.04785341024398804, -0.024669986218214035], "lowerarm_twist_L": [0.966206967830658, -4.626723182354908e-07, 0.25776752829551697, 6.149621754047985e-07], "ring03_R": [0.8544397354125977, -0.5195505023002625, 8.719840849380489e-09, 8.283851826718092e-08], "middle02_L": [0.9072235822677612, -0.4206492304801941, -1.8317079408802783e-08, 9.182544147279259e-08], "spine03": [0.9998682141304016, 0.016234993934631348, 2.6648865660152494e-15, -3.5531820880203326e-15], "middle01_R": [0.9095609188079834, -0.4155706763267517, 2.20942535378299e-08, -2.5009956772237274e-08], "middle00_L": [1.0, 0.0, 0.0, 0.0], "index03_L": [0.8844187259674072, -0.4666943848133087, 2.1780875769650265e-08, 6.579958267138863e-08], "thumb02_L": [0.9723992347717285, -0.23332326114177704, -1.5324120639093053e-08, -1.9155148578420267e-09], "index02_R": [0.9491580128669739, -0.3101620674133301, 0.051175277680158615, 0.01672280766069889], "pinky03_R": [0.7448148131370544, -0.6672711968421936, 1.0003265771274528e-08, 7.502448795548844e-08], "pinky00_L": [0.9960143566131592, 0.08919327706098557, 2.2441184910348966e-08, 0.0], "pinky01_L": [0.790511965751648, -0.5920717120170593, -0.09391270577907562, -0.12538865208625793], "breast_L": [1.0, 0.0, 0.0, 0.0], "hand_L": [0.9697552919387817, -0.04321834444999695, 0.23998449742794037, 0.010694573633372784], "pinky03_L": [0.7448148131370544, -0.6672711968421936, -1.0003265771274528e-08, -7.50244950609158e-08], "index01_R": [0.921835720539093, -0.3875808119773865, 7.263752266339907e-09, 1.3562678979894827e-08], "thumb01_L": [1.0, 0.0, 0.0, 0.0], "index00_L": [0.9945173859596252, -0.10457320511341095, 8.092024272876586e-10, -8.740199675116855e-09], "calf_R": [0.6883264183998108, -0.7254011034965515, -1.0993324650598879e-07, -1.2194132636977884e-07], "calf_twist_L": [1.0, 0.0, 0.0, 0.0], "spine01": [1.0, 0.0, 0.0, 0.0], "thumb01_R": [1.0, 0.0, 0.0, -0.0], "middle00_R": [1.0, 0.0, 0.0, -0.0], "pinky01_R": [0.800394594669342, -0.5994735360145569, 3.282099214629852e-08, -1.4698990469241835e-08], "lowerarm_L": [0.9018871188163757, 0.42821648716926575, 0.053687114268541336, -0.018694709986448288], "middle02_R": [0.9570501446723938, -0.28992241621017456, 4.183391766332534e-08, -2.812747190716891e-08], "foot_L": [0.9974141716957092, -0.07186836749315262, 1.5873530045951156e-08, 5.368988809095754e-09], "middle03_L": [0.8973670601844788, -0.44128531217575073, 2.0377324716491785e-08, 2.635760409930299e-08], "calf_twist_R": [1.0, 0.0, 0.0, 0.0], "pinky02_L": [0.8840900659561157, -0.46731650829315186, -3.2176579622955614e-08, -2.9164123560576627e-08], "neck": [1.0, 0.0, 0.0, 0.0], "lowerarm_twist_R": [1.0, 0.0, 0.0, 0.0], "thumb03_R": [1.0, 0.0, 0.0, -0.0], "thigh_twist_L": [1.0, 0.0, 0.0, 0.0], "calf_L": [0.7907256484031677, -0.6121707558631897, 2.2412953626371745e-07, 1.5656816287901165e-07], "root": [1.0, 0.0, 0.0, 0.0], "thumb03_L": [0.9954512715339661, -0.09527308493852615, -7.484628028464613e-09, -1.4969256056929225e-08], "thigh_R": [0.7369312047958374, 0.675967812538147, 1.1453045090092928e-07, 8.751716507049423e-08], "ring00_L": [0.9992234110832214, 0.039403099566698074, 7.456371520220273e-09, -2.7961390980379974e-09], "upperarm_twist_L": [1.0, 0.0, 0.0, 0.0], "breast_R": [1.0, 0.0, 0.0, 0.0]}