{"thumb02_R": [0.9436563849449158, -0.3100600838661194, -0.03844689577817917, -0.10907428711652756], "toes_L": [1.0, 8.337538747582585e-05, -0.0001623841526452452, -0.00010608151205815375], "pinky00_R": [1.0, -2.235172935627361e-08, -7.450577044210149e-09, -1.4901143430279262e-08], "spine02": [0.9994580745697021, 0.032919179648160934, -2.307739231915268e-14, -6.2206226701297905e-15], "index03_R": [0.9980378746986389, -0.06257033348083496, 0.000198892128537409, -0.0023359134793281555], "calf_twist_R": [1.0, 3.725291630729544e-09, -1.3969838619232178e-09, 3.7252894102834944e-09], "index02_L": [0.8874333500862122, -0.4577938914299011, -0.047455672174692154, -0.025196118280291557], "middle03_R": [0.9576173424720764, -0.28803831338882446, 0.00035442423541098833, -0.0016990427393466234], "thigh_L": [0.7545170783996582, 0.6562690734863281, -0.0025697448290884495, -0.0028875418938696384], "middle01_R": [0.9097253680229187, -0.41520968079566956, -0.0007284092134796083, 0.00040266787982545793], "calf_R": [0.6880731582641602, -0.7256308794021606, 0.003155230777338147, -0.0023065090645104647], "thumb02_L": [0.9690174460411072, -0.246906578540802, -0.00010846820077858865, -0.00650368258357048], "index01_R": [0.9217597246170044, -0.3877553343772888, -0.0015102511970326304, 0.0015992362750694156], "calf_L": [0.790510356426239, -0.6124363541603088, -0.0027640890330076218, 0.0027636829763650894], "index00_L": [0.9945172071456909, -0.10457323491573334, -7.491675724224933e-09, -1.8729146233908978e-08], "upperarm_L": [0.8996671438217163, 0.16413092613220215, 0.004371660761535168, -0.404525488615036], "ring02_L": [0.9176768660545349, -0.3973255753517151, 0.0003043079050257802, -0.0012645991519093513], "lowerarm_twist_R": [0.9999979138374329, 0.0007845335640013218, 2.148940802726429e-05, -0.001897230977192521], "thigh_R": [0.7397913336753845, 0.6728253960609436, 0.0026175775565207005, 0.002831319347023964], "ring00_R": [1.0, 0.0, -7.450582373280668e-09, -2.2351740014414645e-08], "neck": [0.9991416335105896, -0.041425760835409164, 1.8068820395455987e-07, -1.3618023331218865e-07], "pinky02_L": [0.8851621150970459, -0.465282678604126, -0.0002542203583288938, 0.0001677489490248263], "middle00_R": [1.0, -5.215407838932151e-08, -3.552713678800501e-15, -8.881784197001252e-15], "thigh_twist_L": [0.9999841451644897, -0.000325776229146868, 0.0003715908096637577, -0.005610364954918623], "head": [1.0, 0.0, -3.1763735522036263e-22, 1.776357262916724e-15], "pinky03_L": [0.7433443069458008, -0.6689085960388184, 0.0003447539056651294, 0.0006873533129692078], "breast_L": [0.9999447464942932, 0.010038517415523529, -0.002865459071472287, 0.0012283985270187259], "toes_R": [1.0, -8.302630885737017e-05, 0.00016021926421672106, -0.00010995896445820108], "index03_L": [0.885469913482666, -0.46469080448150635, -0.0010612368350848556, 0.002104672836139798], "hand_L": [0.9697842001914978, -0.040994804352521896, 0.24029868841171265, 0.009722727350890636], "clavicle_R": [0.998543918132782, -0.053945038467645645, -1.7487774561786296e-09, -1.8653626199238715e-08], "ring01_R": [0.8602718114852905, -0.5098356008529663, -0.00045253438293002546, -0.0002740254276432097], "pinky00_L": [0.9960143566131592, 0.08919326215982437, 2.244120089756052e-08, 1.8700978543506608e-09], "spine01": [0.9998942613601685, 0.01454148069024086, -2.47842791623043e-07, 1.703808447928168e-05], "thumb01_R": [0.9999939799308777, -0.003155527636408806, -0.001409436110407114, 0.0003463426837697625], "clavicle_L": [1.0, -6.868512869573351e-09, -9.313236848385031e-10, -1.117587977716994e-08], "ring03_R": [0.8537886738777161, -0.5206189155578613, 0.0005452240002341568, -0.0007312737288884819], "upperarm_R": [0.8897863030433655, -0.002477457281202078, 0.013987099751830101, 0.45615628361701965], "thumb01_L": [0.9999940395355225, -0.003155349986627698, 0.0014011512976139784, -0.0003469433868303895], "spine03": [0.9998682141304016, 0.016234999522566795, 6.134794515650407e-15, -3.553183782086227e-15], "pinky03_R": [0.7433901429176331, -0.6688573956489563, -0.0005879764794372022, -0.0007145258714444935], "pelvis": [1.0, 4.138803888054099e-06, -1.8189880157670757e-10, 2.606606708255299e-09], "calf_twist_L": [1.0, 3.725290742551124e-09, 1.6298146165993899e-09, 1.8626460374093767e-09], "root": [1.0, 0.0, -5.684335787443581e-14, -7.1054197343044766e-15], "middle02_R": [0.9567949175834656, -0.29076308012008667, -8.617364073870704e-05, 0.0007292014779523015], "thumb03_L": [0.9974102973937988, -0.07141470164060593, -0.0011625211918726563, 0.008451568894088268], "ring03_L": [0.8538585305213928, -0.5205046534538269, -0.0005969920312054455, 0.0005417092470452189], "middle03_L": [0.8977721333503723, -0.440457820892334, -0.0005140602588653564, 0.0014297721209004521], "ring01_L": [0.8577547669410706, -0.5083381533622742, -0.03876875713467598, -0.06592517346143723], "middle01_L": [0.8726232647895813, -0.4883931577205658, 0.0007549494621343911, -0.00034982606302946806], "thigh_twist_R": [0.9999841451644897, -0.00032664465834386647, -0.0003714475315064192, 0.005610248073935509], "pinky01_L": [0.7904165387153625, -0.5923445224761963, -0.09429935365915298, -0.12440800666809082], "index02_R": [0.9490922093391418, -0.31037330627441406, 0.050943151116371155, 0.01724235527217388], "foot_R": [0.9999998211860657, -0.00015262550732586533, -8.294367034977768e-06, 0.0005882701370865107], "index01_L": [0.8972116112709045, -0.4415954351425171, 0.0016919554909691215, -0.0014144249726086855], "upperarm_twist_R": [0.9999146461486816, -0.009531804360449314, -0.0009510162053629756, 0.008888293989002705], "ring00_L": [0.9992234110832214, 0.03940311819314957, -2.982549318630845e-08, 5.5922790842544146e-09], "breast_R": [0.9999447464942932, 0.010038468055427074, 0.0028652208857238293, -0.0012280555674806237], "pinky02_R": [0.885166347026825, -0.4652746915817261, 0.00026697112480178475, -0.00018762124818749726], "lowerarm_L": [0.8919451832771301, 0.4487571716308594, 0.054613515734672546, -0.008265567943453789], "foot_L": [0.9974032044410706, -0.07201722264289856, 5.166095797903836e-05, -0.0005875840433873236], "ring02_R": [0.9176663756370544, -0.3973497152328491, -0.0002944294537883252, 0.0012378060491755605], "pinky01_R": [0.8001538515090942, -0.5997937917709351, 0.0003678323409985751, -0.0011107597965747118], "middle02_L": [0.9068940281867981, -0.42135804891586304, 0.00020527122251223773, -0.0007235222728922963], "index00_R": [0.9966241717338562, -0.08210025727748871, -1.8689553016315585e-08, -7.475824403968545e-09], "middle00_L": [1.0, 0.0, -7.4505797087454084e-09, 1.117587977716994e-08], "lowerarm_R": [0.9226380586624146, 0.3840944170951843, -0.01960870623588562, 0.028742536902427673], "thumb03_R": [0.9996770620346069, 0.02393784560263157, 0.0003601023927330971, -0.00852292776107788], "upperarm_twist_L": [0.9999146461486816, -0.009531673043966293, 0.0009497958817519248, -0.008888233453035355], "lowerarm_twist_L": [0.966210663318634, 0.0002664157364051789, 0.2577454745769501, 0.0020366176031529903], "hand_R": [0.9947735667228699, -0.10209452360868454, -0.00042242786730639637, 0.0014620906440541148]}
