{"lowerarm_R": [0.9895949363708496, 0.1438821405172348, -1.8822303715637645e-09, -1.5057839419796437e-08], "clavicle_L": [0.8687537908554077, -0.011974536813795567, 0.07138039916753769, 0.48992720246315], "head": [0.989514172077179, 0.05165368691086769, -0.13306577503681183, 0.022077322006225586], "upperarm_R": [0.9750725626945496, -0.030721230432391167, -0.14163976907730103, 0.16801297664642334], "ring02_R": [1.0, 0.0, 0.0, 0.0], "hand_R": [0.997079610824585, 0.02802617847919464, 0.07101397961378098, 0.0019960878416895866], "upperarm_twist_R": [0.9979820251464844, -1.4955199389987683e-07, 0.06349922716617584, -1.1380867448451681e-07], "toes_L": [1.0, 0.0, 0.0, 0.0], "thumb02_R": [1.0, 0.0, 0.0, 0.0], "thigh_L": [0.7849834561347961, 0.5120320320129395, 0.3480105698108673, -0.022651374340057373], "pinky00_R": [1.0, 0.0, 0.0, 0.0], "ring01_L": [0.9364076852798462, -0.3509141206741333, 1.1934836230409474e-08, -5.0350077884786515e-08], "clavicle_R": [0.9982508420944214, -0.002741420641541481, -0.007640818599611521, 0.05856185778975487], "toes_R": [1.0, 0.0, 0.0, 0.0], "ring00_R": [1.0, 0.0, 0.0, 0.0], "upperarm_L": [0.6765824556350708, 0.3320731818675995, -0.5900058150291443, 0.2895805835723877], "middle03_R": [1.0, 0.0, 0.0, 0.0], "foot_R": [0.9608550071716309, -0.27705174684524536, 1.395740696352732e-07, 1.1243467668009544e-07], "ring01_R": [1.0, 0.0, 0.0, 0.0], "pinky02_R": [1.0, 0.0, 0.0, 0.0], "thigh_twist_R": [1.0, 0.0, 0.0, 0.0], "ring03_L": [1.0, 0.0, 0.0, 0.0], "index01_L": [0.9931439757347107, -0.11689780652523041, -7.502015009208662e-09, -3.751005728247492e-09], "ring02_L": [0.9515034556388855, -0.30763810873031616, 4.404557785164798e-08, -1.957581119427232e-08], "pelvis": [0.9151010513305664, -0.00393335148692131, 0.12333142757415771, -0.3838806450366974], "index03_R": [1.0, 0.0, 0.0, 0.0], "index00_R": [1.0, 0.0, 0.0, 0.0], "spine02": [0.9630802869796753, -0.18495798110961914, -0.05929373577237129, 0.18641802668571472], "middle01_L": [0.9902133941650391, -0.13956165313720703, -3.762108846672163e-09, -1.6929488921846314e-08], "index02_L": [1.0, 0.0, 0.0, 0.0], "lowerarm_twist_L": [0.9550120234489441, 4.48589467794136e-08, -0.29656702280044556, -1.9309617016460834e-08], "ring03_R": [1.0, 0.0, 0.0, 0.0], "middle02_L": [0.9930568337440491, -0.11763591319322586, 3.75133657470883e-09, -1.125401105639412e-08], "spine03": [0.9919888973236084, -0.0006198453484103084, -0.011712565086781979, 0.1257791519165039], "middle01_R": [0.9938743114471436, -0.04317294433712959, -0.09812188148498535, 0.02687452733516693], "middle00_L": [1.0, 0.0, 0.0, 0.0], "index03_L": [1.0, 0.0, 0.0, 0.0], "thumb02_L": [1.0, 0.0, 0.0, 0.0], "index02_R": [1.0, 0.0, 0.0, 0.0], "pinky03_R": [1.0, 0.0, 0.0, 0.0], "pinky00_L": [1.0, 0.0, 0.0, 0.0], "pinky01_L": [0.9582121968269348, -0.2860584259033203, 1.555100404004861e-08, 4.859651570043866e-10], "breast_L": [1.0, 0.0, 0.0, 0.0], "hand_L": [0.7641399502754211, 0.2171027511358261, -0.5842936038970947, 0.16600599884986877], "pinky03_L": [1.0, 0.0, 0.0, 0.0], "index01_R": [0.9887964129447937, -0.14927060902118683, 3.390749370169033e-08, -1.8837498672041875e-08], "thumb01_L": [1.0, 0.0, 0.0, 0.0], "index00_L": [1.0, 0.0, 0.0, 0.0], "calf_R": [1.0, 0.0, 0.0, 0.0], "calf_twist_L": [1.0, 0.0, 0.0, 0.0], "spine01": [0.9795940518379211, 0.1966688185930252, 0.020203107967972755, 0.03618104010820389], "thumb01_R": [1.0, 0.0, 0.0, 0.0], "middle00_R": [1.0, 0.0, 0.0, 0.0], "pinky01_R": [1.0, 0.0, 0.0, 0.0], "lowerarm_L": [0.6724887490272522, 0.7401073575019836, 4.827732027479215e-07, -7.525679848185973e-07], "middle02_R": [1.0, 0.0, 0.0, 0.0], "foot_L": [0.8886159062385559, -0.447095662355423, -0.10179802030324936, 0.010219920426607132], "middle03_L": [1.0, 0.0, 0.0, 0.0], "calf_twist_R": [1.0, 0.0, 0.0, 0.0], "pinky02_L": [0.9459556937217712, -0.3242958188056946, 1.9690617136802757e-08, 7.876245433635631e-09], "neck": [0.999617874622345, -0.001604758552275598, -0.004207233432680368, 0.02727920189499855], "lowerarm_twist_R": [1.0, 0.0, 0.0, 0.0], "thumb03_R": [1.0, 0.0, 0.0, 0.0], "thigh_twist_L": [0.9671265482902527, 2.3496684775636822e-07, -0.2542955279350281, 1.8296605119871856e-08], "calf_L": [0.7877615094184875, -0.6159803867340088, 6.289512270996056e-07, 3.2097793223329063e-07], "root": [1.0, 0.0, 0.0, 0.0], "thumb03_L": [1.0, 0.0, 0.0, 0.0], "thigh_R": [0.9951695799827576, -5.802226965556656e-08, -1.0762194690983051e-08, 0.0981709435582161], "ring00_L": [1.0, 0.0, 0.0, 0.0], "upperarm_twist_L": [0.8547175526618958, -3.050952557259734e-08, 0.5190933346748352, -1.961327100730159e-08], "breast_R": [1.0, 0.0, 0.0, 0.0]}