{"lowerarm_R": [0.8384304046630859, 0.5219339728355408, 0.13320422172546387, 0.08292138576507568], "clavicle_L": [0.9734219908714294, 0.1937788724899292, 0.03752803057432175, 0.11615168303251266], "head": [0.9854670763015747, 0.15782296657562256, 0.05469202622771263, 0.030912237241864204], "upperarm_R": [0.9460218548774719, 0.32410284876823425, -1.5751391302387674e-08, -7.875696539372257e-09], "ring02_R": [0.9597586393356323, -0.2808265686035156, 2.086713379867433e-08, 7.419573844202887e-09], "hand_R": [0.9050505757331848, 0.004017598927021027, -0.4037301540374756, 0.13367682695388794], "upperarm_twist_R": [0.9979820251464844, -1.4955199389987683e-07, 0.06349922716617584, -1.1380867448451681e-07], "toes_L": [1.0, 0.0, 0.0, 0.0], "thumb02_R": [0.9430476427078247, -0.33265796303749084, 1.3663942866060097e-08, -5.135374081532973e-08], "thigh_L": [0.9689493775367737, -0.08603609353303909, 0.005902033299207687, -0.23173315823078156], "pinky00_R": [1.0, 0.0, 0.0, 0.0], "ring01_L": [0.9720721244812012, 0.23468253016471863, 1.122978066092628e-08, -1.4992043162465052e-08], "clavicle_R": [0.962428867816925, -0.1563151329755783, 0.18225590884685516, -0.12680286169052124], "toes_R": [0.9983919262886047, -0.0564703494310379, 0.004768572747707367, -0.0014220246812328696], "ring00_R": [1.0, 0.0, 0.0, 0.0], "upperarm_L": [0.9353451132774353, 0.329975426197052, 0.011606395244598389, 0.1269315779209137], "middle03_R": [0.9917837381362915, -0.12792609632015228, 8.451341848569882e-09, 5.6342277510168515e-09], "foot_R": [0.9611737132072449, -0.24450011551380157, -0.09333449602127075, -0.08748593926429749], "ring01_R": [0.9801183938980103, -0.19841346144676208, 5.2327395749784955e-09, 3.258935066252633e-10], "pinky02_R": [0.9212849140167236, -0.38888826966285706, 1.8417248170976563e-08, 1.1625295393002943e-08], "thigh_twist_R": [1.0, 0.0, 0.0, 0.0], "ring03_L": [0.9026393890380859, -0.4303976893424988, -4.333463721195585e-08, -1.5476656400892352e-08], "index01_L": [0.9557863473892212, 0.2940624952316284, -2.427745116051483e-09, -6.820564379950156e-08], "ring02_L": [0.9020348191261292, -0.4316633641719818, -3.3039004421198115e-08, 1.7003463526066298e-08], "pelvis": [1.0, 0.0, 0.0, 0.0], "index03_R": [0.9578537344932556, -0.2872563898563385, -7.877081209528569e-09, -1.8245840394115476e-08], "index00_R": [1.0, 0.0, 0.0, 0.0], "spine02": [0.9961022138595581, -0.0626484602689743, 0.030661145225167274, -0.053996335715055466], "middle01_L": [0.920448899269104, 0.39086294174194336, 4.9578847693965145e-08, 4.654342333765271e-08], "index02_L": [0.9644872546195984, -0.2641294598579407, 1.5268082353969703e-09, 7.696682402524857e-09], "lowerarm_twist_L": [0.9550120234489441, 4.48589467794136e-08, -0.29656702280044556, -1.9309617016460834e-08], "ring03_R": [0.9145037531852722, -0.40457746386528015, 1.9444904353349557e-08, 2.153141842597961e-08], "middle02_L": [0.8689701557159424, -0.49486467242240906, -6.966403987007652e-08, -4.0726671812763016e-08], "spine03": [0.9890049695968628, -0.07319609075784683, -0.058136869221925735, -0.11459344625473022], "middle01_R": [0.9958363175392151, 0.0911610797047615, 3.126765690808497e-08, -3.647912638626849e-09], "middle00_L": [1.0, 0.0, 0.0, 0.0], "index03_L": [0.9717614650726318, -0.2359655797481537, 9.16965081643184e-09, 1.1455777659818978e-08], "thumb02_L": [0.9720621109008789, -0.2347237467765808, 1.1516831044389164e-08, 4.981833257033941e-08], "index02_R": [0.9724084138870239, -0.2332850992679596, 5.4078932443246686e-09, 1.9787851357477848e-08], "pinky03_R": [0.8901737332344055, -0.45562121272087097, 5.23112797523595e-09, 1.9355171687607253e-08], "pinky00_L": [1.0, 0.0, 0.0, 0.0], "pinky01_L": [1.0, 0.0, 0.0, 0.0], "breast_L": [0.9982479214668274, 0.059169668704271317, 0.0, -4.198307124170242e-08], "hand_L": [0.937904953956604, 0.2556508481502533, 0.19355063140392303, -0.1323450803756714], "pinky03_L": [0.9341384172439575, -0.35691091418266296, -3.2402034833012294e-08, -2.3927650971700132e-08], "index01_R": [0.9395731687545776, 0.33554840087890625, -0.022834599018096924, 0.06393948197364807], "thumb01_L": [0.997879683971405, -7.466411489076563e-09, -2.239923624358653e-08, -0.06508611887693405], "index00_L": [0.9979305267333984, 0.06430134922266006, 2.2398090493425116e-08, -5.599522623356279e-09], "calf_R": [0.9635958075523376, -0.26654309034347534, -0.01768353395164013, -0.011191785335540771], "calf_twist_L": [1.0, 0.0, 0.0, 0.0], "spine01": [0.99769526720047, 0.067189522087574, -0.006269149947911501, -0.0070973969995975494], "thumb01_R": [1.0, 0.0, 0.0, -0.0], "middle00_R": [1.0, 0.0, 0.0, 0.0], "pinky01_R": [0.9618555903434753, -0.2735578119754791, 1.113494452198438e-08, -3.873024567724315e-09], "lowerarm_L": [0.9834156632423401, 0.1813661903142929, -9.031567150646598e-16, -9.470286777002457e-10], "middle02_R": [0.9231017827987671, -0.3845559358596802, -2.2098920027247004e-08, -9.772134212937544e-10], "foot_L": [0.9750810265541077, 0.07508966326713562, 0.11457949131727219, 0.17450106143951416], "middle03_L": [0.9363070726394653, -0.35118240118026733, 1.193611964822594e-08, -6.017792486545659e-08], "calf_twist_R": [1.0, 0.0, 0.0, 0.0], "pinky02_L": [0.9702833294868469, -0.2419716864824295, -3.647415169893975e-08, 2.3996147291427405e-09], "neck": [0.9998373985290527, 0.0017610755749046803, 0.0009315619245171547, 0.017922088503837585], "lowerarm_twist_R": [1.0, 0.0, 0.0, 0.0], "thumb03_R": [1.0, 0.0, 0.0, -0.0], "thigh_twist_L": [0.9671265482902527, 2.3496684775636822e-07, -0.2542955279350281, 1.8296605119871856e-08], "calf_L": [1.0, 0.0, 0.0, 0.0], "root": [0.9944943785667419, -0.023984786123037338, 0.10045289248228073, -0.017743239179253578], "thumb03_L": [0.965599775314331, -0.26003298163414, 2.893504991163809e-08, -1.543202721165926e-08], "thigh_R": [0.9501933455467224, 0.31141749024391174, 0.005027467384934425, 0.01124937180429697], "ring00_L": [1.0, 0.0, 0.0, 0.0], "upperarm_twist_L": [0.9963982105255127, -1.2502837307692971e-06, 0.08479800820350647, 1.6002742597720498e-07], "breast_R": [0.9996256232261658, 0.02736198529601097, -9.316714066898157e-10, -1.9739784917760517e-08]}