{"lowerarm_R": [0.6030569076538086, 0.7976981997489929, -5.327963137347069e-08, -8.995750278018022e-08], "clavicle_L": [0.9985074400901794, -0.017131639644503593, -0.008016163483262062, 0.05123891681432724], "head": [0.9978383779525757, -0.03262856975197792, -0.05701366439461708, -0.001864314777776599], "upperarm_R": [0.787961483001709, 0.1006096675992012, 0.5925321578979492, -0.13379201292991638], "ring02_R": [1.0, 0.0, 0.0, -0.0], "hand_R": [0.6132968664169312, 0.19145646691322327, 0.7397035360336304, -0.2001257985830307], "upperarm_twist_R": [0.9356286525726318, -8.162261622146616e-08, -0.3529859185218811, -1.9920395288863801e-07], "toes_L": [0.924543023109436, 0.35157307982444763, 0.1374259889125824, 0.052258823066949844], "thumb02_R": [0.9696371555328369, -0.24454814195632935, 2.3051654807204613e-08, 4.9945249713800877e-08], "thigh_L": [0.9833439588546753, 0.008221850730478764, -0.13238869607448578, -0.1242590919137001], "pinky00_R": [1.0, 0.0, 0.0, -0.0], "ring01_L": [1.0, 0.0, -0.0, 0.0], "clavicle_R": [0.9915092587471008, -0.09242787957191467, 0.03259751573204994, -0.08546344190835953], "toes_R": [0.9867687225341797, -0.13700994849205017, -0.08223160356283188, 0.027455206960439682], "ring00_R": [1.0, 0.0, 0.0, -0.0], "upperarm_L": [0.7879613637924194, 0.1006096601486206, -0.5925321578979492, 0.13379201292991638], "middle03_R": [1.0, 0.0, 0.0, -0.0], "foot_R": [0.9723271131515503, -0.21153295040130615, 0.004183057229965925, -0.09908004105091095], "ring01_R": [1.0, 0.0, 0.0, -0.0], "pinky02_R": [1.0, 0.0, 0.0, -0.0], "thigh_twist_R": [1.0, 0.0, 0.0, 0.0], "ring03_L": [1.0, 0.0, -0.0, 0.0], "index01_L": [1.0, 0.0, -0.0, 0.0], "ring02_L": [1.0, 0.0, -0.0, 0.0], "pelvis": [1.0, 0.0, 0.0, 0.0], "index03_R": [1.0, 0.0, 0.0, -0.0], "index00_R": [1.0, 0.0, 0.0, -0.0], "spine02": [0.9972994923591614, -0.03929876163601875, -0.041935160756111145, -0.045729056000709534], "middle01_L": [1.0, 0.0, -0.0, 0.0], "index02_L": [0.9527862668037415, -0.30364176630973816, 3.12791321732675e-08, -1.270714378165394e-08], "lowerarm_twist_L": [0.8310588598251343, 5.8273570857636514e-08, -0.5561844706535339, 1.6249362033704529e-07], "ring03_R": [1.0, 0.0, 0.0, -0.0], "middle02_L": [0.995481550693512, -0.09495487064123154, 2.5493740452020575e-08, 9.355499486218832e-09], "spine03": [0.9312655925750732, -0.11522236466407776, -0.34302201867103577, -0.04248187690973282], "middle01_R": [1.0, 0.0, 0.0, -0.0], "middle00_L": [1.0, 0.0, -0.0, 0.0], "index03_L": [1.0, 0.0, -0.0, 0.0], "thumb02_L": [0.9696371555328369, -0.24454814195632935, -2.3051654807204613e-08, -4.9945249713800877e-08], "index02_R": [0.9527862668037415, -0.30364176630973816, -3.12791321732675e-08, 1.270714378165394e-08], "pinky03_R": [1.0, 0.0, 0.0, -0.0], "pinky00_L": [1.0, 0.0, -0.0, 0.0], "pinky01_L": [1.0, 0.0, -0.0, 0.0], "breast_L": [0.9995851516723633, 0.028802020475268364, 4.65854554931866e-09, -2.0148206658632262e-08], "hand_L": [0.6132967472076416, 0.19145631790161133, -0.7397035360336304, 0.20012563467025757], "pinky03_L": [1.0, 0.0, -0.0, 0.0], "index01_R": [1.0, 0.0, 0.0, -0.0], "thumb01_L": [1.0, 0.0, -0.0, 0.0], "index00_L": [1.0, 0.0, -0.0, 0.0], "calf_R": [0.998087465763092, -4.292294164542909e-08, 0.061819057911634445, -9.984251647665587e-08], "calf_twist_L": [1.0, 0.0, 0.0, 0.0], "spine01": [0.9917678833007812, -0.11152376234531403, -0.05653821676969528, 0.027615239843726158], "thumb01_R": [1.0, 0.0, 0.0, -0.0], "middle00_R": [1.0, 0.0, 0.0, -0.0], "pinky01_R": [1.0, 0.0, 0.0, -0.0], "lowerarm_L": [0.6030568480491638, 0.7976981997489929, 5.327963492618437e-08, 8.995750278018022e-08], "middle02_R": [0.995481550693512, -0.09495484828948975, -2.5493735122950056e-08, -9.355497709861993e-09], "foot_L": [0.9691163301467896, -0.21972376108169556, -0.11053196340799332, 0.01783205196261406], "middle03_L": [1.0, 0.0, -0.0, 0.0], "calf_twist_R": [1.0, 0.0, 0.0, 0.0], "pinky02_L": [1.0, 0.0, -0.0, 0.0], "neck": [0.9917812347412109, 0.12136721611022949, -0.04019949957728386, -0.004919367842376232], "lowerarm_twist_R": [0.8310588598251343, 5.8273570857636514e-08, 0.5561844706535339, -1.624936345479e-07], "thumb03_R": [0.9826918840408325, 0.18524768948554993, -9.003398027118692e-09, -3.790904301581577e-08], "thigh_twist_L": [1.0, 0.0, 0.0, 0.0], "calf_L": [1.0, 0.0, 0.0, 0.0], "root": [0.8391852974891663, 0.16222089529037476, -0.14425981044769287, -0.49863988161087036], "thumb03_L": [0.9826918840408325, 0.18524770438671112, 9.003398915297112e-09, 3.790904656852945e-08], "thigh_R": [0.9702389240264893, 0.23249879479408264, -0.00846489705145359, 0.06715615093708038], "ring00_L": [1.0, 0.0, -0.0, 0.0], "upperarm_twist_L": [0.9356286525726318, -8.162262332689352e-08, 0.3529859185218811, 1.9920395288863801e-07], "breast_R": [0.9996245503425598, 0.019843708723783493, 0.0003750685427803546, -0.018893886357545853]}