{"lowerarm_R": [1.0, 0.0, 0.0, -0.0], "clavicle_L": [0.9968392252922058, -0.05355791747570038, -0.02771293930709362, 0.051722556352615356], "head": [0.9968779683113098, -3.3391854231012985e-05, -0.07887622714042664, 0.003602431621402502], "upperarm_R": [0.868527889251709, -0.09135514497756958, -0.05647404119372368, 0.4838637113571167], "ring02_R": [0.9597586393356323, -0.2808265686035156, 2.086713379867433e-08, 7.419573844202887e-09], "hand_R": [0.9962950944900513, 0.08353055268526077, 0.02029096521437168, 0.002631302922964096], "upperarm_twist_R": [1.0, 0.0, 0.0, 0.0], "toes_L": [0.9313196539878845, 0.3642028570175171, 1.205004025450762e-07, -1.60000492854806e-08], "thumb02_R": [0.9777243733406067, -0.20989306271076202, -7.620324815604818e-09, -6.096262694654797e-08], "thigh_L": [0.958170473575592, -0.08548589795827866, 0.00818429235368967, -0.27301090955734253], "pinky00_R": [1.0, 0.0, 0.0, -0.0], "ring01_L": [0.9801183938980103, -0.19841346144676208, -5.2327395749784955e-09, -3.2589347886968767e-10], "clavicle_R": [0.9903542995452881, -0.1340947300195694, 0.00490436889231205, 0.03453962132334709], "toes_R": [0.9733617305755615, -0.22922103106975555, 0.004943183623254299, -0.0005711488774977624], "ring00_R": [1.0, 0.0, 0.0, -0.0], "upperarm_L": [0.8828938007354736, -0.1209464892745018, 0.07141746580600739, -0.4480745494365692], "middle03_R": [0.9917837381362915, -0.12792609632015228, 8.451341848569882e-09, 5.6342277510168515e-09], "foot_R": [0.9469707608222961, -0.2947568893432617, -0.08859986811876297, -0.09227775037288666], "ring01_R": [0.9801183938980103, -0.19841346144676208, 5.2327395749784955e-09, 3.258935066252633e-10], "pinky02_R": [0.9212849140167236, -0.38888826966285706, 1.8417248170976563e-08, 1.1625295393002943e-08], "thigh_twist_R": [1.0, 0.0, 0.0, 0.0], "ring03_L": [0.9145036935806274, -0.40457749366760254, -1.9444904353349557e-08, -2.153142020233645e-08], "index01_L": [0.9962291717529297, -0.08676079660654068, -7.230462895080336e-09, -4.323671198847023e-09], "ring02_L": [0.9597585201263428, -0.28082653880119324, -2.0867130245960652e-08, -7.419572511935257e-09], "pelvis": [0.9925172328948975, -2.2118911147117615e-08, -0.06068415939807892, 0.10595797002315521], "index03_R": [0.9997240304946899, -0.023492150008678436, -1.8631594045359634e-09, -6.938893903907228e-18], "index00_R": [1.0, 0.0, 0.0, -0.0], "spine02": [0.9967783689498901, -0.06112232804298401, 0.03754185140132904, -0.0358835905790329], "middle01_L": [0.9962865710258484, -0.08609937131404877, -6.309860189901428e-09, 4.673970099844382e-09], "index02_L": [0.9950827956199646, -0.09904654324054718, -7.721379091663039e-09, -6.08351147235453e-09], "lowerarm_twist_L": [1.0, 0.0, 0.0, 0.0], "ring03_R": [0.9145037531852722, -0.40457746386528015, 1.9444904353349557e-08, 2.153141842597961e-08], "middle02_L": [0.978938639163971, -0.20415471494197845, -1.3092058104291482e-08, -2.8208042568422798e-09], "spine03": [0.9890304207801819, -0.06931699812412262, 0.11215133965015411, -0.06660562008619308], "middle01_R": [0.9962866306304932, -0.08609937131404877, 6.309859301723009e-09, -4.6739696557551724e-09], "middle00_L": [1.0, 0.0, -0.0, 0.0], "index03_L": [0.9997240304946899, -0.023492150008678436, 1.8631594045359634e-09, 6.938893903907228e-18], "thumb02_L": [0.9777243733406067, -0.20989307761192322, 7.620323927426398e-09, 6.096263405197533e-08], "index02_R": [0.9950827956199646, -0.09904653578996658, 7.721379091663039e-09, 6.08351147235453e-09], "pinky03_R": [0.8901737332344055, -0.45562121272087097, 5.23112797523595e-09, 1.9355171687607253e-08], "pinky00_L": [1.0, 0.0, -0.0, 0.0], "pinky01_L": [0.9618555307388306, -0.2735578119754791, -1.113494363380596e-08, 3.873024123635105e-09], "breast_L": [1.0, 0.0, 0.0, 0.0], "hand_L": [0.9799649715423584, 0.16321609914302826, -0.11414290964603424, 0.0007915394380688667], "pinky03_L": [0.8901737332344055, -0.45562124252319336, -5.23112753114674e-09, -1.9355169911250414e-08], "index01_R": [0.9962291717529297, -0.08676079660654068, 7.230462895080336e-09, 4.323671198847023e-09], "thumb01_L": [1.0, 0.0, -0.0, 0.0], "index00_L": [1.0, 0.0, -0.0, 0.0], "calf_R": [0.9848049879074097, -0.17239905893802643, -0.018680188804864883, -0.009434744715690613], "calf_twist_L": [1.0, 0.0, 0.0, 0.0], "spine01": [0.9958071708679199, 0.06689101457595825, -0.02601465955376625, -0.05671843886375427], "thumb01_R": [1.0, 0.0, 0.0, -0.0], "middle00_R": [1.0, 0.0, 0.0, -0.0], "pinky01_R": [0.9618555903434753, -0.2735578119754791, 1.113494452198438e-08, -3.873024567724315e-09], "lowerarm_L": [0.998155415058136, -0.007878926582634449, -0.06016141548752785, -0.0020910482853651047], "middle02_R": [0.978938639163971, -0.20415471494197845, 1.3092058104291482e-08, 2.8208042568422798e-09], "foot_L": [0.9292470216751099, -0.3048304319381714, 0.03884562849998474, 0.20510992407798767], "middle03_L": [0.9917836785316467, -0.12792611122131348, -8.451340960391462e-09, -5.634228195106061e-09], "calf_twist_R": [1.0, 0.0, 0.0, 0.0], "pinky02_L": [0.9212849140167236, -0.38888826966285706, -1.8417248170976563e-08, -1.1625294504824524e-08], "neck": [0.9988994002342224, -0.0010943637462332845, 0.0025085709057748318, 0.04682786017656326], "lowerarm_twist_R": [1.0, 0.0, 0.0, 0.0], "thumb03_R": [1.0, 0.0, 0.0, -0.0], "thigh_twist_L": [1.0, 0.0, 0.0, 0.0], "calf_L": [1.0, 0.0, 0.0, 0.0], "root": [1.0, 0.0, 0.0, 0.0], "thumb03_L": [1.0, 0.0, -0.0, 0.0], "thigh_R": [0.9756560325622559, 0.218960240483284, 0.003926701378077269, 0.011679249815642834], "ring00_L": [1.0, 0.0, -0.0, 0.0], "upperarm_twist_L": [1.0, 0.0, 0.0, 0.0], "breast_R": [1.0, 0.0, 0.0, 0.0]}