{"index03_R": [0.9995536208152771, -0.029501698911190033, 0.0004319582658354193, -0.0046944343484938145], "ring03_L": [0.9732308983802795, -0.22982098162174225, -0.0018276667688041925, 0.0007638797396793962], "pinky03_R": [0.9999251365661621, -0.012113419361412525, -0.0008218497969210148, -0.001535496092401445], "lowerarm_R": [0.8689573407173157, 0.4798082411289215, -0.0246767345815897, -0.11869495362043381], "index00_L": [1.0, -2.793969944292485e-09, -1.8626464814985866e-09, 5.2154096152889906e-08], "spine03": [0.977332353591919, -0.13428997993469238, -0.13837791979312897, 0.08740299195051193], "thumb01_L": [0.9999759793281555, -0.006303349044173956, 0.0027969207148998976, -0.0006801918498240411], "foot_R": [0.9959465861320496, 0.01630864292383194, -0.08844894170761108, 0.001163342734798789], "index00_R": [1.0, -3.725291186640334e-09, -3.725292518907963e-09, -4.470350489782504e-08], "lowerarm_twist_R": [0.9999915957450867, 0.0015694866888225079, 4.279254426364787e-05, -0.0037944649811834097], "index01_L": [0.9880741834640503, -0.15391603112220764, 0.001237429678440094, -0.00420391745865345], "index02_R": [0.9953263401985168, -0.09656281769275665, -0.00022075307788327336, 0.001046048360876739], "thigh_L": [0.9527008533477783, 0.21583203971385956, 0.20939382910728455, 0.043953169137239456], "upperarm_R": [0.8764953017234802, -0.2851742208003998, -0.12687379121780396, 0.36651715636253357], "pinky03_L": [0.9772489666938782, -0.21209202706813812, 0.0010349901858717203, 0.0005627851351164281], "index02_L": [0.992396891117096, -0.12307471036911011, 0.00029324114439077675, -0.0010988456197082996], "middle02_R": [0.9950258135795593, -0.09960682690143585, 0.00012714604963548481, 0.0014993574004620314], "spine01": [0.9995891451835632, -0.028662947937846184, -2.4616256268927827e-06, 3.396579995751381e-05], "ring00_R": [1.0, -3.7252894102834944e-09, 3.725287633926655e-09, 1.4901157641133977e-08], "head": [0.9966403245925903, 0.03145766258239746, 0.07523132860660553, -0.007676182314753532], "hand_L": [0.9989355802536011, 0.04602731764316559, 0.0004336945421528071, -0.00301046809181571], "ring00_L": [1.0, -1.862645593320167e-09, -6.752090442319059e-09, -3.725291186640334e-09], "breast_R": [0.9997886419296265, 0.016299063339829445, 0.011153874918818474, 0.005709153134375811], "hand_R": [0.9894010424613953, 0.14517603814601898, -0.00018758147780317813, 0.003065891796723008], "pinky00_L": [1.0, 7.450582373280668e-09, 7.916248989658925e-09, -7.450589478708025e-09], "ring02_R": [0.9999959468841553, 0.0012317411601543427, 0.00045856263022869825, 0.002523639239370823], "clavicle_R": [1.0, -1.8626469255877964e-09, 5.215408549474887e-08, 2.235175422526936e-08], "calf_R": [0.9999692440032959, -0.0006839748821221292, 0.0009843463776633143, -0.007753095589578152], "thumb01_R": [0.9957810044288635, -0.006359252147376537, -0.003711376339197159, -0.0914664939045906], "pinky01_L": [0.9987702369689941, -0.049526043236255646, 0.0004979704972356558, 0.002260900568217039], "upperarm_twist_R": [0.999658465385437, -0.019061310216784477, -0.0018998960731551051, 0.017775194719433784], "middle03_L": [0.9965811371803284, -0.08256637305021286, -3.474648474366404e-05, 0.002985939849168062], "root": [1.0, 0.0, -5.684335787443581e-14, -7.1054197343044766e-15], "ring03_R": [0.9999887943267822, -0.004403103608638048, -0.00019938641344197094, -0.001769243273884058], "thumb02_R": [0.9995229840278625, -0.02800755575299263, 0.0031790300272405148, 0.012623706832528114], "calf_L": [0.8674041032791138, -0.4969504475593567, 0.01428650226444006, 0.021126702427864075], "middle02_L": [0.9522897601127625, -0.3051930367946625, 0.00018397418898530304, -0.0011923774145543575], "index01_R": [0.9922295212745667, -0.1243441179394722, -0.0011119823902845383, 0.004226834513247013], "calf_twist_R": [1.0, 0.0, 0.0, -1.862645149230957e-09], "ring01_R": [0.9976329207420349, 7.458380878233584e-06, -0.0007467386312782764, -0.0687621459364891], "breast_L": [0.99974524974823, 0.019762329757213593, 0.0005208058864809573, 0.010891955345869064], "lowerarm_twist_L": [0.9999915957450867, 0.0015691876178607345, -4.231298953527585e-05, 0.0037948174867779016], "spine02": [0.9986216425895691, 1.673594240969578e-08, -0.004036701750010252, 0.052330974489450455], "thumb03_R": [0.9987088441848755, 0.047859642654657364, 0.0007413551211357117, -0.017021263018250465], "middle00_R": [1.0, -2.9802318834981634e-08, 0.0, -2.2351738238057806e-08], "neck": [0.9980199337005615, -0.007933334447443485, -0.0007556724012829363, -0.06239204481244087], "pinky01_R": [0.9870712757110596, -0.0007358974544331431, -0.00046288015437312424, -0.16027985513210297], "middle03_R": [0.9994767308235168, -0.03218584880232811, -0.00036854634527117014, -0.0032029098365455866], "toes_R": [0.9999999403953552, -0.00018346289289183915, 0.0003209191781934351, -0.00021988718071952462], "thumb03_L": [0.9987087845802307, 0.0478576123714447, -0.0007362373871728778, 0.01703033223748207], "middle01_L": [0.993220865726471, -0.11623179167509079, 0.0011275761062279344, -0.0012018721317872405], "middle00_L": [1.0, 1.1175886882597297e-08, 1.7695148457619325e-08, 2.23517560016262e-08], "pinky00_R": [1.0, -1.1175861125423125e-08, 1.1175870007207322e-08, 0.0], "clavicle_L": [1.0, -1.3969849277373214e-08, 4.4703526214107114e-08, -5.587942109031019e-09], "thigh_R": [0.9807481169700623, -0.06515365093946457, 0.0041818744502961636, 0.1840401291847229], "index03_L": [0.9999876618385315, 0.0011678243754431605, -0.0002767783880699426, 0.004822348244488239], "upperarm_twist_L": [0.9996585249900818, -0.01906183920800686, 0.0018974938429892063, -0.01777457259595394], "ring01_L": [0.9982452988624573, -0.05920669436454773, 0.0009470024378970265, 9.711476013762876e-05], "ring02_L": [0.9386413097381592, -0.3448832035064697, 0.0005815279437229037, -0.002797443186864257], "upperarm_L": [0.851377546787262, -0.14110372960567474, 0.025121066719293594, -0.5045938491821289], "middle01_R": [0.9995079040527344, -0.03132820874452591, -0.0009552044793963432, 0.0012816601665690541], "thigh_twist_R": [0.999936580657959, -0.0006533812265843153, -0.0007432977436110377, 0.011220012791454792], "pelvis": [0.991299033164978, 0.03939748927950859, 0.029685113579034805, -0.12203634530305862], "pinky02_R": [0.9999891519546509, 0.004647252149879932, 5.506717207026668e-05, -0.0003347914316691458], "toes_L": [0.9870021939277649, 0.16070635616779327, -0.0004650140181183815, -0.00018809015455190092], "foot_L": [0.9781362414360046, -0.15290921926498413, -0.08267119526863098, 0.11416632682085037], "calf_twist_L": [1.0, -2.2351748896198842e-08, 0.0, -7.450585037815927e-09], "lowerarm_L": [0.9955833554267883, 0.0915757268667221, -0.004443079698830843, -0.02019660361111164], "pinky02_L": [0.9484090805053711, -0.317047655582428, -0.0009958200389519334, 0.00021844854927621782], "thumb02_L": [0.9576019048690796, -0.28779441118240356, 0.00030361974495463073, -0.013146604411303997], "thigh_twist_L": [0.977578341960907, -0.00299886055290699, -0.2102726548910141, -0.01082305796444416]}
