{
  "index03_R": [
    0.9999790191650391,
    -0.003746880916878581,
    0.001044934382662177,
    -0.005182634107768536
  ],
  "ring03_L": [
    0.9851465225219727,
    -0.1717035472393036,
    -0.0019735207315534353,
    0.0005725035443902016
  ],
  "pinky03_R": [
    0.9792649149894714,
    -0.20257458090782166,
    -0.0019342510495334864,
    -0.00018609179824125022
  ],
  "lowerarm_R": [
    0.9981245398521423,
    0.01782950386404991,
    -0.02449386566877365,
    -0.053193919360637665
  ],
  "index00_L": [
    1.0,
    3.725294295264803e-9,
    -9.313232407492933e-10,
    -3.725292962997173e-9
  ],
  "spine03": [
    0.9998446106910706,
    -0.017634572461247444,
    2.3550802421504896e-14,
    4.222943772447252e-9
  ],
  "thumb01_L": [
    0.994975209236145,
    -0.00546653987839818,
    0.09996938705444336,
    -0.0007665904704481363
  ],
  "foot_R": [
    0.9934951066970825,
    0.003583974204957485,
    0.0057843937538564205,
    -0.1136716902256012
  ],
  "index00_R": [1.0, 0.0, -4.190955138483332e-9, -9.313225746154785e-9],
  "lowerarm_twist_R": [
    0.9999916553497314,
    0.001569837681017816,
    4.2406896682223305e-5,
    -0.0037944961804896593
  ],
  "index01_L": [
    0.9972984790802002,
    -0.07332604378461838,
    0.0008856392232701182,
    -0.004275498911738396
  ],
  "index02_R": [
    0.9708718657493591,
    -0.23959778249263763,
    -0.0006988413515500724,
    0.0006437586853280663
  ],
  "thigh_L": [
    0.9970651865005493,
    -0.008664683438837528,
    -0.002882047090679407,
    -0.07601050287485123
  ],
  "upperarm_R": [
    0.9046865701675415,
    -0.0034000338055193424,
    0.019436735659837723,
    0.4256206154823303
  ],
  "pinky03_L": [
    0.9775572419166565,
    -0.21066753566265106,
    0.000961455050855875,
    0.0003728035371750593
  ],
  "index02_L": [
    0.9708284139633179,
    -0.23977266252040863,
    0.0007462953217327595,
    -0.0009055545087903738
  ],
  "middle02_R": [
    0.9771745800971985,
    -0.21243135631084442,
    -4.5565346226794645e-5,
    0.0016601512907072902
  ],
  "spine01": [
    0.9995771050453186,
    0.02907969430088997,
    -4.958985755365575e-7,
    3.4080163459293544e-5
  ],
  "ring00_R": [1.0, 0.0, 1.3969845280570325e-9, -3.725290076417309e-9],
  "head": [
    0.9976089596748352,
    -0.06911149621009827,
    -1.2564459834964875e-13,
    3.317377306188973e-8
  ],
  "hand_L": [
    0.9990451335906982,
    0.04358415678143501,
    0.0004526908160187304,
    -0.0030135982669889927
  ],
  "ring00_L": [1.0, 3.725291186640334e-9, 3.143213911371845e-9, 0.0],
  "breast_R": [
    0.9997791051864624,
    0.020074332132935524,
    0.005729678086936474,
    -0.0024559739977121353
  ],
  "hand_R": [
    0.9990447759628296,
    0.043591514229774475,
    -0.00046371808275580406,
    0.0030199559405446053
  ],
  "pinky00_L": [
    1.0,
    1.4901161193847656e-8,
    8.381912053323504e-9,
    1.887379141862766e-15
  ],
  "ring02_R": [
    0.9774589538574219,
    -0.21111074090003967,
    -0.0001220121412188746,
    0.0025202403776347637
  ],
  "clavicle_R": [
    0.9986787438392639,
    -0.04767245799303055,
    -0.0009148305980488658,
    0.01916462555527687
  ],
  "calf_R": [
    0.9987826943397522,
    -0.00031394738471135497,
    0.04870951548218727,
    -0.0077765281312167645
  ],
  "thumb01_R": [
    0.9949737787246704,
    -0.0055315070785582066,
    -0.09998156130313873,
    0.0005952916108071804
  ],
  "pinky01_L": [
    0.9790440201759338,
    -0.20363472402095795,
    0.0003333949716761708,
    0.0023973234929144382
  ],
  "upperarm_twist_R": [
    0.9944796562194824,
    -0.02081369422376156,
    0.10163911432027817,
    0.01570292003452778
  ],
  "middle03_L": [
    0.9958848357200623,
    -0.09057814627885818,
    -0.00011279554746579379,
    0.0029788725078105927
  ],
  "root": [1.0, 0.0, -5.684335787443581e-14, -7.1054197343044766e-15],
  "ring03_R": [
    0.9871833920478821,
    -0.15957988798618317,
    0.0009055922273546457,
    -0.0015285713598132133
  ],
  "thumb02_R": [
    0.9662437438964844,
    -0.2572813332080841,
    0.0006109339883551002,
    0.013384723104536533
  ],
  "calf_L": [
    0.9987826943397522,
    -0.000312622549245134,
    -0.048709262162446976,
    0.007777950260788202
  ],
  "middle02_L": [
    0.9771386384963989,
    -0.21259930729866028,
    9.433263767277822e-5,
    -0.0012593247229233384
  ],
  "index01_R": [
    0.9972997903823853,
    -0.07330893725156784,
    -0.0008979071280919015,
    0.004263981245458126
  ],
  "calf_twist_R": [
    1.0,
    9.313224635931761e-10,
    -3.346940502524376e-10,
    4.6566123179658803e-10
  ],
  "ring01_R": [
    0.9821880459785461,
    -0.18789653480052948,
    -0.0012278036447241902,
    -0.0003271566820330918
  ],
  "breast_L": [
    0.9997790455818176,
    0.02007451467216015,
    -0.005730102304369211,
    0.002456888323649764
  ],
  "lowerarm_twist_L": [
    0.9999916553497314,
    0.001569406478665769,
    -4.2326562834205106e-5,
    0.0037948722019791603
  ],
  "spine02": [
    1.0,
    -1.1641547725815826e-9,
    -7.935323134266453e-14,
    -3.552716219899343e-15
  ],
  "thumb03_R": [
    0.9987096786499023,
    0.04784221574664116,
    0.0007575595518574119,
    -0.017015106976032257
  ],
  "middle00_R": [1.0, 0.0, -1.8626443720748398e-9, -4.6566128730773926e-9],
  "neck": [
    0.9852248430252075,
    -0.17126590013504028,
    4.002033335837041e-7,
    -1.5339529113589379e-7
  ],
  "pinky01_R": [
    0.979085385799408,
    -0.2034343034029007,
    -0.00040848259232006967,
    -0.002473145956173539
  ],
  "middle03_R": [
    0.9963153004646301,
    -0.08568830043077469,
    6.821482384111732e-5,
    -0.0036821833346039057
  ],
  "toes_R": [
    0.9999999403953552,
    -0.00020614587992895395,
    0.0003226659609936178,
    -0.00021942552120890468
  ],
  "thumb03_L": [
    0.9987092614173889,
    0.04784869775176048,
    -0.000748970138374716,
    0.01702309027314186
  ],
  "middle01_L": [
    0.9881967306137085,
    -0.15318022668361664,
    0.0013159180525690317,
    -0.0011251125251874328
  ],
  "middle00_L": [
    1.0,
    7.45060368956274e-9,
    7.450593031421704e-9,
    -7.450586814172766e-9
  ],
  "pinky00_R": [
    1.0,
    -7.450577044210149e-9,
    -3.958119609848154e-9,
    1.6298138394432726e-9
  ],
  "clavicle_L": [
    0.9986788034439087,
    -0.04767247661948204,
    0.0009148450335487723,
    -0.019164571538567543
  ],
  "thigh_R": [
    0.9970651865005493,
    -0.008667453192174435,
    0.0028684900607913733,
    0.0760112777352333
  ],
  "index03_L": [
    0.9999532103538513,
    -0.008199704810976982,
    -0.00048774463357403874,
    0.005120561458170414
  ],
  "upperarm_twist_L": [
    0.9996585845947266,
    -0.01906181499361992,
    0.0018965842900797725,
    -0.017774928361177444
  ],
  "ring01_L": [
    0.982186496257782,
    -0.1879049837589264,
    0.001135782222263515,
    0.000311812647851184
  ],
  "ring02_L": [
    0.9773027896881104,
    -0.21182900667190552,
    0.00017592946824152023,
    -0.0027751377783715725
  ],
  "upperarm_L": [
    0.9026603102684021,
    0.0066400328651070595,
    -0.027378220111131668,
    -0.42943087220191956
  ],
  "middle01_R": [
    0.9881985783576965,
    -0.15316858887672424,
    -0.0013490325072780252,
    0.0010805497877299786
  ],
  "thigh_twist_R": [
    0.999936580657959,
    -0.0006523581105284393,
    -0.0007436941959895194,
    0.011220325715839863
  ],
  "pelvis": [
    1.0,
    8.249552593042608e-6,
    -4.0155528902019455e-10,
    5.198691255259291e-9
  ],
  "pinky02_R": [
    0.9669556021690369,
    -0.25494185090065,
    0.0011412739986553788,
    -0.0005298086907714605
  ],
  "toes_L": [
    0.9999998807907104,
    0.0002628714719321579,
    -0.00032427345286123455,
    -0.0002084737498080358
  ],
  "foot_L": [
    0.998324453830719,
    -0.0001997342042159289,
    0.031677164137363434,
    0.048423703759908676
  ],
  "calf_twist_L": [1.0, 0.0, -9.022191882479547e-10, -4.656615648634954e-10],