{"lowerarm_R": [0.9955798387527466, 0.09392005950212479, 1.8709154225859947e-09, 7.483661690343979e-09], "clavicle_L": [0.9993968605995178, -0.014057465828955173, 0.0015186540549620986, -0.03172231465578079], "head": [0.9989566206932068, 9.322954630519575e-10, 0.04566984996199608, -1.981127706329744e-09], "upperarm_R": [0.9654444456100464, 0.0019339335849508643, 0.0007821149192750454, 0.26060107350349426], "ring02_R": [0.9773623943328857, -0.2115720510482788, -1.476985289627919e-08, 5.717363915636042e-09], "hand_R": [0.9992095828056335, 0.03975149989128113, -6.990443779386624e-09, -1.8641181931400297e-09], "upperarm_twist_R": [1.0, 0.0, 0.0, 0.0], "toes_L": [1.0, 0.0, 0.0, 0.0], "thumb02_R": [0.9731638431549072, -0.23011325299739838, -3.0624160984871196e-08, 7.65603935803938e-09], "thigh_L": [0.9957361221313477, 0.06896810233592987, 0.0020595199894160032, -0.06123141571879387], "pinky00_R": [1.0, 0.0, 0.0, -0.0], "ring01_L": [0.9821997880935669, -0.18783943355083466, 5.333629538029072e-09, -1.8964023684731046e-09], "clavicle_R": [0.9977694153785706, -0.05522727593779564, 0.01887194626033306, 0.03240365535020828], "toes_R": [1.0, 0.0, 0.0, -0.0], "ring00_R": [1.0, 0.0, 0.0, -0.0], "upperarm_L": [0.9457865357398987, 0.08813963830471039, 0.12094011157751083, -0.28825855255126953], "middle03_R": [0.9964094758033752, -0.08466493338346481, -1.1216144457648625e-08, -1.8693574688199988e-08], "foot_R": [0.9913574457168579, 0.04250330477952957, -0.058645881712436676, -0.10938374698162079], "ring01_R": [0.9957230091094971, -0.09044771641492844, -0.013317745178937912, 0.013328290544450283], "pinky02_R": [0.9659553170204163, -0.2587089240550995, -3.736067899495765e-09, 8.195243594855128e-09], "thigh_twist_R": [1.0, 0.0, 0.0, 0.0], "ring03_L": [0.9882633090019226, -0.15276068449020386, -2.827150291651037e-09, -1.5078132520329746e-08], "index01_L": [0.997349739074707, -0.0727575346827507, -1.0441880249345559e-08, 1.1520709719547995e-08], "ring02_L": [0.9773623943328857, -0.21157206594944, 1.476985378445761e-08, -5.717363915636042e-09], "pelvis": [1.0, 0.0, 0.0, 0.0], "index03_R": [1.0, 0.0, 0.0, -0.0], "index00_R": [1.0, 0.0, 0.0, -0.0], "spine02": [0.9998888373374939, 1.8633070641982385e-09, -0.0007104859105311334, 0.014894680120050907], "middle01_L": [0.9880856871604919, -0.15390463173389435, 1.3519738217837585e-08, -1.508084146450983e-08], "index02_L": [0.9710298776626587, -0.23895864188671112, 9.774637987902679e-09, -5.910111955387265e-09], "lowerarm_twist_L": [1.0, 0.0, 0.0, 0.0], "ring03_R": [0.9882631897926331, -0.15276066958904266, 2.8271498475618273e-09, 1.5078130743972906e-08], "middle02_L": [0.9776121973991394, -0.2104147970676422, 6.906714755672283e-09, -7.621201447705062e-09], "spine03": [0.9998431205749512, -0.017634548246860504, -0.00021878104598727077, 0.001719543244689703], "middle01_R": [0.999530553817749, 0.0002609713119454682, -0.023942487314343452, 0.019116323441267014], "middle00_L": [1.0, 0.0, 0.0, 0.0], "index03_L": [1.0, 0.0, 0.0, 0.0], "thumb02_L": [0.973163902759552, -0.23011323809623718, 3.062415743215752e-08, -7.656041134396219e-09], "index02_R": [0.9877259731292725, -0.1556805521249771, -0.012268546037375927, -0.003234544536098838], "pinky03_R": [0.9817311763763428, -0.1902732253074646, -1.4229800671117232e-09, -1.4229797340448158e-09], "pinky00_L": [1.0, 0.0, 0.0, 0.0], "pinky01_L": [0.9792596101760864, -0.20260952413082123, -3.566447137615114e-10, -6.895096049674976e-09], "breast_L": [1.0, 0.0, 0.0, 0.0], "hand_L": [0.9970593452453613, -0.07663429528474808, 1.0311060449907927e-08, -1.4100905332270486e-08], "pinky03_L": [0.9817311763763428, -0.1902732402086258, 1.4229800671117232e-09, 1.4229797340448158e-09], "index01_R": [0.9998717904090881, 0.0026648195926100016, -0.014171370305120945, 0.006971890572458506], "thumb01_L": [0.995262622833252, 1.1229067453655261e-08, 0.09722289443016052, -1.497208934608807e-08], "index00_L": [1.0, 0.0, 0.0, 0.0], "calf_R": [0.9988603591918945, -1.2893139889058602e-09, 0.04772808030247688, -2.7971553961947393e-09], "calf_twist_L": [1.0, 0.0, 0.0, 0.0], "spine01": [1.0, 0.0, 0.0, 0.0], "thumb01_R": [0.995262622833252, 1.1229067453655261e-08, -0.09722289443016052, 1.497208934608807e-08], "middle00_R": [1.0, 0.0, 0.0, -0.0], "pinky01_R": [0.9792596101760864, -0.20260952413082123, 3.566447137615114e-10, 6.895096493764186e-09], "lowerarm_L": [0.9985982179641724, 0.05293075740337372, -1.0237173775351494e-08, -2.6275897013761096e-09], "middle02_R": [0.9776121973991394, -0.2104147970676422, -6.906714755672283e-09, 7.621201447705062e-09], "foot_L": [0.9962483048439026, -0.0018821607809513807, 0.07088521122932434, 0.04960988089442253], "middle03_L": [0.9964094758033752, -0.08466493338346481, 1.1216143569470205e-08, 1.8693574688199988e-08], "calf_twist_R": [1.0, 0.0, 0.0, 0.0], "pinky02_L": [0.9659554362297058, -0.2587089538574219, 3.736068343584975e-09, -8.195245371211968e-09], "neck": [0.9986749291419983, 3.730233011367545e-09, 0.05146287754178047, -3.846802876239508e-09], "lowerarm_twist_R": [1.0, 0.0, 0.0, 0.0], "thumb03_R": [1.0, 0.0, 0.0, -0.0], "thigh_twist_L": [1.0, 0.0, 0.0, 0.0], "calf_L": [0.9966576099395752, -0.06854934245347977, -0.04399348795413971, 0.006264339201152325], "root": [0.993627667427063, -0.000596673577092588, -0.0248408280313015, -0.10993920266628265], "thumb03_L": [1.0, 0.0, 0.0, 0.0], "thigh_R": [0.993050217628479, -0.046028442680835724, 0.0025086512323468924, 0.10829003155231476], "ring00_L": [1.0, 0.0, 0.0, 0.0], "upperarm_twist_L": [1.0, 0.0, 0.0, 0.0], "breast_R": [1.0, 0.0, 0.0, 0.0]}