{"lowerarm_L": [1.0, 0.0, 0.0, 0.0], "neck": [0.9983493089675903, 0.04857906326651573, -0.030436541885137558, 0.003540311474353075], "index02_L": [0.978527307510376, -0.20611724257469177, 5.71055736031667e-09, 1.5228152960844454e-08], "ring01_R": [0.9937191605567932, -0.10844982415437698, -0.0029931922908872366, -0.027426447719335556], "toes_L": [1.0, 0.0, 0.0, 0.0], "middle00_R": [1.0, 0.0, 0.0, 0.0], "index01_L": [0.9949357509613037, -0.10051320493221283, 9.36063138112786e-09, 1.4977008078176368e-08], "hand_R": [0.9993008375167847, 0.03738866001367569, 1.957145734365895e-08, 0.0], "pinky02_L": [0.9861067533493042, -0.1661134958267212, -2.07777741678683e-08, 3.777776758084883e-09], "upperarm_L": [0.8892677426338196, -0.12539543211460114, 0.047219596803188324, -0.4373208284378052], "hand_L": [0.980980634689331, 0.050481587648391724, -0.18593136966228485, -0.023633170872926712], "lowerarm_R": [0.9999702572822571, -0.007715895771980286, 6.3537362038346146e-09, 4.9989477446388264e-08], "thumb02_R": [0.9763307571411133, -0.21029061079025269, -0.012874010019004345, -0.048895467072725296], "middle03_R": [0.9780701398849487, -0.20827613770961761, -2.3744273214276745e-09, -1.8019923331280552e-08], "ring01_L": [0.9819551110267639, -0.18911464512348175, -1.677548588929767e-08, 1.1381245279551422e-08], "index03_R": [0.9888949990272522, -0.1486160010099411, 5.650686141223105e-09, -7.53424700405958e-09], "root": [0.9545188546180725, -5.639538471768901e-07, -0.04504294693470001, -0.2947288751602173], "index00_L": [1.0, 0.0, 0.0, 0.0], "ring02_R": [0.994236946105957, -0.10720575600862503, 9.367211450950208e-10, -3.746884580380083e-09], "middle03_L": [0.9924752116203308, -0.12244569510221481, -3.753535260386798e-09, 1.68909046749377e-08], "ring00_R": [1.0, 0.0, 0.0, 0.0], "middle02_L": [0.9902257919311523, -0.13947388529777527, 5.6430926598238784e-09, 2.2572368862938674e-08], "calf_R": [0.9920011162757874, -0.07181669026613235, 0.10328010469675064, -0.010462483391165733], "spine02": [0.9943364262580872, -0.06079379841685295, -0.086659274995327, -0.00945962592959404], "pinky03_L": [0.995341420173645, -0.09641292691230774, 0.0, -2.339203719614602e-09], "thumb01_L": [0.997040331363678, -0.07688066363334656, 9.340872075824791e-09, 0.0], "ring03_L": [0.9931532144546509, -0.11681912839412689, -3.750972865645963e-09, -3.985408447704231e-09], "ring02_L": [0.9824933409690857, -0.1862977147102356, -1.516668213241701e-08, 1.1375009378866707e-08], "thigh_R": [0.9952134490013123, 0.06877270340919495, 0.007336238864809275, 0.06904386729001999], "calf_L": [0.9951639175415039, -1.114382985889506e-08, -0.09822937846183777, 1.656173154174212e-08], "pinky00_R": [1.0, 0.0, 0.0, 0.0], "spine01": [1.0, 0.0, 0.0, 0.0], "thumb03_R": [1.0, 0.0, 0.0, 0.0], "pinky01_L": [0.9805358648300171, -0.19634012877941132, -1.7571485599887637e-08, 1.5196954805674068e-08], "pinky00_L": [1.0, 0.0, 0.0, 0.0], "middle00_L": [1.0, 0.0, 0.0, 0.0], "middle01_L": [0.9904623031616211, -0.13778410851955414, 7.522325873310365e-09, 1.1283487921787128e-08], "index03_L": [0.9972710609436035, -0.07382752746343613, 0.0, 5.6032263273664284e-09], "foot_L": [0.9928200840950012, 0.08024299144744873, 0.06681182235479355, 0.05836398899555206], "pelvis": [1.0, 0.0, 0.0, 0.0], "index01_R": [0.9990203380584717, -0.044253237545490265, -1.1186830128906422e-08, 0.0], "thigh_L": [0.9866352677345276, -0.09335630387067795, -0.12088605016469955, -0.05676395073533058], "pinky01_R": [0.9961298108100891, -0.08002876490354538, -0.0029104058630764484, -0.03622635081410408], "spine03": [0.9993361830711365, 0.029038220643997192, -0.021558506414294243, -0.00441492535173893], "head": [0.9995299577713013, 1.8617012376154207e-09, -0.030612919479608536, 0.001689515309408307], "toes_R": [1.0, 0.0, 0.0, 0.0], "thumb02_L": [0.9631702899932861, -0.2271268665790558, 0.03303486853837967, 0.14008986949920654], "index02_R": [0.965813934803009, -0.25923651456832886, -2.2715688885455165e-08, -1.1219097650894128e-08], "breast_R": [1.0, 0.0, 0.0, 0.0], "thumb03_L": [1.0, 0.0, 0.0, 0.0], "pinky03_R": [1.0, 0.0, 0.0, 0.0], "foot_R": [0.9955951571464539, 0.0056831119582057, -0.023144841194152832, -0.09067754447460175], "middle01_R": [0.9995779395103455, -0.029051655903458595, 0.0, -7.453726524886406e-09], "ring03_R": [0.9989245533943176, -0.04636571183800697, -1.864650878147245e-09, -3.72930086811607e-09], "middle02_R": [0.9764814376831055, -0.21560156345367432, -8.885297830829586e-09, -2.8855570377572803e-08], "ring00_L": [1.0, 0.0, 0.0, 0.0], "breast_L": [1.0, 0.0, 0.0, 0.0], "thumb01_R": [0.9890682697296143, -0.07355821132659912, -0.0297352597117424, -0.12429426610469818], "pinky02_R": [0.9962863922119141, -0.08610127121210098, 4.673970988022802e-09, 1.1217529127804937e-08], "clavicle_R": [1.0, 0.0, 0.0, 0.0], "clavicle_L": [1.0, 0.0, 0.0, 0.0], "index00_R": [1.0, 0.0, 0.0, 0.0], "upperarm_R": [0.9078161120414734, -2.6878774761485147e-08, -3.886328059365951e-08, 0.4193684756755829]}