{"lowerarm_R": [0.9918512105941772, 0.1274021863937378, 1.0156631979896247e-08, -1.2954856742908305e-08], "clavicle_L": [0.9979588389396667, 0.0638607069849968, -5.1327511130239145e-09, 7.465819074070623e-09], "head": [0.9982599020004272, 0.05087868124246597, 0.029098646715283394, 0.0064915260300040245], "upperarm_R": [0.868527889251709, -0.09135514497756958, -0.05647404119372368, 0.4838637113571167], "ring02_R": [0.9597586393356323, -0.2808265686035156, 2.086713379867433e-08, 7.419573844202887e-09], "hand_R": [0.9962950944900513, 0.08353055268526077, 0.02029096521437168, 0.002631302922964096], "upperarm_twist_R": [1.0, 0.0, 0.0, 0.0], "toes_L": [0.9631736874580383, 0.26888012886047363, -1.3395039388797159e-07, -1.3843153112702566e-07], "thumb02_R": [0.9777243733406067, -0.20989306271076202, -7.620324815604818e-09, -6.096262694654797e-08], "thigh_L": [0.9751586318016052, -0.0006857599364593625, 1.6966761904768646e-05, -0.22150635719299316], "pinky00_R": [1.0, 0.0, 0.0, -0.0], "ring01_L": [0.9801183938980103, -0.19841346144676208, -5.2327395749784955e-09, -3.2589347886968767e-10], "clavicle_R": [0.9903542995452881, -0.1340947300195694, 0.00490436889231205, 0.03453962132334709], "toes_R": [1.0, 0.0, 0.0, 0.0], "ring00_R": [1.0, 0.0, 0.0, -0.0], "upperarm_L": [0.9003301858901978, -0.11795230209827423, 0.07626114785671234, -0.4119196832180023], "middle03_R": [0.9917837381362915, -0.12792609632015228, 8.451341848569882e-09, 5.6342277510168515e-09], "foot_R": [0.9946717619895935, 0.01255154050886631, -0.008655731566250324, -0.10195990651845932], "ring01_R": [0.9801183938980103, -0.19841346144676208, 5.2327395749784955e-09, 3.258935066252633e-10], "pinky02_R": [0.9212849140167236, -0.38888826966285706, 1.8417248170976563e-08, 1.1625295393002943e-08], "thigh_twist_R": [1.0, 0.0, 0.0, 0.0], "ring03_L": [0.9145036935806274, -0.40457749366760254, -1.9444904353349557e-08, -2.153142020233645e-08], "index01_L": [0.9962291717529297, -0.08676079660654068, -7.230462895080336e-09, -4.323671198847023e-09], "ring02_L": [0.9597585201263428, -0.28082653880119324, -2.0867130245960652e-08, -7.419572511935257e-09], "pelvis": [0.9925172328948975, -2.2118911147117615e-08, -0.06068415939807892, 0.10595797002315521], "index03_R": [0.9997240304946899, -0.023492150008678436, -1.8631594045359634e-09, -6.938893903907228e-18], "index00_R": [1.0, 0.0, 0.0, -0.0], "spine02": [0.9956877827644348, 0.07686971873044968, 0.032236792147159576, -0.040716249495744705], "middle01_L": [0.9962865710258484, -0.08609937131404877, -6.309860189901428e-09, 4.673970099844382e-09], "index02_L": [0.9950827956199646, -0.09904654324054718, -7.721379091663039e-09, -6.08351147235453e-09], "lowerarm_twist_L": [1.0, 0.0, 0.0, 0.0], "ring03_R": [0.9145037531852722, -0.40457746386528015, 1.9444904353349557e-08, 2.153141842597961e-08], "middle02_L": [0.978938639163971, -0.20415471494197845, -1.3092058104291482e-08, -2.8208042568422798e-09], "spine03": [0.9890304207801819, -0.06931699812412262, 0.11215133965015411, -0.06660562008619308], "middle01_R": [0.9962866306304932, -0.08609937131404877, 6.309859301723009e-09, -4.6739696557551724e-09], "middle00_L": [1.0, 0.0, -0.0, 0.0], "index03_L": [0.9997240304946899, -0.023492150008678436, 1.8631594045359634e-09, 6.938893903907228e-18], "thumb02_L": [0.9777243733406067, -0.20989307761192322, 7.620323927426398e-09, 6.096263405197533e-08], "index02_R": [0.9950827956199646, -0.09904653578996658, 7.721379091663039e-09, 6.08351147235453e-09], "pinky03_R": [0.8901737332344055, -0.45562121272087097, 5.23112797523595e-09, 1.9355171687607253e-08], "pinky00_L": [1.0, 0.0, -0.0, 0.0], "pinky01_L": [0.9618555307388306, -0.2735578119754791, -1.113494363380596e-08, 3.873024123635105e-09], "breast_L": [0.9989128708839417, 0.044300321489572525, 0.007787715177983046, 0.012239107862114906], "hand_L": [0.9799649715423584, 0.16321609914302826, -0.11414290964603424, 0.0007915394380688667], "pinky03_L": [0.8901737332344055, -0.45562124252319336, -5.23112753114674e-09, -1.9355169911250414e-08], "index01_R": [0.9962291717529297, -0.08676079660654068, 7.230462895080336e-09, 4.323671198847023e-09], "thumb01_L": [1.0, 0.0, -0.0, 0.0], "index00_L": [1.0, 0.0, -0.0, 0.0], "calf_R": [0.996835470199585, 1.1561709811758192e-08, 0.07949361205101013, 3.363404843526041e-08], "calf_twist_L": [1.0, 0.0, 0.0, 0.0], "spine01": [0.9962355494499207, -0.060177870094776154, -0.018597204238176346, -0.05956415459513664], "thumb01_R": [1.0, 0.0, 0.0, -0.0], "middle00_R": [1.0, 0.0, 0.0, -0.0], "pinky01_R": [0.9618555903434753, -0.2735578119754791, 1.113494452198438e-08, -3.873024567724315e-09], "lowerarm_L": [0.998155415058136, -0.007878926582634449, -0.06016141548752785, -0.0020910482853651047], "middle02_R": [0.978938639163971, -0.20415471494197845, 1.3092058104291482e-08, 2.8208042568422798e-09], "foot_L": [0.9808149337768555, -0.18011890351772308, 0.015041177161037922, 0.07303094118833542], "middle03_L": [0.9917836785316467, -0.12792611122131348, -8.451340960391462e-09, -5.634228195106061e-09], "calf_twist_R": [1.0, 0.0, 0.0, 0.0], "pinky02_L": [0.9212849140167236, -0.38888826966285706, -1.8417248170976563e-08, -1.1625294504824524e-08], "neck": [0.9888030886650085, -0.00760937575250864, 0.14168591797351837, 0.046218421310186386], "lowerarm_twist_R": [1.0, 0.0, 0.0, 0.0], "thumb03_R": [1.0, 0.0, 0.0, -0.0], "thigh_twist_L": [1.0, 0.0, 0.0, 0.0], "calf_L": [0.9985654354095459, -0.05354543775320053, 1.224118806320007e-09, -1.6228291599418299e-07], "root": [0.9689563512802124, 1.2237578630447388e-06, 0.05813571438193321, 0.24029949307441711], "thumb03_L": [1.0, 0.0, -0.0, 0.0], "thigh_R": [0.9973105192184448, 0.004810336045920849, 0.06482652574777603, -0.033859655261039734], "ring00_L": [1.0, 0.0, -0.0, 0.0], "upperarm_twist_L": [1.0, 0.0, 0.0, 0.0], "breast_R": [0.9998834729194641, 0.015266679227352142, -9.314310434049844e-10, -9.547169277368539e-09]}