{"index03_R": [0.999761164188385, -0.02132578007876873, 0.00044785867794416845, -0.004746190272271633], "ring03_L": [0.9180023074150085, -0.39656731486320496, -0.0024407063610851765, -0.0003237504279240966], "pinky03_R": [0.8991197347640991, -0.43767452239990234, -0.004460709635168314, 0.0021838312968611717], "lowerarm_R": [0.9987677931785583, 0.04878005012869835, 0.006204864475876093, 0.00668844860047102], "index00_L": [1.0, 1.3038524926400896e-08, 8.847564458847046e-09, 7.450587702351186e-09], "spine03": [0.9890303611755371, -0.06931701302528381, 0.11215131729841232, -0.06660562753677368], "thumb01_L": [0.9999759793281555, -0.006312201730906963, 0.0027904491871595383, -0.000676370516885072], "foot_R": [0.9469977617263794, -0.2949373722076416, -0.08889033645391464, -0.09113588184118271], "index00_R": [1.0, -4.656615537612652e-09, -1.920854142412054e-09, -1.862645593320167e-09], "lowerarm_twist_R": [0.9999916553497314, 0.0015689163701608777, 4.28251332778018e-05, -0.0037945082876831293], "index01_L": [0.9961728453636169, -0.08729646354913712, 0.0009065173799172044, -0.004273096099495888], "index02_R": [0.9950335025787354, -0.09953535348176956, -0.00020133584621362388, 0.0010704506421461701], "thigh_L": [0.9552731513977051, -0.0935438945889473, 0.0064733983017504215, -0.2804654836654663], "upperarm_R": [0.8876067996025085, -0.10721749812364578, -0.01304885745048523, 0.4477592706680298], "pinky03_L": [0.9017429351806641, -0.432270348072052, 0.0014341935748234391, -0.00020660053996834904], "index02_L": [0.9950197339057922, -0.09967160224914551, 0.00020568525360431522, -0.001130815944634378], "middle02_R": [0.9785410761833191, -0.20604582130908966, -4.421638368512504e-05, 0.001619473798200488], "spine01": [0.9934431314468384, 0.09581983834505081, -0.024351997300982475, -0.05741487070918083], "ring00_R": [1.0, 0.0, -6.984912648277941e-09, 1.1175866454493644e-08], "head": [0.996877908706665, -3.3404587156837806e-05, -0.07887622714042664, 0.0036024360451847315], "hand_L": [0.9794090986251831, 0.16659897565841675, -0.11399387568235397, -0.0028355070389807224], "ring00_L": [1.0, -2.42143940454298e-08, 9.173530202133406e-08, -1.4901164746561335e-08], "breast_R": [0.9997542500495911, 0.02013506554067135, -0.0003818029072135687, -0.009266596287488937], "hand_R": [0.9959672093391418, 0.08728272467851639, 0.019946947693824768, 0.005764745641499758], "pinky00_L": [1.0, -6.984921085972928e-09, 3.9581276034539314e-09, 7.450585037815927e-09], "ring02_R": [0.9599514603614807, -0.2801549434661865, -0.00029833539156243205, 0.0025034244172275066], "clavicle_R": [0.9903542995452881, -0.13409475982189178, 0.004904362838715315, 0.034539639949798584], "calf_R": [0.9846020340919495, -0.17322112619876862, -0.01637778989970684, -0.016887841746211052], "thumb01_R": [0.9999760389328003, -0.006308475509285927, -0.00279699987731874, 0.0006694813491776586], "pinky01_L": [0.9615753293037415, -0.2745310664176941, 8.810378494672477e-05, 0.0023799503687769175], "upperarm_twist_R": [0.999658465385437, -0.0190617386251688, -0.001900177332572639, 0.017775114625692368], "middle03_L": [0.991287112236023, -0.13168349862098694, -0.0002592651580926031, 0.003022928722202778], "root": [1.0, 0.0, -5.684335787443581e-14, -7.1054197343044766e-15], "ring03_R": [0.9154719114303589, -0.40237611532211304, 0.0019720986019819975, -0.0008234611595980823], "thumb02_R": [0.9713729023933411, -0.23718982934951782, 0.0006910024676471949, 0.013240395113825798], "calf_L": [0.9999692440032959, -0.0006820064736530185, -0.000984172453172505, 0.007754645310342312], "middle02_L": [0.9785396456718445, -0.2060544192790985, 8.228222577599809e-05, -0.0013472262071445584], "index01_R": [0.9961740374565125, -0.08728311955928802, -0.0009144608047790825, 0.00426834262907505], "calf_twist_R": [1.0, -9.313223525708736e-10, -1.746227884513729e-10, 4.440892098500626e-16], "ring01_R": [0.9801106452941895, -0.19844882190227509, -0.0010658580577000976, -0.0002598589635454118], "breast_L": [0.9997857213020325, 0.016900036484003067, -0.011211848817765713, -0.0041473619639873505], "lowerarm_twist_L": [0.9999915957450867, 0.001568882609717548, -4.2458210373297334e-05, 0.0037948221433907747], "spine02": [0.9967783689498901, -0.061122335493564606, 0.03754184767603874, -0.0358835831284523], "thumb03_R": [0.9987093210220337, 0.047850530594587326, 0.000747676647733897, -0.01701926998794079], "middle00_R": [1.0, 7.450585037815927e-09, 2.910380270115809e-10, -9.313231297269908e-10], "neck": [0.9957122206687927, -0.08254057168960571, -0.001351242302916944, 0.04174216091632843], "pinky01_R": [0.9616310000419617, -0.2743355929851532, -0.0001441089261788875, -0.0024208896793425083], "middle03_R": [0.9917192459106445, -0.12836241722106934, 0.00039874535286799073, -0.003987617325037718], "toes_R": [0.9733231067657471, -0.22937485575675964, 0.0053724972531199455, -0.0007510221912525594], "thumb03_L": [0.9987090229988098, 0.04785437136888504, -0.0007427918026223779, 0.017023570835590363], "middle01_L": [0.9963507652282715, -0.08533772826194763, 0.0010582479881122708, -0.001235980074852705], "middle00_L": [1.0, -6.519271344984645e-09, -1.187436815541787e-08, 7.450585925994346e-09], "pinky00_R": [1.0, 9.313219528905847e-09, 5.820765203168321e-09, 1.4901153200241879e-08], "clavicle_L": [0.996839165687561, -0.05355790629982948, -0.02771296724677086, 0.05172254890203476], "thigh_R": [0.9773614406585693, 0.21062777936458588, 0.005749162286520004, 0.019173435866832733], "index03_L": [0.9997113347053528, -0.023529285565018654, -0.00037742138374596834, 0.004844534210860729], "upperarm_twist_L": [0.9996585845947266, -0.019061734899878502, 0.0018974774284288287, -0.01777464896440506], "ring01_L": [0.9801093339920044, -0.19845576584339142, 0.0010103199165314436, 0.00026896281633526087], "ring02_L": [0.9599198698997498, -0.2802610397338867, 0.0003677703207358718, -0.002753391396254301], "upperarm_L": [0.8759890794754028, -0.1461053043603897, 0.05585440620779991, -0.45626384019851685], "middle01_R": [0.996351420879364, -0.0853307843208313, -0.0010688342154026031, 0.001226120861247182], "thigh_twist_R": [0.999936580657959, -0.0006519597955048084, -0.0007432014099322259, 0.011220271699130535], "pelvis": [0.9925177097320557, 8.073509889072739e-06, -0.060683537274599075, 0.1059543564915657], "pinky02_R": [0.9231740236282349, -0.384379118680954, 0.0014174547977745533, -0.0005850715679116547], "toes_L": [0.9312670230865479, 0.36433711647987366, -0.0006145912338979542, -9.192735160468146e-05], "foot_L": [0.9293674826622009, -0.3050854802131653, 0.03914109617471695, 0.20412461459636688], "calf_twist_L": [1.0, 7.450584149637507e-09, -2.793969056114065e-09, 0.0], "lowerarm_L": [0.9907612800598145, -0.07991594076156616, -0.05890140309929848, 0.09239208698272705], "pinky02_L": [0.9231681227684021, -0.38439470529556274, -0.0011358121410012245, 9.76274095592089e-05], "thumb02_L": [0.9713762402534485, -0.2371802181005478, -0.0005483063287101686, -0.01317854505032301], "thigh_twist_L": [0.999936580657959, -0.0006521827890537679, 0.0007434526924043894, -0.011220073327422142]}