{"lowerarm_R": [1.0, 0.0, 0.0, -0.0], "clavicle_L": [0.9986788630485535, -0.04767246171832085, 0.0009148320532403886, -0.019164573401212692], "head": [0.9976089596748352, -0.06911150366067886, -1.186334288184182e-13, 3.317375885103502e-08], "upperarm_R": [0.9059014916419983, -2.3131387916208723e-09, 5.140308179107933e-09, 0.4234884977340698], "ring02_R": [0.9773623943328857, -0.2115720510482788, -1.476985289627919e-08, 5.717363915636042e-09], "hand_R": [0.9992095828056335, 0.03975149989128113, -6.990443779386624e-09, -1.8641181931400297e-09], "upperarm_twist_R": [0.9946228861808777, 1.4981722529228136e-07, 0.10356387495994568, 8.989034938622353e-08], "toes_L": [1.0, 0.0, 0.0, 0.0], "thumb02_R": [0.9731638431549072, -0.23011325299739838, -3.0624160984871196e-08, 7.65603935803938e-09], "thigh_L": [0.9976605772972107, -0.00017445354023948312, -0.002246711403131485, -0.06832645833492279], "pinky00_R": [1.0, 0.0, 0.0, -0.0], "ring01_L": [0.9821997880935669, -0.18783943355083466, 5.333629538029072e-09, -1.8964023684731046e-09], "clavicle_R": [0.9986788034439087, -0.04767245426774025, -0.0009148319368250668, 0.019164571538567543], "toes_R": [1.0, 0.0, 0.0, -0.0], "ring00_R": [1.0, 0.0, 0.0, -0.0], "upperarm_L": [0.9059014916419983, -2.3131387916208723e-09, -5.140308179107933e-09, -0.4234884977340698], "middle03_R": [0.9964094758033752, -0.08466493338346481, -1.1216144457648625e-08, -1.8693574688199988e-08], "foot_R": [0.9933601021766663, 0.003885810961946845, 0.005747080780565739, -0.11483742296695709], "ring01_R": [0.9821997284889221, -0.18783944845199585, -5.333629982118282e-09, 1.8964023684731046e-09], "pinky02_R": [0.9659553170204163, -0.2587089240550995, -3.736067899495765e-09, 8.195243594855128e-09], "thigh_twist_R": [1.0, 0.0, 0.0, 0.0], "ring03_L": [0.9882633090019226, -0.15276068449020386, -2.827150291651037e-09, -1.5078132520329746e-08], "index01_L": [0.997349739074707, -0.0727575346827507, -1.0441880249345559e-08, 1.1520709719547995e-08], "ring02_L": [0.9773623943328857, -0.21157206594944, 1.476985378445761e-08, -5.717363915636042e-09], "pelvis": [1.0, 0.0, 0.0, 0.0], "index03_R": [1.0, 0.0, 0.0, -0.0], "index00_R": [1.0, 0.0, 0.0, -0.0], "spine02": [1.0, 0.0, 0.0, 0.0], "middle01_L": [0.9880856871604919, -0.15390463173389435, 1.3519738217837585e-08, -1.508084146450983e-08], "index02_L": [0.9710298776626587, -0.23895864188671112, 9.774637987902679e-09, -5.910111955387265e-09], "lowerarm_twist_L": [1.0, 0.0, 0.0, 0.0], "ring03_R": [0.9882631897926331, -0.15276066958904266, 2.8271498475618273e-09, 1.5078130743972906e-08], "middle02_L": [0.9776121973991394, -0.2104147970676422, 6.906714755672283e-09, -7.621201447705062e-09], "spine03": [0.9998445510864258, -0.017634565010666847, -3.3533949678503025e-14, 4.222945104714881e-09], "middle01_R": [0.9880856871604919, -0.15390463173389435, -1.3519737329659165e-08, 1.508084324086667e-08], "middle00_L": [1.0, 0.0, 0.0, 0.0], "index03_L": [1.0, 0.0, 0.0, 0.0], "thumb02_L": [0.973163902759552, -0.23011323809623718, 3.062415743215752e-08, -7.656041134396219e-09], "index02_R": [0.9710297584533691, -0.23895861208438873, -9.77463709972426e-09, 5.9101106231196354e-09], "pinky03_R": [0.9817311763763428, -0.1902732253074646, -1.4229800671117232e-09, -1.4229797340448158e-09], "pinky00_L": [1.0, 0.0, 0.0, 0.0], "pinky01_L": [0.9792596101760864, -0.20260952413082123, -3.566447137615114e-10, -6.895096049674976e-09], "breast_L": [1.0, 0.0, 0.0, 0.0], "hand_L": [0.9992096424102783, 0.03975149989128113, 6.990443335297414e-09, 1.8641181931400297e-09], "pinky03_L": [0.9817311763763428, -0.1902732402086258, 1.4229800671117232e-09, 1.4229797340448158e-09], "index01_R": [0.9973496794700623, -0.0727575421333313, 1.0441881137523978e-08, -1.1520710607726414e-08], "thumb01_L": [0.995262622833252, 1.1229067453655261e-08, 0.09722289443016052, -1.497208934608807e-08], "index00_L": [1.0, 0.0, 0.0, 0.0], "calf_R": [0.9988603591918945, -1.2893139889058602e-09, 0.04772808030247688, -2.7971553961947393e-09], "calf_twist_L": [1.0, 0.0, 0.0, 0.0], "spine01": [1.0, 0.0, 0.0, 0.0], "thumb01_R": [0.995262622833252, 1.1229067453655261e-08, -0.09722289443016052, 1.497208934608807e-08], "middle00_R": [1.0, 0.0, 0.0, -0.0], "pinky01_R": [0.9792596101760864, -0.20260952413082123, 3.566447137615114e-10, 6.895096493764186e-09], "lowerarm_L": [1.0, 0.0, 0.0, 0.0], "middle02_R": [0.9776121973991394, -0.2104147970676422, -6.906714755672283e-09, 7.621201447705062e-09], "foot_L": [0.9982636570930481, 6.770857726223767e-05, 0.03170285373926163, 0.04964552819728851], "middle03_L": [0.9964094758033752, -0.08466493338346481, 1.1216143569470205e-08, 1.8693574688199988e-08], "calf_twist_R": [1.0, 0.0, 0.0, 0.0], "pinky02_L": [0.9659554362297058, -0.2587089538574219, 3.736068343584975e-09, -8.195245371211968e-09], "neck": [0.9960205554962158, -0.08912357687950134, -1.3955527814087099e-13, 2.4558060474078047e-08], "lowerarm_twist_R": [1.0, 0.0, 0.0, 0.0], "thumb03_R": [1.0, 0.0, 0.0, -0.0], "thigh_twist_L": [1.0, 0.0, 0.0, 0.0], "calf_L": [0.9988603591918945, -1.2893139889058602e-09, -0.04772808030247688, 2.7971553961947393e-09], "root": [1.0, 0.0, 0.0, 0.0], "thumb03_L": [1.0, 0.0, 0.0, 0.0], "thigh_R": [0.9976604580879211, -0.00017445349658373743, 0.0022467111703008413, 0.068326435983181], "ring00_L": [1.0, 0.0, 0.0, 0.0], "upperarm_twist_L": [1.0, 0.0, 0.0, 0.0], "breast_R": [1.0, 0.0, 0.0, 0.0]}