{"index03_R": [0.9997652173042297, -0.021143406629562378, 0.00042327470146119595, -0.00473773805424571], "ring03_L": [0.9683439135551453, -0.24961233139038086, -0.0018064728938043118, 0.0007706494070589542], "pinky03_R": [0.9942143559455872, -0.10740393400192261, -0.0011960355332121253, -0.0009487035567872226], "lowerarm_R": [0.9811601042747498, 0.16501356661319733, 0.09116175025701523, 0.042247846722602844], "index00_L": [1.0, -7.450584149637507e-09, 2.235175955433988e-08, -3.725291630729544e-09], "spine03": [0.9890303611755371, -0.06931700557470322, 0.11215131729841232, -0.06660561263561249], "thumb01_L": [0.9693859815597534, 0.024843988940119743, 0.18254461884498596, -0.16233016550540924], "foot_R": [0.9469975829124451, -0.29493749141693115, -0.08889158815145493, -0.09113597124814987], "index00_R": [1.0, -5.960467319710006e-08, 7.450596584135383e-09, 7.450582373280668e-09], "lowerarm_twist_R": [0.9999916553497314, 0.0015692802844569087, 4.2755324102472514e-05, -0.0037945546209812164], "index01_L": [0.9514822959899902, -0.3076719045639038, 0.0019804693292826414, -0.003944652620702982], "index02_R": [0.9950287938117981, -0.09958257526159286, -0.000233655926422216, 0.0010337104322388768], "thigh_L": [0.970420241355896, -0.09711343795061111, -0.021470889449119568, -0.21998316049575806], "upperarm_R": [0.8368514180183411, -0.38591524958610535, 0.3541666567325592, 0.15910722315311432], "pinky03_L": [0.9937787652015686, -0.11136374622583389, 0.001032289583235979, 0.0008043808629736304], "index02_L": [0.9950152039527893, -0.09971772134304047, 0.0002312005526619032, -0.0011172639206051826], "middle02_R": [0.9785366058349609, -0.20606692135334015, -4.294811515137553e-05, 0.0016295318491756916], "spine01": [0.9934431314468384, 0.09581983834505081, -0.02435201220214367, -0.05741485580801964], "ring00_R": [1.0, 7.450578820566989e-09, 7.264314660915261e-08, 2.2351736461700966e-08], "head": [0.9839077591896057, 0.1114811897277832, -0.13952776789665222, 0.005427733063697815], "hand_L": [0.9817530512809753, 0.0894261822104454, -0.005538715980947018, -0.16772964596748352], "ring00_L": [1.0, 7.450584149637507e-09, -1.1175870895385742e-08, 8.381904947896146e-09], "breast_R": [0.9997542500495911, 0.020135071128606796, -0.00038177924579940736, -0.009266586974263191], "hand_R": [0.9805585741996765, 0.08949901163578033, 0.004920000210404396, 0.17455853521823883], "pinky00_L": [1.0, -7.450577932388569e-09, 9.31323906883108e-10, 7.450580596923828e-09], "ring02_R": [0.976672887802124, -0.21471811830997467, -0.00012740964302793145, 0.002519596368074417], "clavicle_R": [1.0, 3.189781949686221e-08, 1.8626458597736928e-08, 5.587936335871291e-09], "calf_R": [0.9846020340919495, -0.173221156001091, -0.016377637162804604, -0.016887733712792397], "thumb01_R": [0.9694314002990723, 0.024868113920092583, -0.18239985406398773, 0.16221828758716583], "pinky01_L": [0.9615780115127563, -0.2745216488838196, 0.0001030243729474023, 0.0023867872077971697], "upperarm_twist_R": [0.999658465385437, -0.01906166598200798, -0.0019007236696779728, 0.017775805667042732], "middle03_L": [0.991392195224762, -0.1308899074792862, -0.00024133510305546224, 0.0030224143993109465], "root": [1.0, 0.0, -5.684335787443581e-14, -7.1054197343044766e-15], "ring03_R": [0.9688495993614197, -0.24764268100261688, 0.0012555926805362105, -0.0014295027358457446], "thumb02_R": [0.9340286254882812, -0.30209940671920776, 0.0075188810005784035, 0.19044709205627441], "calf_L": [0.9999692440032959, -0.0006820972776040435, -0.0009841711726039648, 0.007754739373922348], "middle02_L": [0.9785417318344116, -0.20604443550109863, 8.125222666421905e-05, -0.001342001836746931], "index01_R": [0.9514864683151245, -0.3076590895652771, -0.002015050733461976, 0.003913991618901491], "calf_twist_R": [1.0, 0.0, -2.037268576060569e-09, 6.661338147750939e-16], "ring01_R": [0.9671222567558289, -0.2543092966079712, -0.001132480800151825, -0.00035600291448645294], "breast_L": [0.9997857809066772, 0.01690000668168068, -0.01121178362518549, -0.004147350788116455], "lowerarm_twist_L": [0.9999915957450867, 0.0015692844754084945, -4.226271266816184e-05, 0.0037948868703097105], "spine02": [0.9967783093452454, -0.061122335493564606, 0.03754185885190964, -0.0358835868537426], "thumb03_R": [0.9984372854232788, -0.05320955067873001, 0.002480114810168743, -0.01690652407705784], "middle00_R": [1.0, 4.4703490686970326e-08, -3.725284969391396e-09, 1.4901161193847656e-08], "neck": [0.9957122206687927, -0.0825406014919281, -0.0013512354344129562, 0.04174217954277992], "pinky01_R": [0.961633026599884, -0.2743285000324249, -0.00017076173389796168, -0.0024388430174440145], "middle03_R": [0.9917446970939636, -0.12816564738750458, 0.0004113648901693523, -0.00398139376193285], "toes_R": [0.97332364320755, -0.22937235236167908, 0.0053840032778680325, -0.0007571546593680978], "thumb03_L": [0.9984377026557922, -0.05320385470986366, -0.002477961592376232, 0.01689690165221691], "middle01_L": [0.9735721349716187, -0.22837384045124054, 0.0013551691081374884, -0.0010500105563551188], "middle00_L": [1.0, 3.7252959828038e-08, -9.313310123104657e-10, 0.0], "pinky00_R": [1.0, 2.235172580355993e-08, -1.303851338008144e-08, -2.2351734685344127e-08], "clavicle_L": [0.996839165687561, -0.053557924926280975, -0.027712980285286903, 0.05172256380319595], "thigh_R": [0.9773719310760498, 0.21140781044960022, 0.005234995391219854, -0.004865869879722595], "index03_L": [0.9997289180755615, -0.022774802520871162, -0.00036137038841843605, 0.004823943134397268], "upperarm_twist_L": [0.9996585845947266, -0.019061759114265442, 0.0018979771994054317, -0.0177753958851099], "ring01_L": [0.9671211242675781, -0.25431421399116516, 0.0010460870107635856, 0.0003549156535882503], "ring02_L": [0.9766480326652527, -0.21482832729816437, 0.0001615522924112156, -0.002707297680899501], "upperarm_L": [0.8897504210472107, -0.2484673708677292, -0.3645073175430298, -0.11722860485315323], "middle01_R": [0.9735735654830933, -0.2283676415681839, -0.00139031489379704, 0.0010120529914274812], "thigh_twist_R": [0.999936580657959, -0.0006520344177260995, -0.0007430635159835219, 0.011220280081033707], "pelvis": [0.9925175905227661, 8.076089216046967e-06, -0.060683540999889374, 0.1059543713927269], "pinky02_R": [0.9839117527008057, -0.17865347862243652, 0.0006531500839628279, -0.0005375756300054491], "toes_L": [0.9312685132026672, 0.3643331527709961, -0.0006449954817071557, -9.608940308680758e-05], "foot_L": [0.929368257522583, -0.3050841689109802, 0.03914090245962143, 0.20412355661392212], "calf_twist_L": [1.0, -3.7252920748187535e-09, 1.6298152827332046e-09, -9.313231297269908e-10], "lowerarm_L": [0.9938865900039673, 0.04556730017066002, -0.08541402965784073, -0.0530802346765995], "pinky02_L": [0.9839026927947998, -0.1787034571170807, -0.0006276508793234825, 0.00039649763493798673], "thumb02_L": [0.9340677857398987, -0.3020743727684021, -0.00765874981880188, -0.19028864800930023], "thigh_twist_L": [0.999936580657959, -0.0006520272581838071, 0.0007434610743075609, -0.01122012734413147]}