{"index03_R": [0.9997586607933044, -0.021447407081723213, 0.00045829109149053693, -0.004744885489344597], "ring03_L": [0.9178619384765625, -0.396891713142395, -0.0024721683003008366, -0.00036977921263314784], "pinky03_R": [0.897702157497406, -0.44057583808898926, -0.004366121720522642, 0.0021533167455345392], "lowerarm_R": [0.9834021329879761, 0.12265485525131226, 0.047518353909254074, -0.12497169524431229], "index00_L": [1.0, -7.450585925994346e-09, 6.5192642395572875e-09, -7.450585925994346e-09], "spine03": [0.9890303611755371, -0.06931700557470322, 0.11215135455131531, -0.06660561263561249], "thumb01_L": [0.9999760389328003, -0.00631035165861249, 0.002785847522318363, -0.0006731876055710018], "foot_R": [0.9947962760925293, 0.012259460985660553, -0.008618228137493134, -0.10077670216560364], "index00_R": [1.0, 7.450581485102248e-09, -2.607705340551547e-08, 2.6077037418303917e-08], "lowerarm_twist_R": [0.9999915957450867, 0.0015690390719100833, 4.270126737537794e-05, -0.003794444724917412], "index01_L": [0.9961723685264587, -0.08730210363864899, 0.0009155400330200791, -0.004274348728358746], "index02_R": [0.995032548904419, -0.09954403340816498, -0.00020958030654583126, 0.0010566344717517495], "thigh_L": [0.9733777642250061, -0.008962445892393589, -0.0019131210865452886, -0.22902363538742065], "upperarm_R": [0.8819292783737183, -0.10742651671171188, -0.0409989096224308, 0.4571429491043091], "pinky03_L": [0.9013307690620422, -0.43312889337539673, 0.001454407349228859, -0.0002986338804475963], "index02_L": [0.9950172305107117, -0.09969671815633774, 0.0002199389855377376, -0.001122694811783731], "middle02_R": [0.978545069694519, -0.20602692663669586, -4.437719326233491e-05, 0.001611752319149673], "spine01": [0.997566282749176, -0.03117961250245571, -0.016859406605362892, -0.06004423275589943], "ring00_R": [1.0, -3.725290298461914e-09, -1.8102578991374685e-08, 4.190950253502024e-09], "head": [0.9982597827911377, 0.05087868869304657, 0.029098644852638245, 0.006491524167358875], "hand_L": [0.9748625159263611, -0.029463617131114006, -0.18403829634189606, -0.12208609282970428], "ring00_L": [1.0, 7.450581485102248e-09, -9.313223969797946e-09, -2.2351741790771484e-08], "breast_R": [0.9993290901184082, 0.03534353896975517, -2.4340306481462903e-05, -0.009599250741302967], "hand_R": [0.9959672689437866, 0.08728285133838654, 0.019944000989198685, 0.005767568480223417], "pinky00_L": [1.0, -1.490117540470237e-08, 2.2351761330696718e-08, 2.980232949312267e-08], "ring02_R": [0.9599438309669495, -0.28018122911453247, -0.00029969747993163764, 0.0024991966784000397], "clavicle_R": [0.9903542995452881, -0.1340947449207306, 0.004904374945908785, 0.03453963249921799], "calf_R": [0.9963021874427795, -0.013445441611111164, 0.06681817024946213, -0.05231291055679321], "thumb01_R": [0.9999760389328003, -0.006303583737462759, -0.002795256208628416, 0.0006705744890496135], "pinky01_L": [0.9615762829780579, -0.2745276689529419, 0.0001077428023563698, 0.00239404384046793], "upperarm_twist_R": [0.999658465385437, -0.019061630591750145, -0.0018995936261489987, 0.017775287851691246], "middle03_L": [0.9913773536682129, -0.13100233674049377, -0.00024247413966804743, 0.003023327561095357], "root": [1.0, 0.0, -5.684335787443581e-14, -7.1054197343044766e-15], "ring03_R": [0.915215253829956, -0.4029596745967865, 0.0019461229676380754, -0.0008386732079088688], "thumb02_R": [0.9713740348815918, -0.2371883988380432, 0.0008860062225721776, 0.013167307712137699], "calf_L": [0.9984982013702393, -0.054224081337451935, -0.0013988190330564976, 0.007690544705837965], "middle02_L": [0.9785414338111877, -0.20604577660560608, 8.159426943166181e-05, -0.0013400970492511988], "index01_R": [0.9961735606193542, -0.08728861063718796, -0.0009201000793837011, 0.004268891178071499], "calf_twist_R": [1.0, -3.7252920748187535e-09, 1.3969845724659535e-08, -7.450582373280668e-09], "ring01_R": [0.9801101088523865, -0.19845135509967804, -0.0010815657442435622, -0.000259054999332875], "breast_L": [0.9980860948562622, 0.06118103116750717, -0.003328602761030197, 0.008366288617253304], "lowerarm_twist_L": [0.9999915957450867, 0.0015690292930230498, -4.236431050230749e-05, 0.003794836113229394], "spine02": [0.9956877827644348, 0.07686978578567505, 0.032236821949481964, -0.04071624204516411], "thumb03_R": [0.998708963394165, 0.047857001423835754, 0.0007364441407844424, -0.017019467428326607], "middle00_R": [1.0, -1.4901156752955558e-08, -1.53668135993712e-08, 7.45057615603173e-09], "neck": [0.9861918091773987, -0.08767024427652359, 0.13717620074748993, 0.030371034517884254], "pinky01_R": [0.9616308212280273, -0.2743363380432129, -0.00016469182446599007, -0.002413183683529496], "middle03_R": [0.9917412996292114, -0.12819185853004456, 0.0004036137543153018, -0.003989886492490768], "toes_R": [0.9999998807907104, -0.00018900317081715912, 0.00032266334164887667, -0.00022011222608853132], "thumb03_L": [0.9987084865570068, 0.047862425446510315, -0.0007295573013834655, 0.01703219674527645], "middle01_L": [0.9963503479957581, -0.08534318953752518, 0.001069211633875966, -0.0012379834661260247], "middle00_L": [1.0, 7.450586814172766e-09, 0.0, 3.725295627532432e-09], "pinky00_R": [1.0, 3.7252867457482353e-09, -2.0838355041519208e-08, -9.313223969797946e-09], "clavicle_L": [0.9979588389396667, 0.06386067718267441, -2.2397491861170238e-08, -2.9863301165278244e-08], "thigh_R": [0.9957960844039917, -0.02753150835633278, 0.047784943133592606, -0.07313573360443115], "index03_L": [0.9997193813323975, -0.02318522334098816, -0.00037099848850630224, 0.004833850543946028], "upperarm_twist_L": [0.9996585845947266, -0.01906169392168522, 0.0018971110694110394, -0.017774835228919983], "ring01_L": [0.9801092147827148, -0.198456272482872, 0.0010288869962096214, 0.00027945925830863416], "ring02_L": [0.9598990678787231, -0.2803320586681366, 0.0003781461273320019, -0.0027789329178631306], "upperarm_L": [0.8995158076286316, -0.12279562652111053, 0.05579136684536934, -0.41554784774780273], "middle01_R": [0.9963510036468506, -0.08533556014299393, -0.001075700274668634, 0.0012271967716515064], "thigh_twist_R": [0.999936580657959, -0.0006523630581796169, -0.0007432643324136734, 0.011220338754355907], "pelvis": [0.9481274485588074, -0.026944192126393318, -0.3038310706615448, 0.0895266905426979], "pinky02_R": [0.9231930375099182, -0.38433295488357544, 0.0015524387126788497, -0.0006230450817383826], "toes_L": [0.9631350636482239, 0.2690179944038391, -0.0005545888561755419, -0.00014745874796062708], "foot_L": [0.9808446168899536, -0.18039944767951965, 0.015248042531311512, 0.07188551127910614], "calf_twist_L": [1.0, 0.0, 9.895312125252076e-09, 1.8626467035431915e-09], "lowerarm_L": [0.9979419708251953, 0.021756015717983246, -0.05640154331922531, 0.02138502150774002], "pinky02_L": [0.9232056140899658, -0.3843041956424713, -0.0013076886534690857, 2.1035146346548572e-05], "thumb02_L": [0.9713802337646484, -0.23717021942138672, -0.00047778559383004904, -0.01305793970823288], "thigh_twist_L": [0.999936580657959, -0.0006514377892017365, 0.0007436927407979965, -0.011220216751098633]}