{"lowerarm_R": [0.908806562423706, 0.4172177016735077, 1.1587291126602395e-08, -7.049931838309931e-08], "clavicle_L": [1.0, 0.0, 0.0, 0.0], "head": [0.9966403841972351, 0.03145768865942955, 0.07523132860660553, -0.007676185108721256], "upperarm_R": [0.8880476355552673, -0.2855595052242279, -0.13926708698272705, 0.3323139548301697], "ring02_R": [1.0, 0.0, 0.0, 0.0], "hand_R": [0.9899557828903198, 0.14137740433216095, -3.081992216991125e-09, 4.22537826949565e-09], "upperarm_twist_R": [1.0, 0.0, 0.0, 0.0], "toes_L": [0.9870288372039795, 0.16054309904575348, -5.396669777724128e-08, 5.6793103553332e-10], "thumb02_R": [1.0, 0.0, 0.0, 0.0], "thigh_L": [0.9504538774490356, 0.22229644656181335, 0.21072399616241455, 0.05308183282613754], "pinky00_R": [1.0, 0.0, 0.0, 0.0], "ring01_L": [0.9982483983039856, -0.05916210636496544, -3.5935698861067067e-09, -7.463653695083394e-09], "clavicle_R": [1.0, 0.0, 0.0, 0.0], "toes_R": [1.0, 0.0, 0.0, 0.0], "ring00_R": [1.0, 0.0, 0.0, 0.0], "upperarm_L": [0.8394482135772705, -0.1547493040561676, 0.037441499531269073, -0.5195937156677246], "middle03_R": [0.9994816184043884, -0.032195061445236206, 7.454445061227943e-09, -2.236333429550541e-08], "foot_R": [0.9959436058998108, 0.016513165086507797, -0.08845166862010956, -9.744719136506319e-05], "ring01_R": [0.9976360201835632, 0.0, -1.867058951887657e-09, -0.06871996819972992], "pinky02_R": [1.0, 0.0, 0.0, 0.0], "thigh_twist_R": [1.0, 0.0, 0.0, 0.0], "ring03_L": [0.9751551151275635, -0.22152361273765564, 1.910102742641584e-09, -1.1460611126778986e-08], "index01_L": [0.9881666302680969, -0.15338478982448578, 8.01104160785826e-09, 2.261941389747335e-08], "ring02_L": [0.9383174777030945, -0.34577521681785583, -9.925454902415254e-10, -1.1910546326987514e-08], "pelvis": [0.9912988543510437, 0.039390385150909424, 0.029685594141483307, -0.12204007059335709], "index03_R": [0.9994907379150391, -0.031913500279188156, 3.727189223923233e-09, -1.4908756895692932e-08], "index00_R": [1.0, 0.0, 0.0, 0.0], "spine02": [0.9986216425895691, 1.4907156398180632e-08, -0.004036695696413517, 0.05233096703886986], "middle01_L": [0.9931328296661377, -0.11699224263429642, 1.8755250685842384e-09, -1.500419699596023e-08], "index02_L": [0.99248206615448, -0.12239063531160355, 0.0, 1.5014038012850506e-08], "lowerarm_twist_L": [1.0, 0.0, 0.0, 0.0], "ring03_R": [1.0, 0.0, 0.0, 0.0], "middle02_L": [0.9528319835662842, -0.3034984767436981, 3.658513847426548e-08, 1.4234274203772657e-08], "spine03": [0.9773324131965637, -0.1342899650335312, -0.13837788999080658, 0.08740300685167313], "middle01_R": [0.9994847178459167, -0.032099105417728424, -1.8636054921472578e-09, 1.4908843937178062e-08], "middle00_L": [1.0, 0.0, 0.0, 0.0], "index03_L": [1.0, 0.0, 0.0, 0.0], "thumb02_L": [0.9653707146644592, -0.26088231801986694, 1.5435691835818943e-08, 9.64730695329763e-09], "index02_R": [0.9953761100769043, -0.09605443477630615, 9.356488916978378e-10, -1.4970382267165405e-08], "pinky03_R": [1.0, 0.0, 0.0, 0.0], "pinky00_L": [1.0, 0.0, 0.0, 0.0], "pinky01_L": [0.9988226890563965, -0.0485103502869606, -7.226256926173846e-09, -4.446126232719066e-16], "breast_L": [1.0, 0.0, 0.0, 0.0], "hand_L": [0.9991093277931213, 0.042197201400995255, -3.2664928539816174e-08, 1.369207058843358e-08], "pinky03_L": [0.9799257516860962, -0.1993628442287445, -2.280962796419317e-08, -1.520642278762807e-08], "index01_R": [0.9923049807548523, -0.12381789088249207, 5.631267896433201e-09, -1.501671853532116e-08], "thumb01_L": [1.0, 0.0, 0.0, 0.0], "index00_L": [1.0, 0.0, 0.0, 0.0], "calf_R": [1.0, 0.0, 0.0, 0.0], "calf_twist_L": [1.0, 0.0, 0.0, 0.0], "spine01": [0.9983327984809875, -0.05772027745842934, 1.8657562161905616e-09, -3.7315119882919134e-09], "thumb01_R": [0.9957453012466431, -5.6118123481496696e-09, 7.48241646419956e-09, -0.09214863181114197], "middle00_R": [1.0, 0.0, 0.0, 0.0], "pinky01_R": [0.9874405860900879, -1.886336598033722e-08, -1.2261187620765668e-08, -0.15799100697040558], "lowerarm_L": [0.99817955493927, 0.06031247600913048, -5.674422265400381e-09, 2.037173540969661e-09], "middle02_R": [0.9952091574668884, -0.09776986390352249, 2.12895869822205e-08, -2.2459346382674994e-08], "foot_L": [0.9780615568161011, -0.15252381563186646, -0.08285625278949738, 0.11518307775259018], "middle03_L": [0.996904194355011, -0.07862629741430283, 3.736858822378508e-09, 0.0], "calf_twist_R": [1.0, 0.0, 0.0, 0.0], "pinky02_L": [0.9470128417015076, -0.32119569182395935, -1.7701774268630288e-08, -2.7536092517266297e-08], "neck": [0.995064377784729, 0.07320438325405121, -0.004915324971079826, -0.06681380420923233], "lowerarm_twist_R": [1.0, 0.0, 0.0, 0.0], "thumb03_R": [1.0, 0.0, 0.0, 0.0], "thigh_twist_L": [0.9774838089942932, 4.573324474677065e-08, -0.2110109031200409, -5.9072078784083715e-08], "calf_L": [0.8678644895553589, -0.4962155520915985, 0.0189823005348444, 0.014904983341693878], "root": [1.0, 0.0, 0.0, 0.0], "thumb03_L": [1.0, 0.0, 0.0, 0.0], "thigh_R": [0.9826597571372986, -0.05678202956914902, 0.003089149482548237, 0.17648345232009888], "ring00_L": [1.0, 0.0, 0.0, 0.0], "upperarm_twist_L": [1.0, 0.0, 0.0, 0.0], "breast_R": [1.0, 0.0, 0.0, 0.0]}