{"lowerarm_R": [0.9955798387527466, 0.09392005950212479, 1.8709154225859947e-09, 7.483661690343979e-09], "clavicle_L": [0.9966928362846375, 0.033784497529268265, 0.014575393870472908, -0.07245670258998871], "head": [0.9846382141113281, -0.16629087924957275, 0.04702572152018547, -0.02497066929936409], "upperarm_R": [0.9072511196136475, 0.0012735952623188496, 0.005690013058483601, 0.4205493628978729], "ring02_R": [0.9773623943328857, -0.2115720510482788, -1.476985289627919e-08, 5.717363915636042e-09], "hand_R": [0.9992095828056335, 0.03975149989128113, -6.990443779386624e-09, -1.8641181931400297e-09], "upperarm_twist_R": [1.0, 0.0, 0.0, 0.0], "toes_L": [1.0, 0.0, 0.0, 0.0], "thumb02_R": [0.9731638431549072, -0.23011325299739838, -3.0624160984871196e-08, 7.65603935803938e-09], "thigh_L": [0.9909008741378784, 0.13394692540168762, -0.004168999381363392, -0.012520008720457554], "pinky00_R": [1.0, 0.0, 0.0, -0.0], "ring01_L": [0.9821997880935669, -0.18783943355083466, 5.333629538029072e-09, -1.8964023684731046e-09], "clavicle_R": [0.9975109100341797, -0.04980029910802841, 0.014844781719148159, 0.047661397606134415], "toes_R": [1.0, 0.0, 0.0, -0.0], "ring00_R": [1.0, 0.0, 0.0, -0.0], "upperarm_L": [0.9199261665344238, 0.19714972376823425, 0.049080342054367065, -0.3353496193885803], "middle03_R": [0.9964094758033752, -0.08466493338346481, -1.1216144457648625e-08, -1.8693574688199988e-08], "foot_R": [0.9814165234565735, 0.17396485805511475, -0.06943723559379578, -0.041671447455883026], "ring01_R": [0.9957230091094971, -0.09044771641492844, -0.013317745178937912, 0.013328290544450283], "pinky02_R": [0.9659553170204163, -0.2587089240550995, -3.736067899495765e-09, 8.195243594855128e-09], "thigh_twist_R": [1.0, 0.0, 0.0, 0.0], "ring03_L": [0.9882633090019226, -0.15276068449020386, -2.827150291651037e-09, -1.5078132520329746e-08], "index01_L": [0.997349739074707, -0.0727575346827507, -1.0441880249345559e-08, 1.1520709719547995e-08], "ring02_L": [0.9773623943328857, -0.21157206594944, 1.476985378445761e-08, -5.717363915636042e-09], "pelvis": [1.0, 0.0, 0.0, 0.0], "index03_R": [1.0, 0.0, 0.0, -0.0], "index00_R": [1.0, 0.0, 0.0, -0.0], "spine02": [0.9954286217689514, 0.09434548020362854, -0.0001298098941333592, 0.014857765287160873], "middle01_L": [0.9880856871604919, -0.15390463173389435, 1.3519738217837585e-08, -1.508084146450983e-08], "index02_L": [0.9710298776626587, -0.23895864188671112, 9.774637987902679e-09, -5.910111955387265e-09], "lowerarm_twist_L": [1.0, 0.0, 0.0, 0.0], "ring03_R": [0.9882631897926331, -0.15276066958904266, 2.8271498475618273e-09, 1.5078130743972906e-08], "middle02_L": [0.9776121973991394, -0.2104147970676422, 6.906714755672283e-09, -7.621201447705062e-09], "spine03": [0.99671471118927, 0.08097261935472488, -0.0010179561795666814, 0.0016306323232129216], "middle01_R": [0.999530553817749, 0.0002609713119454682, -0.023942487314343452, 0.019116323441267014], "middle00_L": [1.0, 0.0, 0.0, 0.0], "index03_L": [1.0, 0.0, 0.0, 0.0], "thumb02_L": [0.973163902759552, -0.23011323809623718, 3.062415743215752e-08, -7.656041134396219e-09], "index02_R": [0.9877259731292725, -0.1556805521249771, -0.012268546037375927, -0.003234544536098838], "pinky03_R": [0.9817311763763428, -0.1902732253074646, -1.4229800671117232e-09, -1.4229797340448158e-09], "pinky00_L": [1.0, 0.0, 0.0, 0.0], "pinky01_L": [0.9792596101760864, -0.20260952413082123, -3.566447137615114e-10, -6.895096049674976e-09], "breast_L": [0.9982059001922607, -0.05987496301531792, 3.731986275568033e-09, 2.7989903728098398e-09], "hand_L": [0.9970593452453613, -0.07663429528474808, 1.0311060449907927e-08, -1.4100905332270486e-08], "pinky03_L": [0.9817311763763428, -0.1902732402086258, 1.4229800671117232e-09, 1.4229797340448158e-09], "index01_R": [0.9998717904090881, 0.0026648195926100016, -0.014171370305120945, 0.006971890572458506], "thumb01_L": [0.995262622833252, 1.1229067453655261e-08, 0.09722289443016052, -1.497208934608807e-08], "index00_L": [1.0, 0.0, 0.0, 0.0], "calf_R": [0.9630327820777893, -0.21002058684825897, 0.16323065757751465, -0.04260709881782532], "calf_twist_L": [1.0, 0.0, 0.0, 0.0], "spine01": [1.0, 0.0, 0.0, 0.0], "thumb01_R": [0.995262622833252, 1.1229067453655261e-08, -0.09722289443016052, 1.497208934608807e-08], "middle00_R": [1.0, 0.0, 0.0, -0.0], "pinky01_R": [0.9792596101760864, -0.20260952413082123, 3.566447137615114e-10, 6.895096493764186e-09], "lowerarm_L": [0.9920970797538757, 0.12547306716442108, -1.4737485010130058e-08, 4.3652668146876294e-09], "middle02_R": [0.9776121973991394, -0.2104147970676422, -6.906714755672283e-09, 7.621201447705062e-09], "foot_L": [0.9962816834449768, -0.001397384679876268, 0.012719343416392803, 0.0852012187242508], "middle03_L": [0.9964094758033752, -0.08466493338346481, 1.1216143569470205e-08, 1.8693574688199988e-08], "calf_twist_R": [1.0, 0.0, 0.0, 0.0], "pinky02_L": [0.9659554362297058, -0.2587089538574219, 3.736068343584975e-09, -8.195245371211968e-09], "neck": [0.9985420107841492, 0.019609518349170685, 0.04951802268624306, 0.008807333186268806], "lowerarm_twist_R": [1.0, 0.0, 0.0, 0.0], "thumb03_R": [1.0, 0.0, 0.0, -0.0], "thigh_twist_L": [1.0, 0.0, 0.0, 0.0], "calf_L": [0.9912770986557007, -0.1256919801235199, -0.037981919944286346, 0.01134765986353159], "root": [0.9999446272850037, 1.1175870895385742e-08, -0.01039968617260456, 0.0015893661184236407], "thumb03_L": [1.0, 0.0, 0.0, 0.0], "thigh_R": [0.9943110346794128, 0.03982902318239212, 0.0020531569607555866, 0.09876970946788788], "ring00_L": [1.0, 0.0, 0.0, 0.0], "upperarm_twist_L": [1.0, 0.0, 0.0, 0.0], "breast_R": [0.9977736473083496, -0.0666913241147995, 0.0, -6.533805052555408e-09]}