{"lowerarm_R": [0.9850718379020691, 0.07428383827209473, 0.15485171973705292, 0.01167732197791338], "clavicle_L": [0.9979961514472961, 0.06327642500400543, -8.828878073074975e-09, -1.4931083924807353e-08], "head": [0.9931397438049316, 0.001218654913827777, 0.11628036946058273, -0.012290132232010365], "upperarm_R": [0.8493108749389648, 0.026176201179623604, -0.21016889810562134, 0.48354485630989075], "ring02_R": [0.9975221157073975, -0.07035358250141144, 4.434770772832053e-09, 0.0], "hand_R": [0.9836786389350891, -0.17767001688480377, 0.01847223937511444, -0.0216494332998991], "upperarm_twist_R": [1.0, 0.0, 0.0, 0.0], "toes_L": [0.9688365459442139, 0.24366915225982666, -0.02854728512465954, 0.03414902836084366], "thumb02_R": [1.0, 0.0, 0.0, -0.0], "thigh_L": [0.9813220500946045, -0.13112983107566833, 0.07770616561174393, 0.11736371368169785], "pinky00_R": [1.0, 0.0, 0.0, -0.0], "ring01_L": [0.9971891045570374, -0.0749286562204361, -4.837981570915417e-09, -5.479401821162355e-09], "clavicle_R": [0.9907591342926025, -0.09487248212099075, 0.0161557849496603, -0.09557624906301498], "toes_R": [0.9806225895881653, -0.19336581230163574, 0.030886264517903328, -0.005936304107308388], "ring00_R": [1.0, 0.0, 0.0, -0.0], "upperarm_L": [0.8691645860671997, -0.06446049362421036, 0.03626314178109169, -0.48896104097366333], "middle03_R": [0.9939443469047546, 0.10987742990255356, 0.000886305992025882, 0.0009031716035678983], "foot_R": [0.9566516876220703, -0.287966787815094, -0.023583631962537766, -0.03655797615647316], "ring01_R": [0.997188925743103, -0.0749286413192749, 4.837980238647788e-09, 5.479400488894726e-09], "pinky02_R": [0.9966606497764587, -0.08165477961301804, 9.811651047186842e-09, -2.803328680300865e-09], "thigh_twist_R": [1.0, 0.0, 0.0, 0.0], "ring03_L": [1.0, 0.0, 0.0, 0.0], "index01_L": [0.9929834008216858, 0.1182546615600586, -5.627422972054319e-09, 5.627422083875899e-09], "ring02_L": [0.9975221157073975, -0.07035358250141144, -4.434770772832053e-09, 0.0], "pelvis": [1.0, 0.0, 0.0, 0.0], "index03_R": [0.9887470602989197, 0.14959688484668732, 9.272044465546969e-09, -1.8838439697077547e-09], "index00_R": [1.0, 0.0, 0.0, -0.0], "spine02": [0.9979020357131958, -0.06285567581653595, -0.0032453075982630253, 0.01517264824360609], "middle01_L": [0.9991883039474487, 0.040063995867967606, -0.00294340867549181, -0.0030085002072155476], "index02_L": [0.9983206987380981, 0.05792961269617081, -4.7519042034593895e-09, 1.865778420651054e-09], "lowerarm_twist_L": [1.0, 0.0, 0.0, 0.0], "ring03_R": [1.0, 0.0, 0.0, -0.0], "middle02_L": [0.9999681115150452, 0.007617345079779625, -0.0016576305497437716, -0.0017496362561360002], "spine03": [0.9854423403739929, 0.003457801416516304, -0.16800908744335175, 0.02578078955411911], "middle01_R": [0.999188244342804, 0.040063999593257904, 0.0029434089083224535, 0.003008499974384904], "middle00_L": [1.0, 0.0, 0.0, 0.0], "index03_L": [0.9887471199035645, 0.14959688484668732, -9.27204357736855e-09, 1.8838437476631498e-09], "thumb02_L": [1.0, 0.0, 0.0, 0.0], "index02_R": [0.9983206987380981, 0.05792961269617081, 4.7519042034593895e-09, -1.865778642695659e-09], "pinky03_R": [0.998110294342041, -0.061447687447071075, 5.59851320858229e-09, 2.220446049250313e-16], "pinky00_L": [1.0, 0.0, 0.0, 0.0], "pinky01_L": [0.978079617023468, -0.20823167264461517, -2.249561426026503e-08, 5.713170825316638e-09], "breast_L": [0.999902069568634, -7.451310679584822e-09, 9.314138349481027e-10, -0.0139947310090065], "hand_L": [0.9647476077079773, -0.263176828622818, -5.309445771928267e-09, 7.72282771066557e-09], "pinky03_L": [0.998110294342041, -0.061447691172361374, -5.59851320858229e-09, -2.2246499796466546e-16], "index01_R": [0.9929832816123962, 0.1182546466588974, 5.627422083875899e-09, -5.6274211956974796e-09], "thumb01_L": [1.0, 0.0, 0.0, 0.0], "index00_L": [1.0, 0.0, 0.0, 0.0], "calf_R": [1.0, 0.0, 0.0, 0.0], "calf_twist_L": [1.0, 0.0, 0.0, 0.0], "spine01": [0.9976600408554077, -7.4214767664670944e-09, 0.02095853164792061, 0.06507889181375504], "thumb01_R": [1.0, 0.0, 0.0, -0.0], "middle00_R": [1.0, 0.0, 0.0, -0.0], "pinky01_R": [0.9780795574188232, -0.2082316279411316, 2.249560893119451e-08, -5.713169937138218e-09], "lowerarm_L": [1.0, 0.0, 0.0, 0.0], "middle02_R": [0.9999680519104004, 0.007617346942424774, 0.0016576306661590934, 0.0017496362561360002], "foot_L": [0.9926082491874695, -0.1190728172659874, 0.01902616210281849, 0.01374488789588213], "middle03_L": [0.9939444065093994, 0.10987741500139236, -0.0008863058174028993, -0.0009031716035678983], "calf_twist_R": [1.0, 0.0, 0.0, 0.0], "pinky02_L": [0.9966607689857483, -0.08165478706359863, -9.811652823543682e-09, 2.8033293464346798e-09], "neck": [0.9970663189888, -0.003516059834510088, 0.050079457461833954, -0.057780396193265915], "lowerarm_twist_R": [1.0, 0.0, 0.0, 0.0], "thumb03_R": [1.0, 0.0, 0.0, -0.0], "thigh_twist_L": [1.0, 0.0, 0.0, 0.0], "calf_L": [0.9986856579780579, -0.05002990737557411, 0.010692290030419827, 0.003118348540738225], "root": [0.9924408793449402, 0.06988279521465302, -0.10021056234836578, 0.011637643910944462], "thumb03_L": [1.0, 0.0, 0.0, 0.0], "thigh_R": [0.9868273138999939, 0.10726086050271988, 0.020946387201547623, 0.11928325891494751], "ring00_L": [1.0, 0.0, 0.0, 0.0], "upperarm_twist_L": [1.0, 0.0, 0.0, 0.0], "breast_R": [0.9978404641151428, 0.06261534988880157, 0.0012426632456481457, -0.019803356379270554]}