{"lowerarm_R": [0.9589712619781494, 0.2835039794445038, -4.141484666320139e-08, 5.9570595567493e-08], "clavicle_L": [0.9985074400901794, -0.017131639644503593, -0.008016163483262062, 0.05123891681432724], "head": [0.9978383779525757, -0.03262856975197792, -0.05701366439461708, -0.001864314777776599], "upperarm_R": [0.8210046291351318, -0.11656162887811661, -0.3534460961818695, 0.4329448640346527], "ring02_R": [1.0, 0.0, 0.0, -0.0], "hand_R": [0.9895673394203186, 0.1440710425376892, -6.023302745461478e-08, 0.0], "upperarm_twist_R": [0.9613980054855347, 7.594748012706987e-07, 0.2751615643501282, -7.730354241175519e-07], "toes_L": [0.924543023109436, 0.35157307982444763, 0.1374259889125824, 0.052258823066949844], "thumb02_R": [0.9696371555328369, -0.24454814195632935, 2.3051654807204613e-08, 4.9945249713800877e-08], "thigh_L": [0.9833439588546753, 0.008221850730478764, -0.13238869607448578, -0.1242590919137001], "pinky00_R": [1.0, 0.0, 0.0, -0.0], "ring01_L": [1.0, 0.0, 0.0, 0.0], "clavicle_R": [0.9915092587471008, -0.09242787957191467, 0.03259751573204994, -0.08546344190835953], "toes_R": [0.9867687225341797, -0.13700994849205017, -0.08223160356283188, 0.027455206960439682], "ring00_R": [1.0, 0.0, 0.0, -0.0], "upperarm_L": [0.8480886220932007, -0.07512454688549042, 0.30677691102027893, -0.42542964220046997], "middle03_R": [1.0, 0.0, 0.0, -0.0], "foot_R": [0.9811583161354065, -0.1658141016960144, -0.0004566698335111141, -0.09916725754737854], "ring01_R": [1.0, 0.0, 0.0, -0.0], "pinky02_R": [1.0, 0.0, 0.0, -0.0], "thigh_twist_R": [1.0, 0.0, 0.0, 0.0], "ring03_L": [1.0, 0.0, 0.0, 0.0], "index01_L": [1.0, 0.0, 0.0, 0.0], "ring02_L": [1.0, 0.0, 0.0, 0.0], "pelvis": [1.0, 0.0, 0.0, 0.0], "index03_R": [1.0, 0.0, 0.0, -0.0], "index00_R": [1.0, 0.0, 0.0, -0.0], "spine02": [0.9964413046836853, -0.06993338465690613, -0.04148498550057411, -0.0222091656178236], "middle01_L": [1.0, 0.0, 0.0, 0.0], "index02_L": [0.9527862668037415, -0.30364176630973816, 3.12791321732675e-08, -1.270714289347552e-08], "lowerarm_twist_L": [1.0, 0.0, 0.0, 0.0], "ring03_R": [1.0, 0.0, 0.0, -0.0], "middle02_L": [0.9954816102981567, -0.09495484083890915, 2.5493735122950056e-08, 9.355497709861993e-09], "spine03": [0.9669445753097534, -0.11449197679758072, -0.2223738431930542, -0.049598995596170425], "middle01_R": [1.0, 0.0, 0.0, -0.0], "middle00_L": [1.0, 0.0, 0.0, 0.0], "index03_L": [1.0, 0.0, 0.0, 0.0], "thumb02_L": [0.9696372151374817, -0.24454811215400696, -2.3051654807204613e-08, -4.99452461610872e-08], "index02_R": [0.9527862668037415, -0.30364176630973816, -3.12791321732675e-08, 1.270714378165394e-08], "pinky03_R": [1.0, 0.0, 0.0, -0.0], "pinky00_L": [1.0, 0.0, 0.0, 0.0], "pinky01_L": [1.0, 0.0, 0.0, 0.0], "breast_L": [0.9995851516723633, 0.028802020475268364, 4.65854554931866e-09, -2.0148206658632262e-08], "hand_L": [0.9895673394203186, 0.1440710425376892, 6.023302745461478e-08, 0.0], "pinky03_L": [1.0, 0.0, 0.0, 0.0], "index01_R": [1.0, 0.0, 0.0, -0.0], "thumb01_L": [1.0, 0.0, 0.0, 0.0], "index00_L": [1.0, 0.0, 0.0, 0.0], "calf_R": [0.998087465763092, -4.292294164542909e-08, 0.061819057911634445, -9.984251647665587e-08], "calf_twist_L": [1.0, 0.0, 0.0, 0.0], "spine01": [0.9917678833007812, -0.11152376234531403, -0.05653821676969528, 0.027615239843726158], "thumb01_R": [1.0, 0.0, 0.0, -0.0], "middle00_R": [1.0, 0.0, 0.0, -0.0], "pinky01_R": [1.0, 0.0, 0.0, -0.0], "lowerarm_L": [0.9951667785644531, 0.09348219633102417, -0.0017830639844760299, -0.03001883067190647], "middle02_R": [0.995481550693512, -0.09495484828948975, -2.5493735122950056e-08, -9.355497709861993e-09], "foot_L": [0.9691163301467896, -0.21972376108169556, -0.11053196340799332, 0.01783205196261406], "middle03_L": [1.0, 0.0, 0.0, 0.0], "calf_twist_R": [1.0, 0.0, 0.0, 0.0], "pinky02_L": [1.0, 0.0, 0.0, 0.0], "neck": [0.9917812347412109, 0.12136721611022949, -0.04019949957728386, -0.004919367842376232], "lowerarm_twist_R": [1.0, 0.0, 0.0, 0.0], "thumb03_R": [0.9826918840408325, 0.18524768948554993, -9.003398027118692e-09, -3.790904301581577e-08], "thigh_twist_L": [1.0, 0.0, 0.0, 0.0], "calf_L": [1.0, 0.0, 0.0, 0.0], "root": [0.8391852974891663, 0.16222089529037476, -0.14425981044769287, -0.49863988161087036], "thumb03_L": [0.9826918840408325, 0.18524768948554993, 9.003398027118692e-09, 3.790903946310209e-08], "thigh_R": [0.9781491756439209, 0.19657903909683228, -0.010934420861303806, 0.06679852306842804], "ring00_L": [1.0, 0.0, 0.0, 0.0], "upperarm_twist_L": [0.9744576811790466, 6.269618779697339e-07, -0.2245713472366333, 3.79426353447343e-07], "breast_R": [0.9996245503425598, 0.019843708723783493, 0.0003750685427803546, -0.018893886357545853]}