{"index03_R": [0.9879851341247559, 0.15445461869239807, -0.00022068536782171577, -0.005402575246989727], "ring03_L": [0.999977707862854, -0.006482321303337812, 5.21223118994385e-05, 0.0015563425840809941], "pinky03_R": [0.9972085356712341, -0.07464886456727982, -0.0010935417376458645, -0.0011676755966618657], "lowerarm_R": [0.979580283164978, 0.08950342983007431, 0.16138048470020294, -0.0798017755150795], "index00_L": [1.0, 4.47035120032524e-08, 5.401674840754822e-08, 5.587940776763389e-09], "spine03": [0.9854422211647034, 0.0034577841870486736, -0.16800910234451294, 0.025780782103538513], "thumb01_L": [0.9999759793281555, -0.006308830343186855, 0.0027896519750356674, -0.0006779234390705824], "foot_R": [0.9566053152084351, -0.28823322057724, -0.0239440705627203, -0.03542022779583931], "index00_R": [1.0, -7.450589478708025e-09, 1.86263626744676e-09, -2.0489100194254206e-08], "lowerarm_twist_R": [0.9999915957450867, 0.0015690268483012915, 4.273666490917094e-05, -0.0037944719661027193], "index01_L": [0.9930340647697449, 0.11774764209985733, -0.00010679409024305642, -0.004341231193393469], "index02_R": [0.9983375668525696, 0.057623039931058884, 0.00020001376105938107, 0.0012885446194559336], "thigh_L": [0.9810547232627869, -0.1388595700263977, 0.07965774089097977, 0.10910673439502716], "upperarm_R": [0.8347485065460205, 0.027368886396288872, -0.1814470738172531, 0.5191558599472046], "pinky03_L": [0.9969432353973389, -0.07811741530895233, 0.0010972844902426004, 0.0008881687535904348], "index02_L": [0.9983422160148621, 0.05754614621400833, -0.00020150748605374247, -0.0011992539511993527], "middle02_R": [0.9999758005142212, 0.005903157871216536, 0.0019306137692183256, 0.0031254272907972336], "spine01": [0.9972361326217651, 0.02901107259094715, 0.019055690616369247, 0.0656927302479744], "ring00_R": [1.0, 1.4901157641133977e-08, 7.636844401304188e-08, 2.4214383387288763e-08], "head": [0.9931396842002869, 0.001218642806634307, 0.11628033965826035, -0.012290124781429768], "hand_L": [0.9657450318336487, -0.2594754099845886, 0.00123365328181535, -0.0027499638963490725], "ring00_L": [1.0, 4.470348358154297e-08, -1.6763802790364934e-08, -1.8626469255877964e-09], "breast_R": [0.9966132640838623, 0.07889726758003235, 0.01459516491740942, -0.018008124083280563], "hand_R": [0.9844216704368591, -0.1739375740289688, 0.01754174940288067, -0.01876198500394821], "pinky00_L": [1.0, -2.980233304583635e-08, 5.58793988858497e-09, 2.6077035641947077e-08], "ring02_R": [0.9975894093513489, -0.06934639811515808, 0.0002668632660061121, 0.002532731741666794], "clavicle_R": [0.990759015083313, -0.09487249702215195, 0.016155773773789406, -0.09557625651359558], "calf_R": [0.9999692440032959, -0.0006842033471912146, 0.0009844223968684673, -0.007753023877739906], "thumb01_R": [0.9999759793281555, -0.006303797941654921, -0.0027989319059997797, 0.0006690740119665861], "pinky01_L": [0.9778648614883423, -0.2092246264219284, 0.00020691956160590053, 0.0023501187097281218], "upperarm_twist_R": [0.999658465385437, -0.01906173676252365, -0.0019002530025318265, 0.017775030806660652], "middle03_L": [0.9937124848365784, 0.1119450107216835, -1.1496627848828211e-05, 0.0019559883512556553], "root": [1.0, 0.0, -5.684335787443581e-14, -7.1054197343044766e-15], "ring03_R": [0.9999899864196777, -0.004115465097129345, -0.00021039514103904366, -0.0018004821613430977], "thumb02_R": [0.9995231628417969, -0.028000811114907265, 0.0031655493658035994, 0.012625839561223984], "calf_L": [0.9986070394515991, -0.05079672485589981, 0.009323901496827602, 0.010806873440742493], "middle02_L": [0.999973714351654, 0.006147196050733328, -0.0019187981961295009, -0.0033405458088964224], "index01_R": [0.9930330514907837, 0.1177562028169632, 0.00011823789100162685, 0.004346839617937803], "calf_twist_R": [1.0, -3.725291186640334e-09, -3.492460765031069e-10, 1.8626449271863521e-09], "ring01_R": [0.9971856474876404, -0.0749669149518013, -0.0009692827588878572, -0.00010924962407443672], "breast_L": [0.9997719526290894, 0.020273499190807343, 0.002371858572587371, -0.006279309745877981], "lowerarm_twist_L": [0.9999915957450867, 0.0015688578132539988, -4.2295327148167416e-05, 0.0037948230747133493], "spine02": [0.9979020357131958, -0.06285566836595535, -0.003245305735617876, 0.01517265010625124], "thumb03_R": [0.998708963394165, 0.04785452038049698, 0.0007374496781267226, -0.017026789486408234], "middle00_R": [1.0, 4.470348358154297e-08, -4.656610741449185e-08, -1.6763801014008095e-08], "neck": [0.9935157299041748, -0.08509185910224915, 0.05161547660827637, -0.054972242563962936], "pinky01_R": [0.9779077172279358, -0.2090236097574234, -0.000245163741055876, -0.0023943991400301456], "middle03_R": [0.993765652179718, 0.11148229986429214, -0.0002443200792185962, -0.0012280564988031983], "toes_R": [0.9805778861045837, -0.19352369010448456, 0.031243758276104927, -0.0062902639620006084], "thumb03_L": [0.9987088441848755, 0.04785451292991638, -0.0007334576803259552, 0.017030686140060425], "middle01_L": [0.9991541504859924, 0.04083406552672386, -0.0021428882610052824, -0.0043515395373106], "middle00_L": [1.0, 5.215414233816773e-08, -1.862660248264092e-09, -5.3085422280219063e-08], "pinky00_R": [1.0, 7.450578820566989e-09, -4.656611096720553e-09, 6.519261575022028e-09], "clavicle_L": [0.9979961514472961, 0.06327643990516663, -1.3064712867105754e-08, -7.465547291474195e-09], "thigh_R": [0.9867523908615112, 0.09870236366987228, 0.022819189354777336, 0.12671662867069244], "index03_L": [0.9879045486450195, 0.15498678386211395, 0.00032090803142637014, 0.004856725223362446], "upperarm_twist_L": [0.9996585249900818, -0.019061686471104622, 0.0018971668323501945, -0.017774859443306923], "ring01_L": [0.9971849322319031, -0.07497602701187134, 0.0009505786583758891, 0.00011396206537028775], "ring02_L": [0.9975908398628235, -0.0693255290389061, -0.00027924583991989493, -0.002564588561654091], "upperarm_L": [0.8735628724098206, -0.05985332280397415, 0.01578942872583866, -0.482759028673172], "middle01_R": [0.9991539120674133, 0.04084194451570511, 0.002148061990737915, 0.004355594981461763], "thigh_twist_R": [0.999936580657959, -0.0006528092781081796, -0.0007432993734255433, 0.011220314539968967], "pelvis": [0.9924408197402954, 0.0699506551027298, 0.017595643177628517, -0.09929127991199493], "pinky02_R": [0.9970013499259949, -0.07738383114337921, 0.00028249065508134663, -0.000442030664999038], "toes_L": [0.9687964916229248, 0.2438235729932785, -0.028782032430171967, 0.03398663550615311], "foot_L": [0.9925868511199951, -0.11935554444789886, 0.01918317936360836, 0.012553812935948372], "calf_twist_L": [1.0, 1.4901166522918174e-08, 3.7252920748187535e-09, -9.313231963403723e-09], "lowerarm_L": [0.9992780685424805, 0.02816704660654068, 0.0038615090306848288, 0.025200221687555313], "pinky02_L": [0.9969996213912964, -0.07740519195795059, -0.0003005829348694533, 0.0004782873438671231], "thumb02_L": [0.9995234608650208, -0.027993790805339813, -0.0031500395853072405, -0.012626908719539642], "thigh_twist_L": [0.999936580657959, -0.0006511693936772645, 0.0007433454156853259, -0.011220650747418404]}