{"lowerarm_R": [0.9985981583595276, 0.05293075740337372, 1.0237173775351494e-08, 2.6275894793315047e-09], "clavicle_L": [0.9995352625846863, -0.006738902069628239, 0.001338657457381487, -0.029705839231610298], "head": [1.0, 0.0, 0.0, 0.0], "upperarm_R": [0.9453389644622803, 0.0312592089176178, -0.16877827048301697, 0.277256041765213], "ring02_R": [0.9773623943328857, -0.2115720510482788, -1.476985289627919e-08, 5.717363915636042e-09], "hand_R": [0.9970592856407166, -0.07663430273532867, -1.0311061338086347e-08, 1.4100907108627325e-08], "upperarm_twist_R": [1.0, 0.0, 0.0, 0.0], "toes_L": [1.0, 0.0, 0.0, 0.0], "thumb02_R": [0.9731638431549072, -0.23011325299739838, -3.0624160984871196e-08, 7.65603935803938e-09], "thigh_L": [0.9998217821121216, 0.01363847404718399, 0.002009835559874773, -0.01292338129132986], "pinky00_R": [1.0, 0.0, 0.0, -0.0], "ring01_L": [0.9821997880935669, -0.18783943355083466, 5.333629538029072e-09, -1.8964023684731046e-09], "clavicle_R": [0.999535083770752, -0.006738901138305664, -0.0013386575737968087, 0.029705841094255447], "toes_R": [1.0, 0.0, 0.0, -0.0], "ring00_R": [1.0, 0.0, 0.0, -0.0], "upperarm_L": [0.945339024066925, 0.031259190291166306, 0.16877825558185577, -0.27725598216056824], "middle03_R": [0.9964094758033752, -0.08466493338346481, -1.1216144457648625e-08, -1.8693574688199988e-08], "foot_R": [0.997922956943512, 0.0337207093834877, -0.025564072653651237, -0.04857129976153374], "ring01_R": [0.9821997284889221, -0.18783944845199585, -5.333629982118282e-09, 1.8964023684731046e-09], "pinky02_R": [0.9659553170204163, -0.2587089240550995, -3.736067899495765e-09, 8.195243594855128e-09], "thigh_twist_R": [1.0, 0.0, 0.0, 0.0], "ring03_L": [0.9882633090019226, -0.15276068449020386, -2.827150291651037e-09, -1.5078132520329746e-08], "index01_L": [0.997349739074707, -0.0727575346827507, -1.0441880249345559e-08, 1.1520709719547995e-08], "ring02_L": [0.9773623943328857, -0.21157206594944, 1.476985378445761e-08, -5.717363915636042e-09], "pelvis": [1.0, 0.0, 0.0, 0.0], "index03_R": [1.0, 0.0, 0.0, -0.0], "index00_R": [1.0, 0.0, 0.0, -0.0], "spine02": [1.0, 0.0, 0.0, 0.0], "middle01_L": [0.9880856871604919, -0.15390463173389435, 1.3519738217837585e-08, -1.508084146450983e-08], "index02_L": [0.9710298776626587, -0.23895864188671112, 9.774637987902679e-09, -5.910111955387265e-09], "lowerarm_twist_L": [1.0, 0.0, 0.0, 0.0], "ring03_R": [0.9882631897926331, -0.15276066958904266, 2.8271498475618273e-09, 1.5078130743972906e-08], "middle02_L": [0.9776121973991394, -0.2104147970676422, 6.906714755672283e-09, -7.621201447705062e-09], "spine03": [0.9994649291038513, -0.032709091901779175, -2.352433569122181e-13, 1.2580714248144886e-08], "middle01_R": [0.9880856871604919, -0.15390463173389435, -1.3519737329659165e-08, 1.508084324086667e-08], "middle00_L": [1.0, 0.0, 0.0, 0.0], "index03_L": [1.0, 0.0, 0.0, 0.0], "thumb02_L": [0.973163902759552, -0.23011323809623718, 3.062415743215752e-08, -7.656041134396219e-09], "index02_R": [0.9710297584533691, -0.23895861208438873, -9.77463709972426e-09, 5.9101106231196354e-09], "pinky03_R": [0.9817311763763428, -0.1902732402086258, -1.4229800671117232e-09, -1.4229797340448158e-09], "pinky00_L": [1.0, 0.0, 0.0, 0.0], "pinky01_L": [0.9792596101760864, -0.20260952413082123, -3.566447137615114e-10, -6.895096049674976e-09], "breast_L": [1.0, 0.0, 0.0, 0.0], "hand_L": [0.9970593452453613, -0.07663429528474808, 1.0311060449907927e-08, -1.4100905332270486e-08], "pinky03_L": [0.9817311763763428, -0.1902732402086258, 1.4229800671117232e-09, 1.4229797340448158e-09], "index01_R": [0.9973496794700623, -0.0727575421333313, 1.0441881137523978e-08, -1.1520710607726414e-08], "thumb01_L": [0.995262622833252, 1.1229067453655261e-08, 0.09722289443016052, -1.497208934608807e-08], "index00_L": [1.0, 0.0, 0.0, 0.0], "calf_R": [0.9966575503349304, -0.06854934990406036, 0.04399348795413971, -0.006264339201152325], "calf_twist_L": [1.0, 0.0, 0.0, 0.0], "spine01": [1.0, 0.0, 0.0, 0.0], "thumb01_R": [0.995262622833252, 1.1229067453655261e-08, -0.09722289443016052, 1.497208934608807e-08], "middle00_R": [1.0, 0.0, 0.0, -0.0], "pinky01_R": [0.9792596101760864, -0.20260952413082123, 3.566447137615114e-10, 6.895096493764186e-09], "lowerarm_L": [0.9985982179641724, 0.05293075740337372, -1.0237173775351494e-08, -2.6275897013761096e-09], "middle02_R": [0.9776121973991394, -0.2104147970676422, -6.906714755672283e-09, 7.621201447705062e-09], "foot_L": [0.9979230165481567, 0.0337207093834877, 0.025564072653651237, 0.04857129976153374], "middle03_L": [0.9964094758033752, -0.08466493338346481, 1.1216143569470205e-08, 1.8693574688199988e-08], "calf_twist_R": [1.0, 0.0, 0.0, 0.0], "pinky02_L": [0.9659554362297058, -0.2587089538574219, 3.736068343584975e-09, -8.195245371211968e-09], "neck": [1.0, 0.0, 0.0, 0.0], "lowerarm_twist_R": [1.0, 0.0, 0.0, 0.0], "thumb03_R": [1.0, 0.0, 0.0, -0.0], "thigh_twist_L": [1.0, 0.0, 0.0, 0.0], "calf_L": [0.9966576099395752, -0.06854934245347977, -0.04399348795413971, 0.006264339201152325], "root": [1.0, 0.0, 0.0, 0.0], "thumb03_L": [1.0, 0.0, 0.0, 0.0], "thigh_R": [0.9998214840888977, 0.013638469390571117, -0.002009834861382842, 0.012923377566039562], "ring00_L": [1.0, 0.0, 0.0, 0.0], "upperarm_twist_L": [1.0, 0.0, 0.0, 0.0], "breast_R": [1.0, 0.0, 0.0, 0.0]}