{"lowerarm_R": [0.9836562275886536, 0.13524216413497925, 0.1002638041973114, 0.06385412067174911], "clavicle_L": [0.9968392252922058, -0.05355791747570038, -0.02771293930709362, 0.051722556352615356], "head": [0.9839078783988953, 0.11148115247488022, -0.13952778279781342, 0.005427724681794643], "upperarm_R": [0.8568994998931885, -0.3659193217754364, 0.33390897512435913, 0.14258825778961182], "ring02_R": [0.9765384793281555, -0.21534363925457, 1.603458699150906e-08, -3.1395166466552382e-09], "hand_R": [0.9814275503158569, 0.08576138317584991, 0.005836176220327616, 0.17149654030799866], "upperarm_twist_R": [1.0, 0.0, 0.0, 0.0], "toes_L": [0.9313196539878845, 0.3642028570175171, 1.205004025450762e-07, -1.60000492854806e-08], "thumb02_R": [0.9445899128913879, -0.2762024402618408, 0.0035911770537495613, 0.17733947932720184], "thigh_L": [0.958170473575592, -0.08548589795827866, 0.00818429235368967, -0.27301090955734253], "pinky00_R": [1.0, 0.0, 0.0, -0.0], "ring01_L": [0.9671280384063721, -0.2542898654937744, 7.950010427748566e-09, -8.775928428406132e-09], "clavicle_R": [1.0, 0.0, 0.0, 0.0], "toes_R": [0.9733617305755615, -0.22922103106975555, 0.004943183623254299, -0.0005711488774977624], "ring00_R": [1.0, 0.0, 0.0, -0.0], "upperarm_L": [0.9047068953514099, -0.22288739681243896, -0.35253819823265076, -0.08685282617807388], "middle03_R": [0.9917837381362915, -0.12792609632015228, 8.451341848569882e-09, 5.6342277510168515e-09], "foot_R": [0.9469707608222961, -0.2947568893432617, -0.08859986811876297, -0.09227775037288666], "ring01_R": [0.9671280384063721, -0.25428980588912964, -7.950008651391727e-09, 8.775927540227713e-09], "pinky02_R": [0.9831985831260681, -0.182539701461792, -1.038412289489088e-08, -1.835330998289919e-09], "thigh_twist_R": [1.0, 0.0, 0.0, 0.0], "ring03_L": [0.9698691368103027, -0.24362659454345703, -2.2027238699706686e-08, -1.913278069309854e-08], "index01_L": [0.9516498446464539, -0.30718493461608887, 1.0529150884508454e-08, -7.369200805129594e-10], "ring02_L": [0.976538360118866, -0.21534360945224762, -1.603458521515222e-08, 3.1395164246106333e-09], "pelvis": [0.9925172328948975, -2.2118911147117615e-08, -0.06068415939807892, 0.10595797002315521], "index03_R": [0.9997240304946899, -0.023492150008678436, -1.8631594045359634e-09, -6.938893903907228e-18], "index00_R": [1.0, 0.0, 0.0, -0.0], "spine02": [0.9967783689498901, -0.06112232804298401, 0.03754185140132904, -0.0358835905790329], "middle01_L": [0.9733947515487671, -0.2291346788406372, 6.751784464853472e-09, -1.180727959848582e-09], "index02_L": [0.9950827956199646, -0.09904653578996658, -7.721379091663039e-09, -6.08351147235453e-09], "lowerarm_twist_L": [1.0, 0.0, 0.0, 0.0], "ring03_R": [0.9698691368103027, -0.24362657964229584, 2.2027236923349847e-08, 1.91327789167417e-08], "middle02_L": [0.978938639163971, -0.20415471494197845, -1.3092058104291482e-08, -2.8208042568422798e-09], "spine03": [0.9890304207801819, -0.06931699812412262, 0.11215133965015411, -0.06660562008619308], "middle01_R": [0.9733949303627014, -0.2291346788406372, -6.751784464853472e-09, 1.180728181893187e-09], "middle00_L": [1.0, 0.0, -0.0, 0.0], "index03_L": [0.9997240304946899, -0.023492150008678436, 1.8631594045359634e-09, 6.938893903907228e-18], "thumb02_L": [0.9445899128913879, -0.2762024402618408, -0.0035911723971366882, -0.17733949422836304], "index02_R": [0.9950827956199646, -0.09904653578996658, 7.721379091663039e-09, 6.08351147235453e-09], "pinky03_R": [0.9957564473152161, -0.09202730655670166, -1.4114848845281358e-08, -4.1464289779469254e-09], "pinky00_L": [1.0, 0.0, -0.0, 0.0], "pinky01_L": [0.9618555307388306, -0.2735578119754791, -1.113494363380596e-08, 3.873024123635105e-09], "breast_L": [1.0, 0.0, 0.0, 0.0], "hand_L": [0.9825934767723083, 0.08571884781122208, -0.006430926267057657, -0.16468442976474762], "pinky03_L": [0.9957565069198608, -0.09202732145786285, 1.4114852397995037e-08, 4.146429866125345e-09], "index01_R": [0.9516498446464539, -0.30718493461608887, -1.0529151772686873e-08, 7.369198584683545e-10], "thumb01_L": [0.9697566628456116, 0.030026234686374664, 0.18137717247009277, -0.1605391502380371], "index00_L": [1.0, 0.0, -0.0, 0.0], "calf_R": [0.9848049879074097, -0.17239905893802643, -0.018680188804864883, -0.009434744715690613], "calf_twist_L": [1.0, 0.0, 0.0, 0.0], "spine01": [0.9958071708679199, 0.06689101457595825, -0.02601465955376625, -0.05671843886375427], "thumb01_R": [0.9697567224502563, 0.030026227235794067, -0.18137715756893158, 0.16053913533687592], "middle00_R": [1.0, 0.0, 0.0, -0.0], "pinky01_R": [0.9618555903434753, -0.2735578119754791, 1.113494452198438e-08, -3.873024567724315e-09], "lowerarm_L": [0.9927874207496643, 0.015589535236358643, -0.09182819724082947, -0.07548321783542633], "middle02_R": [0.978938639163971, -0.20415471494197845, 1.3092058104291482e-08, 2.8208042568422798e-09], "foot_L": [0.9292470216751099, -0.3048304319381714, 0.03884562849998474, 0.20510992407798767], "middle03_L": [0.9917836785316467, -0.12792609632015228, -8.451340960391462e-09, -5.634228195106061e-09], "calf_twist_R": [1.0, 0.0, 0.0, 0.0], "pinky02_L": [0.9831984639167786, -0.1825396865606308, 1.038412200671246e-08, 1.8353306652230117e-09], "neck": [0.9988994002342224, -0.0010943637462332845, 0.0025085709057748318, 0.04682786017656326], "lowerarm_twist_R": [1.0, 0.0, 0.0, 0.0], "thumb03_R": [0.9948928952217102, -0.10093708336353302, 7.488827336032955e-09, 0.0], "thigh_twist_L": [1.0, 0.0, 0.0, 0.0], "calf_L": [1.0, 0.0, 0.0, 0.0], "root": [1.0, 0.0, 0.0, 0.0], "thumb03_L": [0.9948928356170654, -0.10093706846237183, -7.488826447854535e-09, 0.0], "thigh_R": [0.9756560325622559, 0.218960240483284, 0.003926701378077269, 0.011679249815642834], "ring00_L": [1.0, 0.0, -0.0, 0.0], "upperarm_twist_L": [1.0, 0.0, 0.0, 0.0], "breast_R": [1.0, 0.0, 0.0, 0.0]}