{"lowerarm_R": [1.0, 0.0, 0.0, -0.0], "clavicle_L": [1.0, 0.0, 0.0, -0.0], "head": [1.0, 0.0, 0.0, 0.0], "upperarm_R": [0.8741116523742676, -0.007459105458110571, -0.0014510109322145581, 0.4856657385826111], "ring02_R": [1.0, 0.0, 0.0, -0.0], "hand_R": [1.0, 0.0, 0.0, -0.0], "upperarm_twist_R": [1.0, 0.0, 0.0, 0.0], "toes_L": [1.0, 0.0, 0.0, 0.0], "thumb02_R": [1.0, 0.0, 0.0, -0.0], "thigh_L": [0.9974778890609741, -0.00018281216034665704, -0.0023529911413788795, -0.07093829661607742], "pinky00_R": [1.0, 0.0, 0.0, -0.0], "ring01_L": [1.0, 0.0, 0.0, 0.0], "clavicle_R": [1.0, 0.0, 0.0, 0.0], "toes_R": [1.0, 0.0, 0.0, -0.0], "ring00_R": [1.0, 0.0, 0.0, -0.0], "upperarm_L": [0.8741115927696228, -0.0074591063894331455, 0.001451011747121811, -0.48566576838493347], "middle03_R": [1.0, 0.0, 0.0, -0.0], "foot_R": [0.9946081042289734, 0.004870180040597916, -0.09026294946670532, -0.050829630345106125], "ring01_R": [1.0, 0.0, 0.0, -0.0], "pinky02_R": [1.0, 0.0, 0.0, -0.0], "thigh_twist_R": [1.0, 0.0, 0.0, 0.0], "ring03_L": [1.0, 0.0, 0.0, 0.0], "index01_L": [1.0, 0.0, 0.0, 0.0], "ring02_L": [1.0, 0.0, 0.0, 0.0], "pelvis": [1.0, 0.0, 0.0, 0.0], "index03_R": [1.0, 0.0, 0.0, -0.0], "index00_R": [1.0, 0.0, 0.0, -0.0], "spine02": [1.0, 0.0, 0.0, 0.0], "middle01_L": [1.0, 0.0, 0.0, 0.0], "index02_L": [1.0, 0.0, 0.0, 0.0], "lowerarm_twist_L": [1.0, 0.0, 0.0, 0.0], "ring03_R": [1.0, 0.0, 0.0, -0.0], "middle02_L": [1.0, 0.0, 0.0, 0.0], "spine03": [1.0, 0.0, 0.0, 0.0], "middle01_R": [1.0, 0.0, 0.0, -0.0], "middle00_L": [1.0, 0.0, 0.0, 0.0], "index03_L": [1.0, 0.0, 0.0, 0.0], "thumb02_L": [1.0, 0.0, 0.0, 0.0], "index02_R": [1.0, 0.0, 0.0, -0.0], "pinky03_R": [1.0, 0.0, 0.0, -0.0], "pinky00_L": [1.0, 0.0, 0.0, 0.0], "pinky01_L": [1.0, 0.0, 0.0, 0.0], "breast_L": [0.9983381032943726, 0.05762870982289314, 2.224142289273894e-16, 1.6325274465600614e-09], "hand_L": [1.0, 0.0, 0.0, 0.0], "pinky03_L": [1.0, 0.0, 0.0, 0.0], "index01_R": [1.0, 0.0, 0.0, -0.0], "thumb01_L": [1.0, 0.0, 0.0, 0.0], "index00_L": [1.0, 0.0, 0.0, 0.0], "calf_R": [1.0, 0.0, 0.0, -0.0], "calf_twist_L": [1.0, 0.0, 0.0, 0.0], "spine01": [1.0, 0.0, 0.0, 0.0], "thumb01_R": [1.0, 0.0, 0.0, -0.0], "middle00_R": [1.0, 0.0, 0.0, -0.0], "pinky01_R": [1.0, 0.0, 0.0, -0.0], "lowerarm_L": [1.0, 0.0, 0.0, 0.0], "middle02_R": [1.0, 0.0, 0.0, -0.0], "foot_L": [0.9946081042289734, 0.004870180040597916, 0.09026294946670532, 0.050829630345106125], "middle03_L": [1.0, 0.0, 0.0, 0.0], "calf_twist_R": [1.0, 0.0, 0.0, 0.0], "pinky02_L": [1.0, 0.0, 0.0, 0.0], "neck": [1.0, 0.0, 0.0, 0.0], "lowerarm_twist_R": [1.0, 0.0, 0.0, 0.0], "thumb03_R": [1.0, 0.0, 0.0, -0.0], "thigh_twist_L": [1.0, 0.0, 0.0, 0.0], "calf_L": [1.0, 0.0, 0.0, 0.0], "root": [1.0, 0.0, -0.0, 0.0], "thumb03_L": [1.0, 0.0, 0.0, 0.0], "thigh_R": [0.9974778890609741, -0.00018281217489857227, 0.002352991374209523, 0.07093829661607742], "ring00_L": [1.0, 0.0, 0.0, 0.0], "upperarm_twist_L": [1.0, 0.0, 0.0, 0.0], "breast_R": [0.9983381032943726, 0.05762871354818344, -2.2898349882893854e-16, -1.632527557582364e-09]}