{"lowerarm_R": [0.9994653463363647, -0.028391649946570396, 0.00042862945701926947, 0.016210738569498062], "clavicle_L": [1.0, 0.0, 0.0, -0.0], "head": [1.0, 0.0, 0.0, 0.0], "upperarm_R": [0.8704150915145874, 0.004521029070019722, 0.003537578973919153, 0.4922849237918854], "ring02_R": [1.0, 0.0, 0.0, -0.0], "hand_R": [1.0, 0.0, 0.0, -0.0], "upperarm_twist_R": [1.0, 0.0, 0.0, 0.0], "toes_L": [1.0, 0.0, 0.0, 0.0], "thumb02_R": [1.0, 0.0, 0.0, -0.0], "thigh_L": [0.9969541430473328, 0.00016500255151186138, 0.002980542369186878, 0.07793335616588593], "pinky00_R": [1.0, 0.0, 0.0, -0.0], "ring01_L": [1.0, 0.0, 0.0, 0.0], "clavicle_R": [1.0, 0.0, 0.0, 0.0], "toes_R": [1.0, 0.0, 0.0, -0.0], "ring00_R": [1.0, 0.0, 0.0, -0.0], "upperarm_L": [0.8704151511192322, 0.004521029535681009, -0.0035375801380723715, -0.49228501319885254], "middle03_R": [1.0, 0.0, 0.0, -0.0], "foot_R": [0.9997332692146301, 0.0011435947380959988, -0.020137844607234, -0.011254949495196342], "ring01_R": [1.0, 0.0, 0.0, -0.0], "pinky02_R": [1.0, 0.0, 0.0, -0.0], "thigh_twist_R": [1.0, 0.0, 0.0, 0.0], "ring03_L": [1.0, 0.0, 0.0, 0.0], "index01_L": [1.0, 0.0, 0.0, 0.0], "ring02_L": [1.0, 0.0, 0.0, 0.0], "pelvis": [1.0, 0.0, 0.0, -0.0], "index03_R": [1.0, 0.0, 0.0, -0.0], "index00_R": [1.0, 0.0, 0.0, -0.0], "spine02": [1.0, 0.0, 0.0, -0.0], "middle01_L": [1.0, 0.0, 0.0, 0.0], "index02_L": [1.0, 0.0, 0.0, 0.0], "lowerarm_twist_L": [1.0, 0.0, 0.0, 0.0], "ring03_R": [1.0, 0.0, 0.0, -0.0], "middle02_L": [1.0, 0.0, 0.0, 0.0], "spine03": [1.0, 0.0, 0.0, 0.0], "middle01_R": [1.0, 0.0, 0.0, -0.0], "middle00_L": [1.0, 0.0, 0.0, 0.0], "index03_L": [1.0, 0.0, 0.0, 0.0], "thumb02_L": [1.0, 0.0, 0.0, 0.0], "index02_R": [1.0, 0.0, 0.0, -0.0], "pinky03_R": [1.0, 0.0, 0.0, -0.0], "pinky00_L": [1.0, 0.0, 0.0, 0.0], "pinky01_L": [1.0, 0.0, 0.0, 0.0], "breast_L": [1.0, 0.0, 0.0, 0.0], "hand_L": [1.0, 0.0, 0.0, 0.0], "pinky03_L": [1.0, 0.0, 0.0, 0.0], "index01_R": [1.0, 0.0, 0.0, -0.0], "thumb01_L": [1.0, 0.0, 0.0, 0.0], "index00_L": [1.0, 0.0, 0.0, 0.0], "calf_R": [1.0, 0.0, 0.0, -0.0], "calf_twist_L": [1.0, 0.0, 0.0, 0.0], "spine01": [1.0, 0.0, 0.0, -0.0], "thumb01_R": [1.0, 0.0, 0.0, -0.0], "middle00_R": [1.0, 0.0, 0.0, -0.0], "pinky01_R": [1.0, 0.0, 0.0, -0.0], "lowerarm_L": [0.9994654059410095, -0.028391646221280098, -0.00042862945701926947, -0.016210738569498062], "middle02_R": [1.0, 0.0, 0.0, -0.0], "foot_L": [0.9997332096099854, 0.0011435947380959988, 0.02013784646987915, 0.011254950426518917], "middle03_L": [1.0, 0.0, 0.0, 0.0], "calf_twist_R": [1.0, 0.0, 0.0, 0.0], "pinky02_L": [1.0, 0.0, 0.0, 0.0], "neck": [1.0, 0.0, 0.0, 0.0], "lowerarm_twist_R": [1.0, 0.0, 0.0, 0.0], "thumb03_R": [1.0, 0.0, 0.0, -0.0], "thigh_twist_L": [1.0, 0.0, 0.0, 0.0], "calf_L": [1.0, 0.0, 0.0, 0.0], "root": [1.0, 0.0, 0.0, 0.0], "thumb03_L": [1.0, 0.0, 0.0, 0.0], "thigh_R": [0.9969541430473328, 0.00016500253695994616, -0.002980542369186878, -0.07793335616588593], "ring00_L": [1.0, 0.0, 0.0, 0.0], "upperarm_twist_L": [1.0, 0.0, 0.0, 0.0], "breast_R": [1.0, 0.0, 0.0, -0.0]}