{"thumb02_R": [0.9698237776756287, -0.24371649324893951, 0.0002414591290289536, 0.006629041861742735], "toes_L": [1.0, 9.732985927257687e-05, -0.00016249580949079245, -0.00010554986511124298], "pinky00_R": [1.0, -1.1175862901779965e-08, -9.313224635931761e-10, -3.552713678800501e-15], "spine02": [0.9954286217689514, 0.09434549510478973, -0.00012980993778910488, 0.014857766218483448], "index03_R": [0.9999966025352478, 0.0009988173842430115, 0.00019339732534717768, -0.0024250063579529524], "calf_twist_R": [1.0, 7.450578820566989e-09, 5.5879372240497105e-09, -6.661338147750939e-16], "index02_L": [0.9709463119506836, -0.23929694294929504, 0.0003054788976442069, -0.00047850250848568976], "middle03_R": [0.996393620967865, -0.08483096212148666, 8.438521035714075e-06, -0.001818658085539937], "thigh_L": [0.9914049506187439, 0.12971878051757812, -0.004766235128045082, -0.016326814889907837], "middle01_R": [0.999505877494812, 0.0006483268225565553, -0.02441343665122986, 0.01979420892894268], "calf_R": [0.9627065658569336, -0.20973949134349823, 0.16451144218444824, -0.04627598449587822], "thumb02_L": [0.9698250889778137, -0.24371318519115448, -7.398414891213179e-05, -0.006574786733835936], "index01_R": [0.9998515248298645, 0.0024310618173331022, -0.014406915754079819, 0.009148972108960152], "calf_L": [0.9911638498306274, -0.12588763236999512, -0.03895409032702446, 0.015140353702008724], "index00_L": [1.0, 5.2154103258317264e-08, 5.587942109031019e-09, 1.4901170075631853e-08], "upperarm_L": [0.9184609651565552, 0.19470787048339844, 0.03445854038000107, -0.342536062002182], "ring02_L": [0.9774186611175537, -0.21130792796611786, 7.365339843090624e-05, -0.0013511511497199535], "lowerarm_twist_R": [0.9999979734420776, 0.0007845657528378069, 2.133317138941493e-05, -0.001897165784612298], "thigh_R": [0.9940821528434753, 0.0355956107378006, 0.002643799176439643, 0.10260003805160522], "ring00_R": [1.0, -2.2351741790771484e-08, 4.440892098500626e-16, 3.7252898543727042e-09], "neck": [0.99848473072052, -0.021752428263425827, 0.05012372136116028, 0.0065309759229421616], "pinky02_L": [0.9664767384529114, -0.2567538619041443, -0.0004348461516201496, 0.00014910903701093048], "middle00_R": [1.0, -7.450580596923828e-09, -4.6566112077428556e-10, 0.0], "thigh_twist_L": [0.9999841451644897, -0.0003254803013987839, 0.0003716821374837309, -0.005610301159322262], "head": [0.9846382141113281, -0.16629090905189514, 0.04702572524547577, -0.024970676749944687], "pinky03_L": [0.980335533618927, -0.1973373144865036, 0.0005389112629927695, 0.0002956894168164581], "breast_L": [0.9987501502037048, -0.04986809566617012, -0.0031097333412617445, 0.0013654546346515417], "toes_R": [1.0, -9.453831444261596e-05, 0.00016063739894889295, -0.00010975061741191894], "index03_L": [0.999997079372406, 0.00012305629206821322, -0.00011906056897714734, 0.002414829097688198], "hand_L": [0.9972033500671387, -0.07472222298383713, 0.0003743974957615137, -0.001468016067519784], "clavicle_R": [0.9975109100341797, -0.04980030283331871, 0.01484475377947092, 0.04766140133142471], "ring01_R": [0.9957134127616882, -0.09048017859458923, -0.013835357502102852, 0.01329878717660904], "pinky00_L": [1.0, 7.993605777301127e-15, -9.313233739760562e-09, -1.4901170075631853e-08], "spine01": [0.9998943209648132, 0.014541550539433956, -2.480514069702622e-07, 1.702613189991098e-05], "thumb01_R": [0.9951215386390686, -0.002860388020053506, -0.09861469268798828, 0.00042919316911138594], "clavicle_L": [0.9966926574707031, 0.03378448635339737, 0.014575373381376266, -0.07245668768882751], "ring03_R": [0.987795352935791, -0.15575534105300903, 0.0003857927513308823, -0.000788557983469218], "upperarm_R": [0.9260850548744202, -0.0054262070916593075, 0.01805439591407776, 0.3768436014652252], "thumb01_L": [0.9951215982437134, -0.0028582715895026922, 0.09861362725496292, -0.0005061972187831998], "spine03": [0.9967144727706909, 0.0809725895524025, -0.0010179561795666814, 0.0016306323232129216], "pinky03_R": [0.9806638956069946, -0.19569769501686096, -0.0009390416089445353, -0.0001519623037893325], "pelvis": [0.9999446868896484, 1.0554482287261635e-05, 0.001460433704778552, -0.010418405756354332], "calf_twist_L": [1.0, 6.984921530062138e-10, 7.188649231437694e-09, -1.862645815364772e-09], "root": [1.0, 0.0, -5.684335787443581e-14, -7.1054197343044766e-15], "middle02_R": [0.9774064421653748, -0.21136724948883057, -2.5469409592915326e-05, 0.0008192411623895168], "thumb03_L": [0.9996771812438965, 0.0239358339458704, -0.0003661960072349757, 0.00852002389729023], "ring03_L": [0.9873380064964294, -0.1586282104253769, -0.0006779531831853092, 0.0005014826310798526], "middle03_L": [0.9962494373321533, -0.086514912545681, -5.949687420070404e-06, 0.0014846108388155699], "ring01_L": [0.9821961522102356, -0.18785765767097473, 0.0005158769199624658, 0.0001337622234132141], "middle01_L": [0.9881445169448853, -0.15352468192577362, 0.0006087157526053488, -0.0005765240057371557], "thigh_twist_R": [0.9999841451644897, -0.0003262364480178803, -0.0003717221843544394, 0.005610116291791201], "pinky01_L": [0.9791560173034668, -0.20310643315315247, 0.00012173026334494352, 0.0011776945320889354], "index02_R": [0.9876806139945984, -0.15596488118171692, -0.012432141229510307, -0.0027344285044819117], "foot_R": [0.9814687371253967, 0.17385242879390717, -0.06934022903442383, -0.04106815904378891], "index01_L": [0.9973276853561401, -0.07302610576152802, 0.0004220706468913704, -0.002141389064490795], "upperarm_twist_R": [0.9999147057533264, -0.009531458839774132, -0.0009504462359473109, 0.008888422511518002], "ring00_L": [1.0, 7.450581485102248e-09, 4.440892098500626e-16, -3.7252889661942845e-09], "breast_R": [0.9983890056610107, -0.0566675141453743, 0.0027612398844212294, -0.0007254069205373526], "pinky02_R": [0.9664837718009949, -0.25672733783721924, 0.0004923443193547428, -0.00027735691401176155], "lowerarm_L": [0.9901506304740906, 0.13942471146583557, 0.003490024944767356, 0.012266973033547401], "foot_L": [0.9963322281837463, -0.0015401998534798622, 0.012705345638096333, 0.08460695296525955], "ring02_R": [0.9774299263954163, -0.2112562358379364, -5.777026672149077e-05, 0.0012564234202727675], "pinky01_R": [0.9791758060455322, -0.20301100611686707, -0.00015546390204690397, -0.0012077486608177423], "middle02_L": [0.9774088859558105, -0.211356520652771, 4.305370384827256e-05, -0.0006567632080987096], "index00_R": [1.0, 7.450585925994346e-09, -2.084563632820391e-09, 8.149075858554511e-10], "middle00_L": [1.0, -1.490118251012973e-08, -1.6763832988431204e-08, -1.4901171851988693e-08], "lowerarm_R": [0.9916240572929382, 0.11344526708126068, 0.021240437403321266, 0.05797296762466431], "thumb03_R": [0.9996771812438965, 0.023937352001667023, 0.00036827303119935095, -0.008517867885529995], "upperarm_twist_L": [0.9999147057533264, -0.009531768970191479, 0.0009492228855378926, -0.00888816174119711], "lowerarm_twist_L": [0.9999979138374329, 0.000784612144343555, -2.1328829461708665e-05, 0.001897457055747509], "hand_R": [0.999130368232727, 0.04166918620467186, -0.00022422104666475207, 0.001505718333646655]}
