{"index03_R": [0.9999866485595703, -0.0008776197792030871, 0.0007520656217820942, -0.005029812455177307], "ring03_L": [0.9999365210533142, -0.01120928954333067, -0.00020247051725164056, 0.001139539759606123], "pinky03_R": [0.9999133944511414, -0.013044606894254684, -0.000763667922001332, -0.0015602277126163244], "lowerarm_R": [0.9177570343017578, 0.3760378658771515, -0.05333840847015381, -0.11607193201780319], "index00_L": [1.0, -1.3038526702757736e-08, 6.053601619981919e-09, 2.6077046300088114e-08], "spine03": [0.9669443964958191, -0.11449205875396729, -0.22237378358840942, -0.04959901049733162], "thumb01_L": [0.9999760985374451, -0.006298519670963287, 0.002778512192890048, -0.0006647094851359725], "foot_R": [0.9812198877334595, -0.16611815989017487, -0.0006340410909615457, -0.09804023802280426], "index00_R": [1.0, 9.769962616701378e-15, 4.842880585442799e-08, -1.4901161193847656e-08], "lowerarm_twist_R": [0.9999916553497314, 0.0015699064824730158, 4.250937854521908e-05, -0.003794510383158922], "index01_L": [0.9999904632568359, -0.0005397045752033591, 0.00048292422434315085, -0.004322863183915615], "index02_R": [0.9526365399360657, -0.30411002039909363, -0.0007684465381316841, 0.0004625550063792616], "thigh_L": [0.9823817610740662, -0.0011514609213918447, -0.13355426490306854, -0.13072162866592407], "upperarm_R": [0.810879647731781, -0.12579572200775146, -0.34434232115745544, 0.4561557471752167], "pinky03_L": [0.9996976852416992, -0.024555295705795288, 0.0008792020962573588, 0.0009211156284436584], "index02_L": [0.952591598033905, -0.30424964427948, 0.00089026871137321, -0.0008085166336968541], "middle02_R": [0.995301365852356, -0.09681499749422073, 0.00013369650696404278, 0.0014986507594585419], "spine01": [0.994590699672699, -0.08263114094734192, -0.05732220038771629, 0.025992294773459435], "ring00_R": [1.0, 3.72529100900465e-08, -4.470347292340193e-08, -3.352760558072987e-08], "head": [0.9978383779525757, -0.03262857720255852, -0.05701369419693947, -0.0018643079092726111], "hand_L": [0.98900306224823, 0.1478632092475891, 0.00018455345707479864, -0.00306115485727787], "ring00_L": [1.0, -6.984920974950626e-10, -1.09139391968327e-10, -4.656613983300417e-10], "breast_R": [0.9990136623382568, 0.033401116728782654, 0.018709363415837288, -0.022494865581393242], "hand_R": [0.9957652688026428, -0.04636047035455704, -0.013196464627981186, 0.07828335464000702], "pinky00_L": [1.0, 2.32829533430845e-10, -8.949438412564348e-10, 3.725291186640334e-09], "ring02_R": [0.9999959468841553, 0.0012582577764987946, 0.0004595064092427492, 0.0025240094400942326], "clavicle_R": [0.991509199142456, -0.0924278125166893, 0.03259757161140442, -0.08546339720487595], "calf_R": [0.9979958534240723, -0.00020534085342660546, 0.06279902905225754, -0.007779089733958244], "thumb01_R": [0.9999760985374451, -0.006292980629950762, -0.002789832418784499, 0.0006580441258847713], "pinky01_L": [0.9999967813491821, -0.0010253323707729578, 0.0005781197687610984, 0.0022342298179864883], "upperarm_twist_R": [0.9615920186042786, -0.023253941908478737, 0.27323994040489197, 0.011831407435238361], "middle03_L": [0.9999911189079285, -0.0030123405158519745, 0.00034164462704211473, 0.0029155989177525043], "root": [1.0, 0.0, -5.684335787443581e-14, -7.1054197343044766e-15], "ring03_R": [0.9999879598617554, -0.004600674379616976, -0.00019270845223218203, -0.0017429881263524294], "thumb02_R": [0.962318480014801, -0.27159953117370605, 0.0003203504311386496, 0.013300234451889992], "calf_L": [0.9999693036079407, -0.0006829482736065984, -0.0009834389202296734, 0.007754592224955559], "middle02_L": [0.9953038692474365, -0.09678924828767776, -6.595695595024154e-05, -0.0014581960858777165], "index01_R": [0.9999904632568359, -0.0005266801454126835, -0.0004819338792003691, 0.004322165623307228], "calf_twist_R": [1.0, 6.984919309616089e-10, 2.3137509685966506e-09, 9.313224635931761e-10], "ring01_R": [0.9999996423721313, -5.16395884915255e-05, -0.0009058985742740333, -4.248451296007261e-05], "breast_L": [0.9988151788711548, 0.04793468490242958, 0.008176766335964203, 0.0018961508758366108], "lowerarm_twist_L": [0.9999916553497314, 0.0015692515298724174, -4.22939338022843e-05, 0.0037948547396808863], "spine02": [0.9964413046836853, -0.06993337720632553, -0.04148498922586441, -0.02220916748046875], "thumb03_R": [0.972557544708252, 0.23204299807548523, -0.002418109681457281, -0.016794802621006966], "middle00_R": [1.0, -2.235175244891252e-08, -4.842874545829545e-08, 4.09781861776537e-08], "neck": [0.9983251690864563, 0.04298430308699608, -0.03705861046910286, 0.011220415122807026], "pinky01_R": [0.9999969005584717, -0.0008211332024075091, -0.0005749888950958848, -0.002316255820915103], "middle03_R": [0.9999955296516418, 4.5256336306920275e-05, -0.000607323192525655, -0.002925773151218891], "toes_R": [0.9867852926254272, -0.13708731532096863, -0.08173080533742905, 0.027964919805526733], "thumb03_L": [0.9725570678710938, 0.2320423424243927, 0.0024554349947720766, 0.016828011721372604], "middle01_L": [0.9999984502792358, 0.0007527132984250784, 0.0008810188737697899, -0.001308876438997686], "middle00_L": [1.0, -4.65662175486159e-10, 4.220061633475325e-09, -5.587943441298648e-09], "pinky00_R": [1.0, 4.4703462265260896e-08, 5.774198541530495e-08, -1.1175870007207322e-08], "clavicle_L": [0.9985073208808899, -0.017131632193922997, -0.00801619328558445, 0.05123894289135933], "thigh_R": [0.9792398810386658, 0.18833746016025543, -0.008815726265311241, 0.07443550229072571], "index03_L": [0.9999789595603943, -0.004115292336791754, -0.0004045962996315211, 0.004995840135961771], "upperarm_twist_L": [0.9745504260063171, -0.022596850991249084, -0.2226456254720688, -0.013031487353146076], "ring01_L": [0.9999995827674866, -6.081739775254391e-05, 0.0009080288000404835, 3.724406997207552e-05], "ring02_L": [0.9999955296516418, 0.0015759430825710297, -0.0004943300154991448, -0.002497943816706538], "upperarm_L": [0.8487268686294556, -0.07510478049516678, 0.27954286336898804, -0.44258078932762146], "middle01_R": [0.9999985098838806, 0.0007619807729497552, -0.0008794625755399466, 0.0013068619882687926], "thigh_twist_R": [0.999936580657959, -0.0006532969418913126, -0.0007432271959260106, 0.011220317333936691], "pelvis": [0.8391847610473633, 0.16221880912780762, 0.5190660953521729, 0.004935646429657936], "pinky02_R": [0.9999891519546509, 0.00465733977034688, 5.176806735107675e-05, -0.0003218756755813956], "toes_L": [0.924709677696228, 0.35165464878082275, 0.13545608520507812, 0.05387573316693306], "foot_L": [0.9690922498703003, -0.220108762383461, -0.11012893915176392, 0.016851337626576424], "calf_twist_L": [1.0, 1.4901168299275014e-08, -6.984925970954237e-10, 9.313233517715958e-10], "lowerarm_L": [0.9925792217254639, 0.12137047201395035, 0.005249873269349337, -0.0053197224624454975], "pinky02_L": [0.9999889731407166, 0.004698602948337793, -7.895199087215587e-05, 0.0004550264566205442], "thumb02_L": [0.9623233079910278, -0.271588534116745, 3.804717925959267e-05, -0.013173959217965603], "thigh_twist_L": [0.999936580657959, -0.0006509062368422747, 0.0007434024009853601, -0.011220196262001991]}
