{"IK_control_fg05_R_head": [-0.13971400260925293, 0.0496065691113472, -0.0665292739868164], "IK_control_hd_tail": [-4.2222576546180335e-09, -1.295763373374939, -0.09778976440429688], "IK_control_ft_L_head": [0.013541609048843384, -0.050464384257793427, -0.01142892986536026], "IK_control_fg06_R_tail": [-0.16801434755325317, 0.05195339024066925, 0.14941537380218506], "IK_control_h_R_tail": [0.0014709234237670898, 0.011440224945545197, 0.036379218101501465], "IK_control_fg04_R_tail": [-0.16801434755325317, 0.05195339024066925, -0.010584712028503418], "IK_control_hd_head": [-6.52700948844398e-10, -1.0436350107192993, -0.14853978157043457], "IK_control_usp_tail": [-1.4006067416971746e-09, 0.1147550567984581, -0.15716588497161865], "IK_control_fg02_L_head": [0.13971400260925293, 0.0496065691113472, 0.053470730781555176], "IK_control_fg01_R_head": [-0.13971400260925293, 0.0496065691113472, -0.1065293550491333], "IK_control_ebw_L_tail": [-0.032920897006988525, 0.5184792876243591, -0.11928784847259521], "IK_control_ts_R_tail": [-0.010131686925888062, -0.031363070011138916, 0.0008983351290225983], "IK_control_ebw_L_head": [0.00046128034591674805, 0.36509937047958374, -0.13133621215820312], "IK_control_fg01_L_tail": [0.16801440715789795, 0.05195338651537895, -0.09058475494384766], "IK_control_ft_R_head": [-0.013541609048843384, -0.050464384257793427, -0.01142892986536026], "IK_control_hl_L_head": [0.008903756737709045, -0.006073594093322754, -0.015145871788263321], "IK_control_hl_L_tail": [0.016603782773017883, 0.042939841747283936, -0.007599841803312302], "IK_control_fg06_L_head": [0.13971400260925293, 0.0496065691113472, 0.13347077369689941], "IK_control_fg03_L_head": [0.13971400260925293, 0.0496065691113472, 0.013470649719238281], "IK_control_fg02_R_tail": [-0.16801434755325317, 0.05195338651537895, 0.06941533088684082], "IK_control_ts_L_tail": [0.010131686925888062, -0.031363070011138916, 0.0008983351290225983], "IK_control_fg04_L_head": [0.13971400260925293, 0.0496065691113472, -0.026529312133789062], "IK_control_lsp_tail": [3.4350302602348393e-09, 0.1437004804611206, 0.048625826835632324], "IK_control_fg03_L_tail": [0.16801434755325317, 0.05195338651537895, 0.029415249824523926], "IK_control_fg04_R_head": [-0.13971400260925293, 0.0496065691113472, -0.026529312133789062], "IK_control_ebw_R_tail": [0.032920897006988525, 0.5184792876243591, -0.11928784847259521], "IK_control_kn_R_head": [-0.11483560502529144, -0.7171608805656433, -0.013443529605865479], "IK_control_kn_R_tail": [-0.10987807810306549, -0.9538912177085876, 0.04883289337158203], "IK_control_ebw_R_head": [-0.00046128034591674805, 0.36509937047958374, -0.13133621215820312], "IK_control_fg01_R_tail": [-0.16801440715789795, 0.05195338651537895, -0.09058475494384766], "IK_control_a_L_tail": [-0.06414031982421875, 0.00812571495771408, 0.2474139928817749], "IK_control_fg02_R_head": [-0.13971400260925293, 0.0496065691113472, 0.053470730781555176], "IK_control_ft_L_tail": [0.015662044286727905, 0.07281622290611267, -0.0250173881649971], "IK_control_fg02_L_tail": [0.16801434755325317, 0.05195338651537895, 0.06941533088684082], "IK_control_fg03_R_head": [-0.13971400260925293, 0.0496065691113472, 0.013470649719238281], "IK_control_usp_head": [-1.3387762010097504e-09, 0.09130413085222244, -0.12187492847442627], "IK_control_fg06_L_tail": [0.16801434755325317, 0.05195339024066925, 0.14941537380218506], "IK_control_hl_R_head": [-0.008903756737709045, -0.006073594093322754, -0.015145871788263321], "IK_control_ft_R_tail": [-0.015662044286727905, 0.07281622290611267, -0.0250173881649971], "IK_control_fg05_L_tail": [0.16801434755325317, 0.05195339024066925, -0.05058467388153076], "IK_control_kn_L_head": [0.11483560502529144, -0.7171608805656433, -0.013443529605865479], "IK_control_fg05_R_tail": [-0.16801434755325317, 0.05195339024066925, -0.05058467388153076], "IK_control_fg03_R_tail": [-0.16801434755325317, 0.05195338651537895, 0.029415249824523926], "IK_control_hip_pos_tail": [4.900986283473685e-09, 0.06352861225605011, -0.14373135566711426], "IK_control_kn_L_tail": [0.10987807810306549, -0.9538912177085876, 0.04883289337158203], "IK_control_fg05_L_head": [0.13971400260925293, 0.0496065691113472, -0.0665292739868164], "IK_control_fg01_L_head": [0.13971400260925293, 0.0496065691113472, -0.1065293550491333], "IK_control_lsp_head": [3.311369178859991e-09, 0.10835834592580795, -0.09693408012390137], "IK_control_ts_L_head": [0.012887492775917053, -0.035624340176582336, -0.0013987664133310318], "IK_control_a_R_tail": [0.06414031982421875, 0.00812571495771408, 0.2474139928817749], "IK_control_hl_R_tail": [-0.016603782773017883, 0.042939841747283936, -0.007599841803312302], "IK_control_h_L_tail": [-0.0014709234237670898, 0.011440224945545197, 0.036379218101501465], "IK_control_ts_R_head": [-0.012887492775917053, -0.035624340176582336, -0.0013987664133310318], "IK_control_fg06_R_head": [-0.13971400260925293, 0.0496065691113472, 0.13347077369689941], "IK_control_fg04_L_tail": [0.16801434755325317, 0.05195339024066925, -0.010584712028503418]}