{"IK_control_hl_R_head": [-0.01682373881340027, 0.04383949562907219, -0.008045924827456474], "IK_control_h_R_tail": [-0.015200197696685791, -0.0037581920623779297, -0.002095460891723633], "IK_control_kn_L_tail": [0.1141892820596695, -0.9338479042053223, 0.07880473136901855], "IK_control_usp_tail": [-1.3387762010097504e-09, 0.16258126497268677, -0.009624361991882324], "struct_ft01_L_head": [0.012829437851905823, 0.011685851961374283, -0.004138782620429993], "IK_control_ft_L_tail": [0.007089987397193909, 0.12393999844789505, -0.011770002543926239], "IK_control_a_R_tail": [0.05455434322357178, 0.004249144345521927, 0.236403226852417], "IK_control_fg01_R_head": [-0.1492999792098999, 0.045729998499155045, -0.11754006147384644], "IK_control_ebw_R_head": [-0.012102723121643066, 0.3835439682006836, 0.0009633302688598633], "IK_control_fg04_R_tail": [-0.17497992515563965, 0.0471000000834465, -0.026830077171325684], "IK_control_hd_tail": [1.8062207285396426e-09, -1.2897756099700928, -0.13779258728027344], "struct_ft02_L_tail": [0.012829437851905823, 0.011685851961374283, -0.004138782620429993], "IK_control_fg03_R_head": [-0.1492999792098999, 0.045729998499155045, 0.002459883689880371], "IK_control_lsp_tail": [3.311369178859991e-09, 0.12872743606567383, 0.1572163701057434], "struct_ft01_L_tail": [0.011947914958000183, 0.002322755753993988, 0.00014685466885566711], "IK_control_hd_head": [5.375777156757522e-09, -1.0395715236663818, -0.18301546573638916], "IK_control_fg01_L_head": [0.1492999792098999, 0.045729998499155045, -0.11754006147384644], "IK_control_h_L_tail": [0.015200197696685791, -0.0037581920623779297, -0.002095460891723633], "IK_control_fg06_R_tail": [-0.17497992515563965, 0.0471000000834465, 0.1331700086593628], "IK_control_fg01_R_tail": [-0.17497998476028442, 0.047099996358156204, -0.10683006048202515], "IK_control_fg03_L_tail": [0.17497992515563965, 0.047099996358156204, 0.01316988468170166], "IK_control_hip_pos_tail": [4.900986283473685e-09, 0.08739963173866272, -0.1198074221611023], "IK_control_hl_L_tail": [0.01092374324798584, 0.09532292932271957, 0.0004001930356025696], "IK_control_fg05_R_tail": [-0.17497992515563965, 0.0471000000834465, -0.06683003902435303], "IK_control_fg03_R_tail": [-0.17497992515563965, 0.047099996358156204, 0.01316988468170166], "IK_control_fg05_L_tail": [0.17497992515563965, 0.0471000000834465, -0.06683003902435303], "IK_control_fg05_L_head": [0.1492999792098999, 0.04573000222444534, -0.07754004001617432], "upperarm_twist_R_head": [0.0207168310880661, 0.006511978805065155, 0.0036238431930541992], "clavicle_R_tail": [0.0207168310880661, 0.006511978805065155, 0.0036238431930541992], "IK_control_ebw_L_tail": [-0.01903727650642395, 0.5267078876495361, 0.012383341789245605], "IK_control_kn_L_head": [0.1217992752790451, -0.70029616355896, 0.036484718322753906], "clavicle_L_tail": [-0.0207168310880661, 0.0065119825303554535, 0.0036238431930541992], "IK_control_a_L_tail": [-0.05455434322357178, 0.004249144345521927, 0.236403226852417], "upperarm_R_head": [0.0207168310880661, 0.006511978805065155, 0.0036238431930541992], "IK_control_fg05_R_head": [-0.1492999792098999, 0.04573000222444534, -0.07754004001617432], "IK_control_ebw_L_head": [0.012102723121643066, 0.3835439682006836, 0.0009633302688598633], "struct_ft01_R_tail": [-0.011947914958000183, 0.002322755753993988, 0.00014685466885566711], "IK_control_ft_R_tail": [-0.007089987397193909, 0.12393999844789505, -0.011770002543926239], "IK_control_kn_R_tail": [-0.1141892820596695, -0.9338479042053223, 0.07880473136901855], "IK_control_fg06_L_tail": [0.17497992515563965, 0.0471000000834465, 0.1331700086593628], "struct_ft01_R_head": [-0.012829437851905823, 0.011685851961374283, -0.004138782620429993], "upperarm_twist_L_head": [-0.0207168310880661, 0.0065119825303554535, 0.0036238431930541992], "IK_control_fg02_L_head": [0.1492999792098999, 0.045729998499155045, 0.042459964752197266], "IK_control_fg02_R_tail": [-0.17497992515563965, 0.047099996358156204, 0.053169965744018555], "IK_control_usp_head": [-1.3387762010097504e-09, 0.16025197505950928, 0.011803030967712402], "IK_control_fg03_L_head": [0.1492999792098999, 0.045729998499155045, 0.002459883689880371], "IK_control_fg06_L_head": [0.1492999792098999, 0.04573000222444534, 0.1224600076675415], "IK_control_fg04_L_head": [0.1492999792098999, 0.04573000222444534, -0.03754007816314697], "IK_control_ebw_R_tail": [0.01903727650642395, 0.5267078876495361, 0.012383341789245605], "IK_control_hl_R_tail": [-0.01092374324798584, 0.09532292932271957, 0.0004001930356025696], "IK_control_fg01_L_tail": [0.17497998476028442, 0.047099996358156204, -0.10683006048202515], "IK_control_hl_L_head": [0.01682373881340027, 0.04383949562907219, -0.008045924827456474], "IK_control_lsp_head": [3.311369178859991e-09, 0.12201743572950363, 0.0028052926063537598], "upperarm_L_head": [-0.0207168310880661, 0.0065119825303554535, 0.0036238431930541992], "struct_ft02_R_tail": [-0.012829437851905823, 0.011685851961374283, -0.004138782620429993], "IK_control_fg06_R_head": [-0.1492999792098999, 0.04573000222444534, 0.1224600076675415], "IK_control_fg02_L_tail": [0.17497992515563965, 0.047099996358156204, 0.053169965744018555], "IK_control_fg04_R_head": [-0.1492999792098999, 0.04573000222444534, -0.03754007816314697], "IK_control_fg04_L_tail": [0.17497992515563965, 0.0471000000834465, -0.026830077171325684], "IK_control_kn_R_head": [-0.1217992752790451, -0.70029616355896, 0.036484718322753906], "IK_control_fg02_R_head": [-0.1492999792098999, 0.045729998499155045, 0.042459964752197266]}